"school","minrty","sx","ses","mAch","meanses","sector","cses","intercept","female"
"1224","No","Female",-1.528,5.876,-0.434382978723404,"Public",-1.0936170212766,1,0
"1224","No","Female",-0.588,19.708,-0.434382978723404,"Public",-0.153617021276596,1,0
"1224","No","Male",-0.528,20.349,-0.434382978723404,"Public",-0.0936170212765958,1,1
"1224","No","Male",-0.668,8.781,-0.434382978723404,"Public",-0.233617021276596,1,1
"1224","No","Male",-0.158,17.898,-0.434382978723404,"Public",0.276382978723404,1,1
"1224","No","Male",0.022,4.583,-0.434382978723404,"Public",0.456382978723404,1,1
"1224","No","Female",-0.618,-2.832,-0.434382978723404,"Public",-0.183617021276596,1,0
"1224","No","Male",-0.998,0.523,-0.434382978723404,"Public",-0.563617021276596,1,1
"1224","No","Female",-0.888,1.527,-0.434382978723404,"Public",-0.453617021276596,1,0
"1224","No","Male",-0.458,21.521,-0.434382978723404,"Public",-0.0236170212765958,1,1
"1224","No","Female",-1.448,9.475,-0.434382978723404,"Public",-1.0136170212766,1,0
"1224","No","Female",-0.658,16.057,-0.434382978723404,"Public",-0.223617021276596,1,0
"1224","No","Male",-0.468,21.178,-0.434382978723404,"Public",-0.0336170212765958,1,1
"1224","No","Female",-0.988,20.178,-0.434382978723404,"Public",-0.553617021276596,1,0
"1224","No","Male",0.332,20.349,-0.434382978723404,"Public",0.766382978723404,1,1
"1224","No","Female",-0.678,20.508,-0.434382978723404,"Public",-0.243617021276596,1,0
"1224","No","Male",-0.298,19.338,-0.434382978723404,"Public",0.136382978723404,1,1
"1224","Yes","Male",-1.528,4.145,-0.434382978723404,"Public",-1.0936170212766,1,1
"1224","No","Female",0.042,2.927,-0.434382978723404,"Public",0.476382978723404,1,0
"1224","No","Male",-0.078,16.405,-0.434382978723404,"Public",0.356382978723404,1,1
"1224","No","Female",0.062,13.653,-0.434382978723404,"Public",0.496382978723404,1,0
"1224","No","Female",-0.128,6.558,-0.434382978723404,"Public",0.306382978723404,1,0
"1224","No","Female",0.472,9.653,-0.434382978723404,"Public",0.906382978723404,1,0
"1224","No","Male",-0.468,3.154,-0.434382978723404,"Public",-0.0336170212765958,1,1
"1224","Yes","Female",-1.248,4.753,-0.434382978723404,"Public",-0.813617021276596,1,0
"1224","No","Male",-0.628,21.721,-0.434382978723404,"Public",-0.193617021276596,1,1
"1224","No","Female",0.832,5.166,-0.434382978723404,"Public",1.2663829787234,1,0
"1224","No","Female",-0.568,6.399,-0.434382978723404,"Public",-0.133617021276596,1,0
"1224","No","Female",-0.258,6.821,-0.434382978723404,"Public",0.176382978723404,1,0
"1224","No","Female",-0.138,9.255,-0.434382978723404,"Public",0.296382978723404,1,0
"1224","No","Female",-0.478,3.745,-0.434382978723404,"Public",-0.0436170212765957,1,0
"1224","No","Female",-0.948,0.858,-0.434382978723404,"Public",-0.513617021276596,1,0
"1224","No","Female",0.282,11.542,-0.434382978723404,"Public",0.716382978723404,1,0
"1224","No","Female",-0.118,13.255,-0.434382978723404,"Public",0.316382978723404,1,0
"1224","No","Male",-0.878,10.557,-0.434382978723404,"Public",-0.443617021276596,1,1
"1224","No","Male",-0.938,0.868,-0.434382978723404,"Public",-0.503617021276596,1,1
"1224","No","Male",-0.548,8.296,-0.434382978723404,"Public",-0.113617021276596,1,1
"1224","Yes","Male",0.142,-1.688,-0.434382978723404,"Public",0.576382978723404,1,1
"1224","No","Female",0.972,2.059,-0.434382978723404,"Public",1.4063829787234,1,0
"1224","No","Male",0.372,6.714,-0.434382978723404,"Public",0.806382978723404,1,1
"1224","Yes","Male",-1.658,0.122,-0.434382978723404,"Public",-1.2236170212766,1,1
"1224","No","Female",-1.068,2.381,-0.434382978723404,"Public",-0.633617021276596,1,0
"1224","No","Female",-0.248,16.336,-0.434382978723404,"Public",0.186382978723404,1,0
"1224","No","Female",-1.398,6.134,-0.434382978723404,"Public",-0.963617021276596,1,0
"1224","No","Female",0.752,23.584,-0.434382978723404,"Public",1.1863829787234,1,0
"1224","No","Female",0.012,14.053,-0.434382978723404,"Public",0.446382978723404,1,0
"1224","No","Female",-0.418,2.183,-0.434382978723404,"Public",0.0163829787234043,1,0
"1288","No","Female",-0.788,7.857,0.1216,"Public",-0.9096,1,0
"1288","Yes","Male",-0.328,10.171,0.1216,"Public",-0.4496,1,1
"1288","No","Male",0.472,15.699,0.1216,"Public",0.3504,1,1
"1288","No","Female",0.352,22.919,0.1216,"Public",0.2304,1,0
"1288","Yes","Female",-1.468,10.664,0.1216,"Public",-1.5896,1,0
"1288","No","Female",0.202,13.543,0.1216,"Public",0.0804,1,0
"1288","No","Male",-0.518,18.207,0.1216,"Public",-0.6396,1,1
"1288","Yes","Male",-0.158,5.552,0.1216,"Public",-0.2796,1,1
"1288","No","Male",0.042,7.416,0.1216,"Public",-0.0796,1,1
"1288","No","Male",0.682,18.792,0.1216,"Public",0.5604,1,1
"1288","No","Male",1.262,1.575,0.1216,"Public",1.1404,1,1
"1288","No","Female",0.152,3.534,0.1216,"Public",0.0304,1,0
"1288","No","Female",-0.678,20.173,0.1216,"Public",-0.7996,1,0
"1288","No","Female",0.332,10.772,0.1216,"Public",0.2104,1,0
"1288","No","Female",-0.728,2.619,0.1216,"Public",-0.8496,1,0
"1288","No","Female",1.262,21.3,0.1216,"Public",1.1404,1,0
"1288","No","Male",0.612,19.527,0.1216,"Public",0.4904,1,1
"1288","No","Female",0.692,18.402,0.1216,"Public",0.5704,1,0
"1288","No","Female",1.082,20.69,0.1216,"Public",0.9604,1,0
"1288","No","Male",0.222,21.437,0.1216,"Public",0.1004,1,1
"1288","No","Male",0.032,7.519,0.1216,"Public",-0.0896,1,1
"1288","No","Male",-0.118,18.397,0.1216,"Public",-0.2396,1,1
"1288","No","Male",-0.488,4.617,0.1216,"Public",-0.6096,1,1
"1288","No","Male",0.322,23.578,0.1216,"Public",0.2004,1,1
"1288","No","Male",0.592,12.81,0.1216,"Public",0.4704,1,1
"1296","Yes","Female",-0.148,12.668,-0.4255,"Public",0.2775,1,0
"1296","Yes","Male",-0.858,0.781,-0.4255,"Public",-0.4325,1,1
"1296","Yes","Female",-1.568,4.968,-0.4255,"Public",-1.1425,1,0
"1296","Yes","Male",-0.898,23.172,-0.4255,"Public",-0.4725,1,1
"1296","Yes","Female",-0.288,8.278,-0.4255,"Public",0.1375,1,0
"1296","Yes","Female",-1.088,6.244,-0.4255,"Public",-0.6625,1,0
"1296","Yes","Female",-1.388,1.326,-0.4255,"Public",-0.9625,1,0
"1296","Yes","Male",-1.148,2.359,-0.4255,"Public",-0.7225,1,1
"1296","Yes","Female",-0.558,6.757,-0.4255,"Public",-0.1325,1,0
"1296","Yes","Female",-0.698,6.251,-0.4255,"Public",-0.2725,1,0
"1296","Yes","Female",0.142,3.404,-0.4255,"Public",0.5675,1,0
"1296","Yes","Male",0.522,22.201,-0.4255,"Public",0.9475,1,1
"1296","Yes","Male",0.732,-1.353,-0.4255,"Public",1.1575,1,1
"1296","Yes","Female",-0.248,-0.014,-0.4255,"Public",0.1775,1,0
"1296","Yes","Female",0.322,5.216,-0.4255,"Public",0.7475,1,0
"1296","Yes","Female",0.052,3.587,-0.4255,"Public",0.4775,1,0
"1296","Yes","Female",-0.028,11.162,-0.4255,"Public",0.3975,1,0
"1296","Yes","Female",-0.898,5.982,-0.4255,"Public",-0.4725,1,0
"1296","Yes","Male",-0.818,2.814,-0.4255,"Public",-0.3925,1,1
"1296","Yes","Female",-1.408,7.272,-0.4255,"Public",-0.9825,1,0
"1296","Yes","Male",-1.258,8.895,-0.4255,"Public",-0.8325,1,1
"1296","Yes","Male",-0.608,8.773,-0.4255,"Public",-0.1825,1,1
"1296","Yes","Female",1.242,12.176,-0.4255,"Public",1.6675,1,0
"1296","No","Male",-0.688,3.052,-0.4255,"Public",-0.2625,1,1
"1296","Yes","Female",-0.828,6.834,-0.4255,"Public",-0.4025,1,0
"1296","Yes","Female",-0.698,3.255,-0.4255,"Public",-0.2725,1,0
"1296","Yes","Female",-0.498,6.355,-0.4255,"Public",-0.0725,1,0
"1296","Yes","Male",-0.658,11.589,-0.4255,"Public",-0.2325,1,1
"1296","Yes","Female",-0.778,8.08,-0.4255,"Public",-0.3525,1,0
"1296","Yes","Female",-0.098,19.822,-0.4255,"Public",0.3275,1,0
"1296","Yes","Female",-1.028,14.239,-0.4255,"Public",-0.6025,1,0
"1296","Yes","Female",-0.418,1.17,-0.4255,"Public",0.00750000000000001,1,0
"1296","Yes","Female",-0.408,-1.127,-0.4255,"Public",0.0175,1,0
"1296","Yes","Male",0.352,10.84,-0.4255,"Public",0.7775,1,1
"1296","Yes","Female",-1.628,6.778,-0.4255,"Public",-1.2025,1,0
"1296","Yes","Female",-0.698,9.449,-0.4255,"Public",-0.2725,1,0
"1296","Yes","Male",-0.168,5.995,-0.4255,"Public",0.2575,1,1
"1296","Yes","Female",-0.718,4.765,-0.4255,"Public",-0.2925,1,0
"1296","Yes","Female",-1.008,14.399,-0.4255,"Public",-0.5825,1,0
"1296","Yes","Male",-0.178,6.588,-0.4255,"Public",0.2475,1,1
"1296","Yes","Male",0.392,11.026,-0.4255,"Public",0.8175,1,1
"1296","Yes","Female",-0.358,7.095,-0.4255,"Public",0.0675,1,0
"1296","Yes","Male",-0.628,12.721,-0.4255,"Public",-0.2025,1,1
"1296","Yes","Male",-0.038,5.52,-0.4255,"Public",0.3875,1,1
"1296","Yes","Female",0.972,7.353,-0.4255,"Public",1.3975,1,0
"1296","Yes","Female",0.252,7.095,-0.4255,"Public",0.6775,1,0
"1296","Yes","Female",0.332,9.999,-0.4255,"Public",0.7575,1,0
"1296","Yes","Male",-0.308,10.715,-0.4255,"Public",0.1175,1,1
"1308","No","Male",0.422,13.233,0.528,"Catholic",-0.106,1,1
"1308","No","Male",0.562,13.952,0.528,"Catholic",0.034,1,1
"1308","Yes","Male",-0.058,13.757,0.528,"Catholic",-0.586,1,1
"1308","No","Male",0.952,13.97,0.528,"Catholic",0.424,1,1
"1308","No","Male",0.622,23.434,0.528,"Catholic",0.094,1,1
"1308","No","Male",0.832,9.162,0.528,"Catholic",0.304,1,1
"1308","No","Male",1.512,23.818,0.528,"Catholic",0.984,1,1
"1308","No","Male",0.622,15.998,0.528,"Catholic",0.094,1,1
"1308","Yes","Male",0.332,16.039,0.528,"Catholic",-0.196,1,1
"1308","No","Male",0.442,24.993,0.528,"Catholic",-0.086,1,1
"1308","Yes","Male",0.582,15.657,0.528,"Catholic",0.0539999999999999,1,1
"1308","No","Male",1.102,16.258,0.528,"Catholic",0.574,1,1
"1308","No","Male",0.892,10.546,0.528,"Catholic",0.364,1,1
"1308","Yes","Male",0.802,17.615,0.528,"Catholic",0.274,1,1
"1308","Yes","Male",-0.568,21.116,0.528,"Catholic",-1.096,1,1
"1308","Yes","Male",0.522,6.493,0.528,"Catholic",-0.006,1,1
"1308","Yes","Male",0.102,2.512,0.528,"Catholic",-0.426,1,1
"1308","Yes","Male",-0.348,22.393,0.528,"Catholic",-0.876,1,1
"1308","No","Male",0.552,21.488,0.528,"Catholic",0.024,1,1
"1308","No","Male",0.682,22.676,0.528,"Catholic",0.154,1,1
"1317","No","Female",0.882,12.862,0.345333333333333,"Catholic",0.536666666666667,1,0
"1317","Yes","Female",0.932,8.961,0.345333333333333,"Catholic",0.586666666666667,1,0
"1317","Yes","Female",-0.158,4.756,0.345333333333333,"Catholic",-0.503333333333333,1,0
"1317","Yes","Female",0.362,21.405,0.345333333333333,"Catholic",0.0166666666666667,1,0
"1317","No","Female",1.372,20.748,0.345333333333333,"Catholic",1.02666666666667,1,0
"1317","Yes","Female",0.132,18.362,0.345333333333333,"Catholic",-0.213333333333333,1,0
"1317","No","Female",0.132,14.752,0.345333333333333,"Catholic",-0.213333333333333,1,0
"1317","Yes","Female",-0.008,11.29,0.345333333333333,"Catholic",-0.353333333333333,1,0
"1317","Yes","Female",-0.108,10.493,0.345333333333333,"Catholic",-0.453333333333333,1,0
"1317","Yes","Female",0.612,10.956,0.345333333333333,"Catholic",0.266666666666667,1,0
"1317","Yes","Female",0.482,21.405,0.345333333333333,"Catholic",0.136666666666667,1,0
"1317","No","Female",0.502,23.355,0.345333333333333,"Catholic",0.156666666666667,1,0
"1317","Yes","Female",0.482,12.283,0.345333333333333,"Catholic",0.136666666666667,1,0
"1317","Yes","Female",0.472,9.257,0.345333333333333,"Catholic",0.126666666666667,1,0
"1317","No","Female",-0.578,11.502,0.345333333333333,"Catholic",-0.923333333333333,1,0
"1317","Yes","Female",1.152,20.039,0.345333333333333,"Catholic",0.806666666666667,1,0
"1317","Yes","Female",-0.288,21.405,0.345333333333333,"Catholic",-0.633333333333333,1,0
"1317","Yes","Female",0.942,23.736,0.345333333333333,"Catholic",0.596666666666667,1,0
"1317","Yes","Female",0.722,11.027,0.345333333333333,"Catholic",0.376666666666667,1,0
"1317","Yes","Female",-0.108,17.203,0.345333333333333,"Catholic",-0.453333333333333,1,0
"1317","Yes","Female",1.462,10.661,0.345333333333333,"Catholic",1.11666666666667,1,0
"1317","Yes","Female",-0.028,7.031,0.345333333333333,"Catholic",-0.373333333333333,1,0
"1317","No","Female",0.702,13.677,0.345333333333333,"Catholic",0.356666666666667,1,0
"1317","Yes","Female",0.082,13.373,0.345333333333333,"Catholic",-0.263333333333333,1,0
"1317","Yes","Female",-0.108,10.121,0.345333333333333,"Catholic",-0.453333333333333,1,0
"1317","Yes","Female",0.322,10.394,0.345333333333333,"Catholic",-0.0233333333333333,1,0
"1317","Yes","Female",0.302,6.973,0.345333333333333,"Catholic",-0.0433333333333333,1,0
"1317","No","Female",-0.098,11.064,0.345333333333333,"Catholic",-0.443333333333333,1,0
"1317","Yes","Female",-0.848,11.531,0.345333333333333,"Catholic",-1.19333333333333,1,0
"1317","Yes","Female",-1.248,8.253,0.345333333333333,"Catholic",-1.59333333333333,1,0
"1317","Yes","Female",0.122,7.142,0.345333333333333,"Catholic",-0.223333333333333,1,0
"1317","Yes","Female",0.272,3.22,0.345333333333333,"Catholic",-0.0733333333333333,1,0
"1317","No","Female",0.582,15.784,0.345333333333333,"Catholic",0.236666666666667,1,0
"1317","Yes","Female",0.642,17.246,0.345333333333333,"Catholic",0.296666666666667,1,0
"1317","Yes","Female",0.952,9.337,0.345333333333333,"Catholic",0.606666666666667,1,0
"1317","Yes","Female",-0.258,15.555,0.345333333333333,"Catholic",-0.603333333333333,1,0
"1317","Yes","Female",0.492,8.382,0.345333333333333,"Catholic",0.146666666666667,1,0
"1317","No","Female",0.992,11.621,0.345333333333333,"Catholic",0.646666666666667,1,0
"1317","Yes","Female",0.832,4.81,0.345333333333333,"Catholic",0.486666666666667,1,0
"1317","Yes","Female",-0.068,17.869,0.345333333333333,"Catholic",-0.413333333333333,1,0
"1317","Yes","Female",-0.088,8.057,0.345333333333333,"Catholic",-0.433333333333333,1,0
"1317","Yes","Female",0.972,11.794,0.345333333333333,"Catholic",0.626666666666667,1,0
"1317","No","Female",0.542,18.939,0.345333333333333,"Catholic",0.196666666666667,1,0
"1317","Yes","Female",0.132,20.261,0.345333333333333,"Catholic",-0.213333333333333,1,0
"1317","Yes","Female",-0.008,10.066,0.345333333333333,"Catholic",-0.353333333333333,1,0
"1317","No","Female",0.812,20.236,0.345333333333333,"Catholic",0.466666666666667,1,0
"1317","No","Female",1.122,4.508,0.345333333333333,"Catholic",0.776666666666667,1,0
"1317","No","Female",0.062,18.827,0.345333333333333,"Catholic",-0.283333333333333,1,0
"1358","Yes","Male",0.032,-1.347,-0.0196666666666667,"Public",0.0516666666666667,1,1
"1358","No","Female",-1.088,8.054,-0.0196666666666667,"Public",-1.06833333333333,1,0
"1358","No","Male",0.372,15.655,-0.0196666666666667,"Public",0.391666666666667,1,1
"1358","No","Male",-0.568,11.648,-0.0196666666666667,"Public",-0.548333333333333,1,1
"1358","No","Male",-0.328,11.629,-0.0196666666666667,"Public",-0.308333333333333,1,1
"1358","No","Female",-0.018,18.687,-0.0196666666666667,"Public",0.00166666666666667,1,0
"1358","Yes","Male",-1.208,-0.827,-0.0196666666666667,"Public",-1.18833333333333,1,1
"1358","No","Male",-0.098,7.87,-0.0196666666666667,"Public",-0.0783333333333333,1,1
"1358","No","Male",0.942,18.115,-0.0196666666666667,"Public",0.961666666666667,1,1
"1358","No","Female",-1.408,3.792,-0.0196666666666667,"Public",-1.38833333333333,1,0
"1358","No","Male",0.122,11.03,-0.0196666666666667,"Public",0.141666666666667,1,1
"1358","No","Female",0.362,7.564,-0.0196666666666667,"Public",0.381666666666667,1,0
"1358","Yes","Female",-0.708,3.465,-0.0196666666666667,"Public",-0.688333333333333,1,0
"1358","No","Male",0.252,15.038,-0.0196666666666667,"Public",0.271666666666667,1,1
"1358","No","Female",0.312,10.184,-0.0196666666666667,"Public",0.331666666666667,1,0
"1358","No","Female",-0.678,2.933,-0.0196666666666667,"Public",-0.658333333333333,1,0
"1358","No","Male",-0.148,8.438,-0.0196666666666667,"Public",-0.128333333333333,1,1
"1358","No","Female",-0.168,7.519,-0.0196666666666667,"Public",-0.148333333333333,1,0
"1358","No","Male",1.092,18.735,-0.0196666666666667,"Public",1.11166666666667,1,1
"1358","No","Female",0.232,10.19,-0.0196666666666667,"Public",0.251666666666667,1,0
"1358","No","Male",0.422,16.294,-0.0196666666666667,"Public",0.441666666666667,1,1
"1358","No","Male",1.282,10.65,-0.0196666666666667,"Public",1.30166666666667,1,1
"1358","No","Male",-0.248,10.301,-0.0196666666666667,"Public",-0.228333333333333,1,1
"1358","No","Male",0.952,17.811,-0.0196666666666667,"Public",0.971666666666667,1,1
"1358","No","Female",-0.038,14.646,-0.0196666666666667,"Public",-0.0183333333333333,1,0
"1358","No","Female",-0.398,17.191,-0.0196666666666667,"Public",-0.378333333333333,1,0
"1358","No","Male",0.162,8.69,-0.0196666666666667,"Public",0.181666666666667,1,1
"1358","No","Male",0.682,21.142,-0.0196666666666667,"Public",0.701666666666667,1,1
"1358","No","Male",-0.668,16.499,-0.0196666666666667,"Public",-0.648333333333333,1,1
"1358","No","Male",-0.038,14.591,-0.0196666666666667,"Public",-0.0183333333333333,1,1
"1374","No","Male",0.322,16.663,-0.0126428571428571,"Public",0.334642857142857,1,1
"1374","Yes","Female",0.212,-2.155,-0.0126428571428571,"Public",0.224642857142857,1,0
"1374","Yes","Female",0.682,0.085,-0.0126428571428571,"Public",0.694642857142857,1,0
"1374","No","Female",-0.148,18.804,-0.0126428571428571,"Public",-0.135357142857143,1,0
"1374","Yes","Female",-0.468,2.409,-0.0126428571428571,"Public",-0.455357142857143,1,0
"1374","No","Female",0.842,16.759,-0.0126428571428571,"Public",0.854642857142857,1,0
"1374","Yes","Male",0.072,18.948,-0.0126428571428571,"Public",0.0846428571428571,1,1
"1374","No","Female",0.332,10.593,-0.0126428571428571,"Public",0.344642857142857,1,0
"1374","No","Male",-0.858,15.557,-0.0126428571428571,"Public",-0.845357142857143,1,1
"1374","No","Male",0.902,23.419,-0.0126428571428571,"Public",0.914642857142857,1,1
"1374","Yes","Male",1.242,0.333,-0.0126428571428571,"Public",1.25464285714286,1,1
"1374","No","Male",-0.738,-2.002,-0.0126428571428571,"Public",-0.725357142857143,1,1
"1374","No","Male",0.362,24.041,-0.0126428571428571,"Public",0.374642857142857,1,1
"1374","Yes","Male",0.712,-2.657,-0.0126428571428571,"Public",0.724642857142857,1,1
"1374","No","Female",0.452,7.603,-0.0126428571428571,"Public",0.464642857142857,1,0
"1374","Yes","Male",-0.598,5.803,-0.0126428571428571,"Public",-0.585357142857143,1,1
"1374","Yes","Male",-1.028,3.931,-0.0126428571428571,"Public",-1.01535714285714,1,1
"1374","No","Male",-0.338,8.268,-0.0126428571428571,"Public",-0.325357142857143,1,1
"1374","No","Male",-0.948,1.344,-0.0126428571428571,"Public",-0.935357142857143,1,1
"1374","Yes","Male",0.292,16.449,-0.0126428571428571,"Public",0.304642857142857,1,1
"1374","No","Female",-1.218,2.881,-0.0126428571428571,"Public",-1.20535714285714,1,0
"1374","No","Female",0.492,20.93,-0.0126428571428571,"Public",0.504642857142857,1,0
"1374","No","Male",1.152,22.086,-0.0126428571428571,"Public",1.16464285714286,1,1
"1374","No","Female",-0.758,7.653,-0.0126428571428571,"Public",-0.745357142857143,1,0
"1374","No","Female",-0.298,8.082,-0.0126428571428571,"Public",-0.285357142857143,1,0
"1374","No","Female",-0.478,5.503,-0.0126428571428571,"Public",-0.465357142857143,1,0
"1374","No","Female",0.192,9.004,-0.0126428571428571,"Public",0.204642857142857,1,0
"1374","No","Male",-0.738,12.063,-0.0126428571428571,"Public",-0.725357142857143,1,1
"1433","No","Male",0.812,12.907,0.712,"Catholic",0.1,1,1
"1433","No","Male",1.332,18.496,0.712,"Catholic",0.62,1,1
"1433","No","Male",-0.338,20.323,0.712,"Catholic",-1.05,1,1
"1433","No","Male",1.082,22.682,0.712,"Catholic",0.37,1,1
"1433","No","Male",0.542,14.198,0.712,"Catholic",-0.17,1,1
"1433","No","Male",0.382,24.044,0.712,"Catholic",-0.33,1,1
"1433","No","Male",0.592,19.571,0.712,"Catholic",-0.12,1,1
"1433","No","Male",0.852,22.183,0.712,"Catholic",0.14,1,1
"1433","No","Male",-0.368,16.676,0.712,"Catholic",-1.08,1,1
"1433","No","Male",1.022,23.327,0.712,"Catholic",0.31,1,1
"1433","No","Male",0.712,16.394,0.712,"Catholic",-1.11022302462516e-16,1,1
"1433","No","Male",0.272,23.032,0.712,"Catholic",-0.44,1,1
"1433","No","Male",1.182,18.586,0.712,"Catholic",0.47,1,1
"1433","No","Male",-0.588,15.246,0.712,"Catholic",-1.3,1,1
"1433","No","Male",1.282,20.731,0.712,"Catholic",0.57,1,1
"1433","No","Male",0.942,20.447,0.712,"Catholic",0.23,1,1
"1433","No","Male",1.512,23.572,0.712,"Catholic",0.8,1,1
"1433","No","Male",0.222,17.571,0.712,"Catholic",-0.49,1,1
"1433","No","Male",0.992,24.993,0.712,"Catholic",0.28,1,1
"1433","No","Male",1.362,24.421,0.712,"Catholic",0.65,1,1
"1433","No","Male",0.482,11.478,0.712,"Catholic",-0.23,1,1
"1433","No","Male",1.292,24.812,0.712,"Catholic",0.58,1,1
"1433","No","Male",1.072,22.093,0.712,"Catholic",0.36,1,1
"1433","No","Male",0.562,18.716,0.712,"Catholic",-0.15,1,1
"1433","No","Male",-0.218,23.392,0.712,"Catholic",-0.93,1,1
"1433","No","Male",1.512,15.992,0.712,"Catholic",0.8,1,1
"1433","No","Male",0.772,13.254,0.712,"Catholic",0.0599999999999999,1,1
"1433","No","Male",0.952,24.812,0.712,"Catholic",0.24,1,1
"1433","No","Male",1.392,22.086,0.712,"Catholic",0.68,1,1
"1433","Yes","Male",1.002,24.479,0.712,"Catholic",0.29,1,1
"1433","No","Male",0.932,16.724,0.712,"Catholic",0.22,1,1
"1433","No","Male",-0.458,20.628,0.712,"Catholic",-1.17,1,1
"1433","No","Male",-0.198,14.544,0.712,"Catholic",-0.91,1,1
"1433","No","Male",0.952,19.033,0.712,"Catholic",0.24,1,1
"1433","No","Male",1.072,18.727,0.712,"Catholic",0.36,1,1
"1436","No","Male",0.222,24.133,0.562909090909091,"Catholic",-0.340909090909091,1,1
"1436","No","Male",-0.078,18.77,0.562909090909091,"Catholic",-0.640909090909091,1,1
"1436","No","Male",1.512,21.803,0.562909090909091,"Catholic",0.949090909090909,1,1
"1436","No","Male",0.212,9.561,0.562909090909091,"Catholic",-0.350909090909091,1,1
"1436","No","Female",0.792,15.132,0.562909090909091,"Catholic",0.229090909090909,1,0
"1436","No","Female",1.342,22.387,0.562909090909091,"Catholic",0.779090909090909,1,0
"1436","No","Male",0.242,22.578,0.562909090909091,"Catholic",-0.320909090909091,1,1
"1436","No","Male",-0.298,18.763,0.562909090909091,"Catholic",-0.860909090909091,1,1
"1436","No","Male",-1.038,18.301,0.562909090909091,"Catholic",-1.60090909090909,1,1
"1436","No","Male",0.682,15.879,0.562909090909091,"Catholic",0.119090909090909,1,1
"1436","No","Male",0.802,20.424,0.562909090909091,"Catholic",0.239090909090909,1,1
"1436","No","Male",0.952,23.072,0.562909090909091,"Catholic",0.389090909090909,1,1
"1436","No","Female",1.002,13.12,0.562909090909091,"Catholic",0.439090909090909,1,0
"1436","No","Male",1.142,18.844,0.562909090909091,"Catholic",0.579090909090909,1,1
"1436","No","Female",0.482,17.495,0.562909090909091,"Catholic",-0.0809090909090909,1,0
"1436","No","Female",1.512,15.615,0.562909090909091,"Catholic",0.949090909090909,1,0
"1436","No","Female",0.242,11.001,0.562909090909091,"Catholic",-0.320909090909091,1,0
"1436","No","Female",1.222,17.103,0.562909090909091,"Catholic",0.659090909090909,1,0
"1436","No","Female",-0.298,21.56,0.562909090909091,"Catholic",-0.860909090909091,1,0
"1436","No","Male",-0.338,19.419,0.562909090909091,"Catholic",-0.900909090909091,1,1
"1436","No","Female",1.042,18.471,0.562909090909091,"Catholic",0.479090909090909,1,0
"1436","No","Male",0.672,22.868,0.562909090909091,"Catholic",0.109090909090909,1,1
"1436","No","Male",0.732,14.138,0.562909090909091,"Catholic",0.169090909090909,1,1
"1436","No","Male",0.822,23.271,0.562909090909091,"Catholic",0.259090909090909,1,1
"1436","No","Male",0.362,13.472,0.562909090909091,"Catholic",-0.200909090909091,1,1
"1436","No","Male",-0.318,17.465,0.562909090909091,"Catholic",-0.880909090909091,1,1
"1436","No","Male",0.682,16.038,0.562909090909091,"Catholic",0.119090909090909,1,1
"1436","No","Male",0.712,22.455,0.562909090909091,"Catholic",0.149090909090909,1,1
"1436","No","Male",0.542,18.984,0.562909090909091,"Catholic",-0.0209090909090909,1,1
"1436","No","Male",0.252,12.535,0.562909090909091,"Catholic",-0.310909090909091,1,1
"1436","No","Female",0.482,16.568,0.562909090909091,"Catholic",-0.0809090909090909,1,0
"1436","No","Male",-0.028,22.592,0.562909090909091,"Catholic",-0.590909090909091,1,1
"1436","No","Male",0.252,16.886,0.562909090909091,"Catholic",-0.310909090909091,1,1
"1436","No","Male",0.702,22.985,0.562909090909091,"Catholic",0.139090909090909,1,1
"1436","No","Female",0.212,6.798,0.562909090909091,"Catholic",-0.350909090909091,1,0
"1436","No","Female",0.342,5.51,0.562909090909091,"Catholic",-0.220909090909091,1,0
"1436","No","Male",1.342,24.479,0.562909090909091,"Catholic",0.779090909090909,1,1
"1436","No","Female",1.512,18.827,0.562909090909091,"Catholic",0.949090909090909,1,0
"1436","No","Female",1.212,20.268,0.562909090909091,"Catholic",0.649090909090909,1,0
"1436","No","Male",1.122,24.993,0.562909090909091,"Catholic",0.559090909090909,1,1
"1436","No","Male",0.272,15.06,0.562909090909091,"Catholic",-0.290909090909091,1,1
"1436","No","Female",0.782,20.818,0.562909090909091,"Catholic",0.219090909090909,1,0
"1436","No","Male",-0.018,18.33,0.562909090909091,"Catholic",-0.580909090909091,1,1
"1436","No","Male",0.772,18.14,0.562909090909091,"Catholic",0.209090909090909,1,1
"1461","No","Female",0.042,12.962,0.677454545454546,"Public",-0.635454545454545,1,0
"1461","No","Female",1.282,24.545,0.677454545454546,"Public",0.604545454545454,1,0
"1461","No","Female",1.122,13.314,0.677454545454546,"Public",0.444545454545455,1,0
"1461","No","Female",1.172,16.929,0.677454545454546,"Public",0.494545454545454,1,0
"1461","No","Female",-1.108,3.796,0.677454545454546,"Public",-1.78545454545455,1,0
"1461","No","Female",0.822,14.581,0.677454545454546,"Public",0.144545454545454,1,0
"1461","No","Female",0.482,18.719,0.677454545454546,"Public",-0.195454545454546,1,0
"1461","No","Female",0.902,12.595,0.677454545454546,"Public",0.224545454545454,1,0
"1461","No","Female",1.022,17.326,0.677454545454546,"Public",0.344545454545454,1,0
"1461","No","Female",0.602,15.918,0.677454545454546,"Public",-0.0754545454545456,1,0
"1461","No","Male",1.272,23.088,0.677454545454546,"Public",0.594545454545454,1,1
"1461","No","Male",1.352,18.259,0.677454545454546,"Public",0.674545454545455,1,1
"1461","No","Male",1.422,23.517,0.677454545454546,"Public",0.744545454545454,1,1
"1461","No","Male",-0.108,14.157,0.677454545454546,"Public",-0.785454545454546,1,1
"1461","No","Male",-0.358,17.999,0.677454545454546,"Public",-1.03545454545455,1,1
"1461","No","Female",1.202,18.858,0.677454545454546,"Public",0.524545454545454,1,0
"1461","No","Male",-0.778,22.183,0.677454545454546,"Public",-1.45545454545455,1,1
"1461","No","Female",1.102,24.993,0.677454545454546,"Public",0.424545454545455,1,0
"1461","No","Female",1.012,20.928,0.677454545454546,"Public",0.334545454545454,1,0
"1461","No","Male",1.262,22.461,0.677454545454546,"Public",0.584545454545454,1,1
"1461","No","Male",1.392,18.322,0.677454545454546,"Public",0.714545454545454,1,1
"1461","No","Female",-0.258,2.895,0.677454545454546,"Public",-0.935454545454546,1,0
"1461","No","Male",0.932,21.007,0.677454545454546,"Public",0.254545454545455,1,1
"1461","No","Male",1.062,18.471,0.677454545454546,"Public",0.384545454545455,1,1
"1461","No","Male",1.212,24.48,0.677454545454546,"Public",0.534545454545454,1,1
"1461","No","Female",0.982,18.471,0.677454545454546,"Public",0.304545454545454,1,0
"1461","No","Female",0.462,18.831,0.677454545454546,"Public",-0.215454545454546,1,0
"1461","No","Female",0.532,18.114,0.677454545454546,"Public",-0.145454545454546,1,0
"1461","No","Male",1.062,22.685,0.677454545454546,"Public",0.384545454545455,1,1
"1461","No","Male",0.172,-0.338,0.677454545454546,"Public",-0.505454545454546,1,1
"1461","No","Female",0.492,21.09,0.677454545454546,"Public",-0.185454545454546,1,0
"1461","Yes","Male",-0.668,-2.832,0.677454545454546,"Public",-1.34545454545455,1,1
"1461","No","Female",1.262,17.483,0.677454545454546,"Public",0.584545454545454,1,0
"1462","Yes","Male",0.162,1.967,-0.66940350877193,"Catholic",0.83140350877193,1,1
"1462","Yes","Male",-0.758,7.718,-0.66940350877193,"Catholic",-0.0885964912280702,1,1
"1462","Yes","Male",-0.708,19.043,-0.66940350877193,"Catholic",-0.0385964912280702,1,1
"1462","Yes","Male",-0.818,20.133,-0.66940350877193,"Catholic",-0.14859649122807,1,1
"1462","Yes","Male",-1.918,22.289,-0.66940350877193,"Catholic",-1.24859649122807,1,1
"1462","Yes","Male",-0.948,14.277,-0.66940350877193,"Catholic",-0.27859649122807,1,1
"1462","Yes","Male",-0.798,10.189,-0.66940350877193,"Catholic",-0.12859649122807,1,1
"1462","Yes","Male",-1.458,9.607,-0.66940350877193,"Catholic",-0.78859649122807,1,1
"1462","Yes","Male",-0.158,6.125,-0.66940350877193,"Catholic",0.51140350877193,1,1
"1462","Yes","Male",-0.378,23.818,-0.66940350877193,"Catholic",0.29140350877193,1,1
"1462","Yes","Male",-1.068,6.34,-0.66940350877193,"Catholic",-0.39859649122807,1,1
"1462","Yes","Male",-0.808,9.437,-0.66940350877193,"Catholic",-0.13859649122807,1,1
"1462","Yes","Male",-1.648,8.168,-0.66940350877193,"Catholic",-0.97859649122807,1,1
"1462","Yes","Male",-0.288,4.31,-0.66940350877193,"Catholic",0.38140350877193,1,1
"1462","Yes","Male",-0.328,6.986,-0.66940350877193,"Catholic",0.34140350877193,1,1
"1462","Yes","Male",-0.498,21.452,-0.66940350877193,"Catholic",0.17140350877193,1,1
"1462","Yes","Male",-0.158,9.167,-0.66940350877193,"Catholic",0.51140350877193,1,1
"1462","Yes","Male",-0.728,9.625,-0.66940350877193,"Catholic",-0.0585964912280702,1,1
"1462","Yes","Male",-0.948,0.722,-0.66940350877193,"Catholic",-0.27859649122807,1,1
"1462","Yes","Male",-0.728,3.115,-0.66940350877193,"Catholic",-0.0585964912280702,1,1
"1462","Yes","Male",-1.508,23.066,-0.66940350877193,"Catholic",-0.83859649122807,1,1
"1462","Yes","Male",-0.088,4.518,-0.66940350877193,"Catholic",0.58140350877193,1,1
"1462","Yes","Male",-0.638,5.337,-0.66940350877193,"Catholic",0.0314035087719298,1,1
"1462","Yes","Male",-0.358,4.103,-0.66940350877193,"Catholic",0.31140350877193,1,1
"1462","Yes","Male",-0.658,15.794,-0.66940350877193,"Catholic",0.0114035087719297,1,1
"1462","Yes","Male",-0.958,1.975,-0.66940350877193,"Catholic",-0.28859649122807,1,1
"1462","Yes","Male",-1.208,2.693,-0.66940350877193,"Catholic",-0.53859649122807,1,1
"1462","Yes","Male",-0.378,13.809,-0.66940350877193,"Catholic",0.29140350877193,1,1
"1462","Yes","Male",-0.918,7.964,-0.66940350877193,"Catholic",-0.24859649122807,1,1
"1462","Yes","Male",0.222,2.142,-0.66940350877193,"Catholic",0.89140350877193,1,1
"1462","Yes","Male",0.312,6.035,-0.66940350877193,"Catholic",0.98140350877193,1,1
"1462","Yes","Male",-0.488,17.996,-0.66940350877193,"Catholic",0.18140350877193,1,1
"1462","No","Male",0.302,20.792,-0.66940350877193,"Catholic",0.97140350877193,1,1
"1462","Yes","Male",-0.868,9.909,-0.66940350877193,"Catholic",-0.19859649122807,1,1
"1462","Yes","Male",-0.708,5.189,-0.66940350877193,"Catholic",-0.0385964912280702,1,1
"1462","Yes","Male",-1.178,7.772,-0.66940350877193,"Catholic",-0.50859649122807,1,1
"1462","Yes","Male",-0.498,12.074,-0.66940350877193,"Catholic",0.17140350877193,1,1
"1462","Yes","Male",0.032,15.103,-0.66940350877193,"Catholic",0.70140350877193,1,1
"1462","Yes","Male",-1.318,11.252,-0.66940350877193,"Catholic",-0.64859649122807,1,1
"1462","Yes","Male",-1.948,1.283,-0.66940350877193,"Catholic",-1.27859649122807,1,1
"1462","Yes","Male",-0.738,16.975,-0.66940350877193,"Catholic",-0.0685964912280702,1,1
"1462","Yes","Male",-0.558,8.762,-0.66940350877193,"Catholic",0.11140350877193,1,1
"1462","Yes","Male",-0.518,6.789,-0.66940350877193,"Catholic",0.15140350877193,1,1
"1462","Yes","Male",-1.098,12.283,-0.66940350877193,"Catholic",-0.42859649122807,1,1
"1462","Yes","Male",-0.778,11.479,-0.66940350877193,"Catholic",-0.10859649122807,1,1
"1462","Yes","Male",-1.068,9.071,-0.66940350877193,"Catholic",-0.39859649122807,1,1
"1462","Yes","Male",-0.388,9.474,-0.66940350877193,"Catholic",0.28140350877193,1,1
"1462","Yes","Male",0.222,12.089,-0.66940350877193,"Catholic",0.89140350877193,1,1
"1462","Yes","Male",0.112,16.534,-0.66940350877193,"Catholic",0.78140350877193,1,1
"1462","Yes","Male",-0.528,6.331,-0.66940350877193,"Catholic",0.14140350877193,1,1
"1462","Yes","Male",-0.398,10.386,-0.66940350877193,"Catholic",0.27140350877193,1,1
"1462","Yes","Male",-0.358,8.163,-0.66940350877193,"Catholic",0.31140350877193,1,1
"1462","Yes","Male",-0.598,18.801,-0.66940350877193,"Catholic",0.0714035087719298,1,1
"1462","Yes","Male",-1.708,22.581,-0.66940350877193,"Catholic",-1.03859649122807,1,1
"1462","Yes","Male",-0.268,16.095,-0.66940350877193,"Catholic",0.40140350877193,1,1
"1462","Yes","Male",-2.058,5.321,-0.66940350877193,"Catholic",-1.38859649122807,1,1
"1462","Yes","Male",0.402,3.819,-0.66940350877193,"Catholic",1.07140350877193,1,1
"1477","No","Female",-0.178,14.15,0.15958064516129,"Catholic",-0.33758064516129,1,0
"1477","No","Male",-0.108,3.976,0.15958064516129,"Catholic",-0.26758064516129,1,1
"1477","No","Male",0.262,3.846,0.15958064516129,"Catholic",0.10241935483871,1,1
"1477","Yes","Male",-0.358,5.238,0.15958064516129,"Catholic",-0.51758064516129,1,1
"1477","No","Female",0.982,9.349,0.15958064516129,"Catholic",0.82241935483871,1,0
"1477","No","Female",0.462,23.765,0.15958064516129,"Catholic",0.30241935483871,1,0
"1477","No","Male",-0.208,22.84,0.15958064516129,"Catholic",-0.36758064516129,1,1
"1477","No","Male",0.812,1.606,0.15958064516129,"Catholic",0.65241935483871,1,1
"1477","No","Female",-0.388,19.269,0.15958064516129,"Catholic",-0.54758064516129,1,0
"1477","No","Male",0.282,17.191,0.15958064516129,"Catholic",0.12241935483871,1,1
"1477","No","Male",0.012,16.288,0.15958064516129,"Catholic",-0.14758064516129,1,1
"1477","No","Male",0.392,7.106,0.15958064516129,"Catholic",0.23241935483871,1,1
"1477","No","Male",-1.068,20.714,0.15958064516129,"Catholic",-1.22758064516129,1,1
"1477","No","Male",0.662,18.171,0.15958064516129,"Catholic",0.50241935483871,1,1
"1477","No","Female",0.002,21.951,0.15958064516129,"Catholic",-0.15758064516129,1,0
"1477","No","Male",-0.388,-2.832,0.15958064516129,"Catholic",-0.54758064516129,1,1
"1477","No","Male",1.222,20.246,0.15958064516129,"Catholic",1.06241935483871,1,1
"1477","Yes","Female",-0.368,21.75,0.15958064516129,"Catholic",-0.52758064516129,1,0
"1477","No","Female",-0.588,16.337,0.15958064516129,"Catholic",-0.74758064516129,1,0
"1477","No","Female",0.642,16.061,0.15958064516129,"Catholic",0.48241935483871,1,0
"1477","No","Female",0.892,11.724,0.15958064516129,"Catholic",0.73241935483871,1,0
"1477","No","Female",1.152,19.401,0.15958064516129,"Catholic",0.99241935483871,1,0
"1477","No","Female",-0.518,2.186,0.15958064516129,"Catholic",-0.67758064516129,1,0
"1477","No","Female",0.002,23.204,0.15958064516129,"Catholic",-0.15758064516129,1,0
"1477","No","Male",0.202,12.755,0.15958064516129,"Catholic",0.0424193548387097,1,1
"1477","No","Male",1.512,14.076,0.15958064516129,"Catholic",1.35241935483871,1,1
"1477","No","Male",-0.238,22.493,0.15958064516129,"Catholic",-0.39758064516129,1,1
"1477","No","Male",0.022,22.714,0.15958064516129,"Catholic",-0.13758064516129,1,1
"1477","No","Male",0.562,11.031,0.15958064516129,"Catholic",0.40241935483871,1,1
"1477","No","Female",-0.658,18.777,0.15958064516129,"Catholic",-0.81758064516129,1,0
"1477","No","Male",0.352,24.107,0.15958064516129,"Catholic",0.19241935483871,1,1
"1477","No","Female",0.702,23.004,0.15958064516129,"Catholic",0.54241935483871,1,0
"1477","Yes","Male",-0.588,8.136,0.15958064516129,"Catholic",-0.74758064516129,1,1
"1477","No","Female",0.152,10.714,0.15958064516129,"Catholic",-0.00758064516129034,1,0
"1477","No","Female",-0.218,12.59,0.15958064516129,"Catholic",-0.37758064516129,1,0
"1477","No","Male",0.932,14.732,0.15958064516129,"Catholic",0.77241935483871,1,1
"1477","No","Female",1.312,22.396,0.15958064516129,"Catholic",1.15241935483871,1,0
"1477","No","Male",0.352,16.304,0.15958064516129,"Catholic",0.19241935483871,1,1
"1477","No","Male",-0.748,16.19,0.15958064516129,"Catholic",-0.90758064516129,1,1
"1477","No","Female",0.652,7.275,0.15958064516129,"Catholic",0.49241935483871,1,0
"1477","No","Female",0.652,14.809,0.15958064516129,"Catholic",0.49241935483871,1,0
"1477","No","Male",0.042,-0.203,0.15958064516129,"Catholic",-0.11758064516129,1,1
"1477","No","Male",-0.808,17.967,0.15958064516129,"Catholic",-0.96758064516129,1,1
"1477","No","Male",1.342,24.247,0.15958064516129,"Catholic",1.18241935483871,1,1
"1477","No","Female",1.512,6.946,0.15958064516129,"Catholic",1.35241935483871,1,0
"1477","No","Male",0.492,17.791,0.15958064516129,"Catholic",0.33241935483871,1,1
"1477","No","Female",0.152,8.856,0.15958064516129,"Catholic",-0.00758064516129034,1,0
"1477","No","Male",-0.818,10.349,0.15958064516129,"Catholic",-0.97758064516129,1,1
"1477","No","Female",-0.918,9.44,0.15958064516129,"Catholic",-1.07758064516129,1,0
"1477","No","Female",1.072,4.999,0.15958064516129,"Catholic",0.91241935483871,1,0
"1477","No","Female",0.252,7.873,0.15958064516129,"Catholic",0.0924193548387097,1,0
"1477","No","Male",-0.548,17.007,0.15958064516129,"Catholic",-0.70758064516129,1,1
"1477","No","Male",0.072,16.262,0.15958064516129,"Catholic",-0.0875806451612903,1,1
"1477","No","Female",-1.408,0.466,0.15958064516129,"Catholic",-1.56758064516129,1,0
"1477","No","Male",0.052,18.887,0.15958064516129,"Catholic",-0.10758064516129,1,1
"1477","No","Male",-0.118,24.812,0.15958064516129,"Catholic",-0.27758064516129,1,1
"1477","No","Male",1.212,15.245,0.15958064516129,"Catholic",1.05241935483871,1,1
"1477","No","Female",-0.268,14.958,0.15958064516129,"Catholic",-0.42758064516129,1,0
"1477","No","Male",-0.248,12.508,0.15958064516129,"Catholic",-0.40758064516129,1,1
"1477","No","Male",0.632,21.853,0.15958064516129,"Catholic",0.47241935483871,1,1
"1477","No","Female",-0.158,20.844,0.15958064516129,"Catholic",-0.31758064516129,1,0
"1477","No","Female",-0.208,5.418,0.15958064516129,"Catholic",-0.36758064516129,1,0
"1499","No","Female",-0.678,5.608,-0.465924528301887,"Public",-0.212075471698113,1,0
"1499","No","Female",-0.158,18.352,-0.465924528301887,"Public",0.307924528301887,1,0
"1499","No","Female",-0.468,5.949,-0.465924528301887,"Public",-0.00207547169811323,1,0
"1499","Yes","Female",-0.148,-1.462,-0.465924528301887,"Public",0.317924528301887,1,0
"1499","Yes","Female",-0.928,4.087,-0.465924528301887,"Public",-0.462075471698113,1,0
"1499","No","Female",-0.218,10.258,-0.465924528301887,"Public",0.247924528301887,1,0
"1499","No","Male",0.662,21.791,-0.465924528301887,"Public",1.12792452830189,1,1
"1499","No","Male",-0.228,1.365,-0.465924528301887,"Public",0.237924528301887,1,1
"1499","No","Female",-0.368,1.73,-0.465924528301887,"Public",0.0979245283018868,1,0
"1499","Yes","Female",0.342,5.093,-0.465924528301887,"Public",0.807924528301887,1,0
"1499","No","Male",0.692,17.572,-0.465924528301887,"Public",1.15792452830189,1,1
"1499","Yes","Male",-0.898,11.211,-0.465924528301887,"Public",-0.432075471698113,1,1
"1499","Yes","Female",-0.578,6.018,-0.465924528301887,"Public",-0.112075471698113,1,0
"1499","No","Female",-1.178,6.394,-0.465924528301887,"Public",-0.712075471698113,1,0
"1499","Yes","Male",-1.608,14.681,-0.465924528301887,"Public",-1.14207547169811,1,1
"1499","Yes","Male",-1.048,11.868,-0.465924528301887,"Public",-0.582075471698113,1,1
"1499","Yes","Female",0.382,2.404,-0.465924528301887,"Public",0.847924528301887,1,0
"1499","No","Female",-0.958,2.042,-0.465924528301887,"Public",-0.492075471698113,1,0
"1499","Yes","Female",0.432,11.685,-0.465924528301887,"Public",0.897924528301887,1,0
"1499","Yes","Male",-1.808,-0.818,-0.465924528301887,"Public",-1.34207547169811,1,1
"1499","Yes","Female",-1.068,6.718,-0.465924528301887,"Public",-0.602075471698113,1,0
"1499","No","Female",-0.008,13.72,-0.465924528301887,"Public",0.457924528301887,1,0
"1499","No","Male",0.222,21.907,-0.465924528301887,"Public",0.687924528301887,1,1
"1499","No","Female",-0.498,-2.195,-0.465924528301887,"Public",-0.0320754716981132,1,0
"1499","No","Female",-0.258,8.519,-0.465924528301887,"Public",0.207924528301887,1,0
"1499","Yes","Female",-1.788,1.679,-0.465924528301887,"Public",-1.32207547169811,1,0
"1499","No","Female",-0.648,-1.744,-0.465924528301887,"Public",-0.182075471698113,1,0
"1499","No","Female",-0.178,6.795,-0.465924528301887,"Public",0.287924528301887,1,0
"1499","Yes","Female",-1.078,4.179,-0.465924528301887,"Public",-0.612075471698113,1,0
"1499","No","Male",-0.398,7.709,-0.465924528301887,"Public",0.0679245283018868,1,1
"1499","No","Female",0.832,5.35,-0.465924528301887,"Public",1.29792452830189,1,0
"1499","Yes","Female",-0.678,0.259,-0.465924528301887,"Public",-0.212075471698113,1,0
"1499","Yes","Male",-0.348,7.983,-0.465924528301887,"Public",0.117924528301887,1,1
"1499","No","Male",0.192,9.901,-0.465924528301887,"Public",0.657924528301887,1,1
"1499","Yes","Female",-1.468,2.497,-0.465924528301887,"Public",-1.00207547169811,1,0
"1499","No","Female",0.362,23.542,-0.465924528301887,"Public",0.827924528301887,1,0
"1499","Yes","Female",-0.328,13.571,-0.465924528301887,"Public",0.137924528301887,1,0
"1499","No","Female",-0.148,21.421,-0.465924528301887,"Public",0.317924528301887,1,0
"1499","No","Female",-0.938,3.676,-0.465924528301887,"Public",-0.472075471698113,1,0
"1499","Yes","Male",-0.018,4.856,-0.465924528301887,"Public",0.447924528301887,1,1
"1499","No","Female",0.842,14.056,-0.465924528301887,"Public",1.30792452830189,1,0
"1499","Yes","Male",-1.598,1.67,-0.465924528301887,"Public",-1.13207547169811,1,1
"1499","No","Male",-0.218,8.401,-0.465924528301887,"Public",0.247924528301887,1,1
"1499","Yes","Male",-1.068,10.964,-0.465924528301887,"Public",-0.602075471698113,1,1
"1499","No","Male",-0.628,11.955,-0.465924528301887,"Public",-0.162075471698113,1,1
"1499","Yes","Female",-1.068,1.647,-0.465924528301887,"Public",-0.602075471698113,1,0
"1499","No","Female",-1.118,4.267,-0.465924528301887,"Public",-0.652075471698113,1,0
"1499","No","Male",-0.228,5.376,-0.465924528301887,"Public",0.237924528301887,1,1
"1499","No","Male",0.282,6.672,-0.465924528301887,"Public",0.747924528301887,1,1
"1499","Yes","Female",-1.818,8.532,-0.465924528301887,"Public",-1.35207547169811,1,0
"1499","No","Female",0.542,5.681,-0.465924528301887,"Public",1.00792452830189,1,0
"1499","Yes","Male",-1.718,2.727,-0.465924528301887,"Public",-1.25207547169811,1,1
"1499","No","Male",0.102,7.88,-0.465924528301887,"Public",0.567924528301887,1,1
"1637","No","Male",-0.158,4.213,-0.705407407407407,"Public",0.547407407407407,1,1
"1637","Yes","Male",-0.658,10.524,-0.705407407407407,"Public",0.0474074074074073,1,1
"1637","No","Male",0.622,5.571,-0.705407407407407,"Public",1.32740740740741,1,1
"1637","Yes","Female",-1.748,4.062,-0.705407407407407,"Public",-1.04259259259259,1,0
"1637","No","Male",0.232,9.826,-0.705407407407407,"Public",0.937407407407407,1,1
"1637","Yes","Female",-0.368,-0.538,-0.705407407407407,"Public",0.337407407407407,1,0
"1637","Yes","Female",-0.388,7.032,-0.705407407407407,"Public",0.317407407407407,1,0
"1637","Yes","Male",-1.238,-1.437,-0.705407407407407,"Public",-0.532592592592593,1,1
"1637","No","Male",-0.968,3.77,-0.705407407407407,"Public",-0.262592592592593,1,1
"1637","Yes","Female",-0.498,6.689,-0.705407407407407,"Public",0.207407407407407,1,0
"1637","Yes","Female",-0.028,-2.832,-0.705407407407407,"Public",0.677407407407407,1,0
"1637","Yes","Male",-1.688,1.74,-0.705407407407407,"Public",-0.982592592592593,1,1
"1637","Yes","Female",-0.648,4.814,-0.705407407407407,"Public",0.0574074074074074,1,0
"1637","Yes","Female",-0.688,7.723,-0.705407407407407,"Public",0.0174074074074074,1,0
"1637","Yes","Female",-1.408,3.595,-0.705407407407407,"Public",-0.702592592592593,1,0
"1637","No","Male",0.742,24.993,-0.705407407407407,"Public",1.44740740740741,1,1
"1637","Yes","Male",-1.948,17.621,-0.705407407407407,"Public",-1.24259259259259,1,1
"1637","No","Female",-0.688,18.052,-0.705407407407407,"Public",0.0174074074074074,1,0
"1637","Yes","Female",-1.518,7.138,-0.705407407407407,"Public",-0.812592592592593,1,0
"1637","Yes","Female",-0.758,2.202,-0.705407407407407,"Public",-0.0525925925925926,1,0
"1637","No","Female",-1.278,6.065,-0.705407407407407,"Public",-0.572592592592593,1,0
"1637","Yes","Female",-1.548,11.613,-0.705407407407407,"Public",-0.842592592592593,1,0
"1637","Yes","Female",-0.708,-1.211,-0.705407407407407,"Public",-0.00259259259259259,1,0
"1637","Yes","Female",0.242,14.536,-0.705407407407407,"Public",0.947407407407407,1,0
"1637","Yes","Male",-1.748,-2.374,-0.705407407407407,"Public",-1.04259259259259,1,1
"1637","No","Female",0.362,20.394,-0.705407407407407,"Public",1.06740740740741,1,0
"1637","Yes","Male",-0.568,5.87,-0.705407407407407,"Public",0.137407407407407,1,1
"1906","Yes","Female",0.132,14.449,0.511622641509434,"Catholic",-0.379622641509434,1,0
"1906","No","Female",0.382,20.455,0.511622641509434,"Catholic",-0.129622641509434,1,0
"1906","No","Female",1.082,22.826,0.511622641509434,"Catholic",0.570377358490566,1,0
"1906","No","Female",-0.538,16.801,0.511622641509434,"Catholic",-1.04962264150943,1,0
"1906","Yes","Female",0.992,9.995,0.511622641509434,"Catholic",0.480377358490566,1,0
"1906","No","Female",-0.588,23.482,0.511622641509434,"Catholic",-1.09962264150943,1,0
"1906","No","Male",0.822,17.985,0.511622641509434,"Catholic",0.310377358490566,1,1
"1906","No","Male",0.702,14.63,0.511622641509434,"Catholic",0.190377358490566,1,1
"1906","No","Male",1.012,16.667,0.511622641509434,"Catholic",0.500377358490566,1,1
"1906","No","Male",0.602,14.171,0.511622641509434,"Catholic",0.090377358490566,1,1
"1906","No","Female",-0.298,20.115,0.511622641509434,"Catholic",-0.809622641509434,1,0
"1906","No","Female",-0.518,4.805,0.511622641509434,"Catholic",-1.02962264150943,1,0
"1906","No","Male",0.592,22.107,0.511622641509434,"Catholic",0.080377358490566,1,1
"1906","No","Female",0.382,21.122,0.511622641509434,"Catholic",-0.129622641509434,1,0
"1906","No","Female",0.152,10.484,0.511622641509434,"Catholic",-0.359622641509434,1,0
"1906","No","Female",-0.088,21.028,0.511622641509434,"Catholic",-0.599622641509434,1,0
"1906","No","Male",0.202,24.457,0.511622641509434,"Catholic",-0.309622641509434,1,1
"1906","No","Male",-0.278,0.901,0.511622641509434,"Catholic",-0.789622641509434,1,1
"1906","Yes","Male",-0.508,13.83,0.511622641509434,"Catholic",-1.01962264150943,1,1
"1906","No","Male",1.512,23.345,0.511622641509434,"Catholic",1.00037735849057,1,1
"1906","No","Male",1.122,22.222,0.511622641509434,"Catholic",0.610377358490566,1,1
"1906","No","Male",1.512,7.865,0.511622641509434,"Catholic",1.00037735849057,1,1
"1906","No","Female",-0.068,14.798,0.511622641509434,"Catholic",-0.579622641509434,1,0
"1906","No","Female",0.462,11.586,0.511622641509434,"Catholic",-0.0496226415094339,1,0
"1906","No","Female",0.362,7.297,0.511622641509434,"Catholic",-0.149622641509434,1,0
"1906","No","Male",1.082,21.556,0.511622641509434,"Catholic",0.570377358490566,1,1
"1906","No","Female",1.512,18.386,0.511622641509434,"Catholic",1.00037735849057,1,0
"1906","No","Male",0.802,23.062,0.511622641509434,"Catholic",0.290377358490566,1,1
"1906","No","Male",0.272,12.15,0.511622641509434,"Catholic",-0.239622641509434,1,1
"1906","No","Male",1.152,24.247,0.511622641509434,"Catholic",0.640377358490566,1,1
"1906","No","Female",1.122,18.531,0.511622641509434,"Catholic",0.610377358490566,1,0
"1906","No","Male",-0.138,4.94,0.511622641509434,"Catholic",-0.649622641509434,1,1
"1906","No","Female",0.292,7.663,0.511622641509434,"Catholic",-0.219622641509434,1,0
"1906","No","Male",0.272,16.426,0.511622641509434,"Catholic",-0.239622641509434,1,1
"1906","No","Female",-0.138,24.479,0.511622641509434,"Catholic",-0.649622641509434,1,0
"1906","No","Male",1.292,22.59,0.511622641509434,"Catholic",0.780377358490566,1,1
"1906","No","Male",1.422,18.189,0.511622641509434,"Catholic",0.910377358490566,1,1
"1906","No","Male",0.952,15.602,0.511622641509434,"Catholic",0.440377358490566,1,1
"1906","Yes","Male",0.002,11.04,0.511622641509434,"Catholic",-0.509622641509434,1,1
"1906","No","Female",0.532,12.916,0.511622641509434,"Catholic",0.0203773584905661,1,0
"1906","No","Female",1.512,6.992,0.511622641509434,"Catholic",1.00037735849057,1,0
"1906","No","Female",1.012,24.479,0.511622641509434,"Catholic",0.500377358490566,1,0
"1906","No","Male",-0.378,8.609,0.511622641509434,"Catholic",-0.889622641509434,1,1
"1906","No","Female",0.632,12.152,0.511622641509434,"Catholic",0.120377358490566,1,0
"1906","No","Female",0.892,21.572,0.511622641509434,"Catholic",0.380377358490566,1,0
"1906","No","Female",1.292,17.926,0.511622641509434,"Catholic",0.780377358490566,1,0
"1906","Yes","Male",0.282,-1.603,0.511622641509434,"Catholic",-0.229622641509434,1,1
"1906","No","Male",0.102,23.231,0.511622641509434,"Catholic",-0.409622641509434,1,1
"1906","No","Female",1.012,10.257,0.511622641509434,"Catholic",0.500377358490566,1,0
"1906","No","Female",-0.048,20.194,0.511622641509434,"Catholic",-0.559622641509434,1,0
"1906","No","Female",1.012,16.312,0.511622641509434,"Catholic",0.500377358490566,1,0
"1906","No","Male",0.412,17.127,0.511622641509434,"Catholic",-0.099622641509434,1,1
"1906","No","Male",-0.188,20.66,0.511622641509434,"Catholic",-0.699622641509434,1,1
"1909","No","Male",0.482,12.165,0.248071428571429,"Public",0.233928571428571,1,1
"1909","No","Female",0.272,18.478,0.248071428571429,"Public",0.0239285714285714,1,0
"1909","No","Female",-1.288,7.892,0.248071428571429,"Public",-1.53607142857143,1,0
"1909","No","Male",0.762,8.645,0.248071428571429,"Public",0.513928571428571,1,1
"1909","No","Female",0.642,17.342,0.248071428571429,"Public",0.393928571428571,1,0
"1909","No","Male",1.172,8.357,0.248071428571429,"Public",0.923928571428571,1,1
"1909","No","Female",0.182,13.907,0.248071428571429,"Public",-0.0660714285714286,1,0
"1909","No","Male",0.972,23.096,0.248071428571429,"Public",0.723928571428571,1,1
"1909","No","Male",-0.028,7.539,0.248071428571429,"Public",-0.276071428571429,1,1
"1909","No","Male",1.022,23.286,0.248071428571429,"Public",0.773928571428571,1,1
"1909","No","Female",0.892,14.593,0.248071428571429,"Public",0.643928571428571,1,0
"1909","No","Male",-0.018,22.053,0.248071428571429,"Public",-0.266071428571429,1,1
"1909","No","Male",-0.478,12.5,0.248071428571429,"Public",-0.726071428571429,1,1
"1909","No","Male",1.512,23.93,0.248071428571429,"Public",1.26392857142857,1,1
"1909","No","Female",-0.138,4.605,0.248071428571429,"Public",-0.386071428571429,1,0
"1909","No","Female",-0.718,15.322,0.248071428571429,"Public",-0.966071428571429,1,0
"1909","No","Male",-0.738,5.69,0.248071428571429,"Public",-0.986071428571429,1,1
"1909","No","Female",-0.148,18.638,0.248071428571429,"Public",-0.396071428571429,1,0
"1909","No","Female",0.892,17.06,0.248071428571429,"Public",0.643928571428571,1,0
"1909","No","Male",0.532,19.385,0.248071428571429,"Public",0.283928571428571,1,1
"1909","No","Male",-0.178,17.416,0.248071428571429,"Public",-0.426071428571429,1,1
"1909","No","Male",-0.118,20.664,0.248071428571429,"Public",-0.366071428571429,1,1
"1909","No","Female",0.312,22.585,0.248071428571429,"Public",0.0639285714285714,1,0
"1909","No","Male",-0.258,16,0.248071428571429,"Public",-0.506071428571429,1,1
"1909","No","Male",0.682,7.327,0.248071428571429,"Public",0.433928571428571,1,1
"1909","No","Male",0.332,12.279,0.248071428571429,"Public",0.0839285714285714,1,1
"1909","No","Male",1.362,8.132,0.248071428571429,"Public",1.11392857142857,1,1
"1909","No","Female",-0.968,4.967,0.248071428571429,"Public",-1.21607142857143,1,0
"1942","No","Female",0.802,16.387,0.682,"Public",0.12,1,0
"1942","No","Female",1.072,24.993,0.682,"Public",0.39,1,0
"1942","No","Female",0.702,21.084,0.682,"Public",0.02,1,0
"1942","Yes","Male",0.922,22.337,0.682,"Public",0.24,1,1
"1942","No","Male",1.372,12.398,0.682,"Public",0.69,1,1
"1942","No","Male",0.412,24.041,0.682,"Public",-0.27,1,1
"1942","No","Male",1.162,23.856,0.682,"Public",0.48,1,1
"1942","No","Male",-0.568,20.514,0.682,"Public",-1.25,1,1
"1942","No","Female",1.282,23.023,0.682,"Public",0.6,1,0
"1942","No","Female",0.052,11.015,0.682,"Public",-0.63,1,0
"1942","No","Male",0.552,15.63,0.682,"Public",-0.13,1,1
"1942","No","Female",1.052,23.613,0.682,"Public",0.37,1,0
"1942","No","Female",1.192,16.903,0.682,"Public",0.51,1,0
"1942","No","Male",0.312,13.926,0.682,"Public",-0.37,1,1
"1942","No","Male",1.152,17.344,0.682,"Public",0.47,1,1
"1942","No","Female",0.212,20.979,0.682,"Public",-0.47,1,0
"1942","No","Male",0.902,11.204,0.682,"Public",0.22,1,1
"1942","No","Male",1.032,22.116,0.682,"Public",0.35,1,1
"1942","No","Female",0.002,9.468,0.682,"Public",-0.68,1,0
"1942","No","Female",0.132,18.211,0.682,"Public",-0.55,1,0
"1942","No","Male",-0.298,22.681,0.682,"Public",-0.98,1,1
"1942","No","Female",0.442,21.991,0.682,"Public",-0.24,1,0
"1942","No","Female",0.642,14.13,0.682,"Public",-0.0399999999999999,1,0
"1942","No","Female",1.242,20.088,0.682,"Public",0.56,1,0
"1942","No","Male",1.192,24.479,0.682,"Public",0.51,1,1
"1942","No","Female",0.442,22.288,0.682,"Public",-0.24,1,0
"1942","No","Female",1.512,3.209,0.682,"Public",0.83,1,0
"1942","No","Female",0.532,14.702,0.682,"Public",-0.15,1,0
"1942","No","Male",0.322,12.606,0.682,"Public",-0.36,1,1
"1946","No","Male",1.002,24.993,0.00405128205128205,"Public",0.997948717948718,1,1
"1946","No","Female",-0.308,9.154,0.00405128205128205,"Public",-0.312051282051282,1,0
"1946","No","Male",1.312,19.017,0.00405128205128205,"Public",1.30794871794872,1,1
"1946","No","Male",0.882,21.062,0.00405128205128205,"Public",0.877948717948718,1,1
"1946","No","Male",0.012,18.04,0.00405128205128205,"Public",0.00794871794871795,1,1
"1946","Yes","Male",1.382,11.075,0.00405128205128205,"Public",1.37794871794872,1,1
"1946","No","Male",-0.278,7.84,0.00405128205128205,"Public",-0.282051282051282,1,1
"1946","No","Male",0.462,22.326,0.00405128205128205,"Public",0.457948717948718,1,1
"1946","No","Female",0.052,1.755,0.00405128205128205,"Public",0.0479487179487179,1,0
"1946","Yes","Female",-1.068,7.341,0.00405128205128205,"Public",-1.07205128205128,1,0
"1946","No","Female",0.762,23.834,0.00405128205128205,"Public",0.757948717948718,1,0
"1946","No","Male",0.462,4.784,0.00405128205128205,"Public",0.457948717948718,1,1
"1946","No","Male",0.102,8.755,0.00405128205128205,"Public",0.0979487179487179,1,1
"1946","No","Female",0.172,7.833,0.00405128205128205,"Public",0.167948717948718,1,0
"1946","No","Female",0.062,11.71,0.00405128205128205,"Public",0.057948717948718,1,0
"1946","No","Male",0.492,22.986,0.00405128205128205,"Public",0.487948717948718,1,1
"1946","No","Female",-0.758,16.863,0.00405128205128205,"Public",-0.762051282051282,1,0
"1946","No","Female",0.632,2.913,0.00405128205128205,"Public",0.627948717948718,1,0
"1946","Yes","Male",-1.058,21.883,0.00405128205128205,"Public",-1.06205128205128,1,1
"1946","No","Female",-0.648,6.358,0.00405128205128205,"Public",-0.652051282051282,1,0
"1946","No","Female",-0.118,7.938,0.00405128205128205,"Public",-0.122051282051282,1,0
"1946","No","Female",-1.378,7.937,0.00405128205128205,"Public",-1.38205128205128,1,0
"1946","No","Female",0.492,22.254,0.00405128205128205,"Public",0.487948717948718,1,0
"1946","No","Male",-1.248,8.375,0.00405128205128205,"Public",-1.25205128205128,1,1
"1946","Yes","Male",0.402,18.362,0.00405128205128205,"Public",0.397948717948718,1,1
"1946","No","Female",0.312,12.624,0.00405128205128205,"Public",0.307948717948718,1,0
"1946","No","Female",-0.588,14.393,0.00405128205128205,"Public",-0.592051282051282,1,0
"1946","No","Male",-0.008,19.117,0.00405128205128205,"Public",-0.0120512820512821,1,1
"1946","No","Male",0.012,22.354,0.00405128205128205,"Public",0.00794871794871795,1,1
"1946","No","Female",-0.458,17.672,0.00405128205128205,"Public",-0.462051282051282,1,0
"1946","No","Female",-1.398,3.605,0.00405128205128205,"Public",-1.40205128205128,1,0
"1946","No","Female",-0.128,7.778,0.00405128205128205,"Public",-0.132051282051282,1,0
"1946","No","Male",0.792,14.635,0.00405128205128205,"Public",0.787948717948718,1,1
"1946","No","Female",-0.248,10.79,0.00405128205128205,"Public",-0.252051282051282,1,0
"1946","No","Male",-0.158,6.149,0.00405128205128205,"Public",-0.162051282051282,1,1
"1946","No","Female",-0.138,4.468,0.00405128205128205,"Public",-0.142051282051282,1,0
"1946","No","Female",-0.318,3.209,0.00405128205128205,"Public",-0.322051282051282,1,0
"1946","No","Male",0.802,11.625,0.00405128205128205,"Public",0.797948717948718,1,1
"1946","No","Male",-0.138,19.622,0.00405128205128205,"Public",-0.142051282051282,1,1
"2030","Yes","Male",0.382,16.028,0.328382978723404,"Public",0.0536170212765958,1,1
"2030","No","Male",0.862,12.927,0.328382978723404,"Public",0.533617021276596,1,1
"2030","No","Female",0.072,9.733,0.328382978723404,"Public",-0.256382978723404,1,0
"2030","No","Female",0.782,20.932,0.328382978723404,"Public",0.453617021276596,1,0
"2030","No","Female",1.512,7.054,0.328382978723404,"Public",1.1836170212766,1,0
"2030","No","Male",1.022,4.461,0.328382978723404,"Public",0.693617021276596,1,1
"2030","No","Male",1.182,18.399,0.328382978723404,"Public",0.853617021276596,1,1
"2030","No","Male",1.202,15.332,0.328382978723404,"Public",0.873617021276596,1,1
"2030","No","Male",-0.218,11.536,0.328382978723404,"Public",-0.546382978723404,1,1
"2030","No","Male",0.402,15.893,0.328382978723404,"Public",0.0736170212765958,1,1
"2030","No","Male",-0.458,5.912,0.328382978723404,"Public",-0.786382978723404,1,1
"2030","No","Female",0.552,23.108,0.328382978723404,"Public",0.223617021276596,1,0
"2030","No","Male",0.932,5.129,0.328382978723404,"Public",0.603617021276596,1,1
"2030","No","Female",-0.828,9.32,0.328382978723404,"Public",-1.1563829787234,1,0
"2030","No","Male",-0.918,8.255,0.328382978723404,"Public",-1.2463829787234,1,1
"2030","No","Female",-0.118,4.756,0.328382978723404,"Public",-0.446382978723404,1,0
"2030","No","Female",0.972,9.184,0.328382978723404,"Public",0.643617021276596,1,0
"2030","No","Male",-0.878,6.21,0.328382978723404,"Public",-1.2063829787234,1,1
"2030","No","Male",0.472,14.699,0.328382978723404,"Public",0.143617021276596,1,1
"2030","No","Male",1.512,15.463,0.328382978723404,"Public",1.1836170212766,1,1
"2030","No","Female",-0.188,2.796,0.328382978723404,"Public",-0.516382978723404,1,0
"2030","No","Female",-0.538,15.564,0.328382978723404,"Public",-0.866382978723404,1,0
"2030","No","Male",-0.538,13.452,0.328382978723404,"Public",-0.866382978723404,1,1
"2030","No","Female",0.712,16.257,0.328382978723404,"Public",0.383617021276596,1,0
"2030","No","Male",0.172,19.887,0.328382978723404,"Public",-0.156382978723404,1,1
"2030","No","Female",-1.178,11.883,0.328382978723404,"Public",-1.5063829787234,1,0
"2030","Yes","Male",0.172,2.731,0.328382978723404,"Public",-0.156382978723404,1,1
"2030","No","Male",0.982,4.696,0.328382978723404,"Public",0.653617021276596,1,1
"2030","No","Female",1.142,1.227,0.328382978723404,"Public",0.813617021276596,1,0
"2030","No","Male",0.702,15.608,0.328382978723404,"Public",0.373617021276596,1,1
"2030","No","Male",1.072,24.297,0.328382978723404,"Public",0.743617021276596,1,1
"2030","No","Female",1.042,2.625,0.328382978723404,"Public",0.713617021276596,1,0
"2030","No","Male",0.282,22.167,0.328382978723404,"Public",-0.0463829787234042,1,1
"2030","No","Male",-0.648,10.916,0.328382978723404,"Public",-0.976382978723404,1,1
"2030","No","Male",-0.178,5.366,0.328382978723404,"Public",-0.506382978723404,1,1
"2030","No","Male",0.212,9.004,0.328382978723404,"Public",-0.116382978723404,1,1
"2030","No","Female",0.932,13.732,0.328382978723404,"Public",0.603617021276596,1,0
"2030","No","Female",0.502,19.118,0.328382978723404,"Public",0.173617021276596,1,0
"2030","No","Male",0.272,23.736,0.328382978723404,"Public",-0.0563829787234042,1,1
"2030","Yes","Female",-0.078,4.328,0.328382978723404,"Public",-0.406382978723404,1,0
"2030","No","Female",0.242,6.72,0.328382978723404,"Public",-0.0863829787234042,1,0
"2030","No","Female",0.112,12.692,0.328382978723404,"Public",-0.216382978723404,1,0
"2030","No","Male",-0.118,19.624,0.328382978723404,"Public",-0.446382978723404,1,1
"2030","No","Male",1.302,16.604,0.328382978723404,"Public",0.973617021276596,1,1
"2030","No","Female",0.212,16.569,0.328382978723404,"Public",-0.116382978723404,1,0
"2030","No","Female",0.352,11.47,0.328382978723404,"Public",0.0236170212765958,1,0
"2030","No","Male",0.042,10.275,0.328382978723404,"Public",-0.286382978723404,1,1
"2208","No","Male",0.702,20.633,0.423166666666667,"Catholic",0.278833333333333,1,1
"2208","No","Female",0.002,17.075,0.423166666666667,"Catholic",-0.421166666666667,1,0
"2208","No","Female",-0.318,5.958,0.423166666666667,"Catholic",-0.741166666666667,1,0
"2208","No","Male",1.022,12.663,0.423166666666667,"Catholic",0.598833333333333,1,1
"2208","No","Female",-0.268,13.684,0.423166666666667,"Catholic",-0.691166666666667,1,0
"2208","No","Female",-0.148,17.699,0.423166666666667,"Catholic",-0.571166666666667,1,0
"2208","No","Male",1.652,16.658,0.423166666666667,"Catholic",1.22883333333333,1,1
"2208","No","Male",1.202,23.449,0.423166666666667,"Catholic",0.778833333333333,1,1
"2208","No","Male",0.012,23.822,0.423166666666667,"Catholic",-0.411166666666667,1,1
"2208","No","Female",-0.478,7.847,0.423166666666667,"Catholic",-0.901166666666667,1,0
"2208","No","Female",1.392,18.46,0.423166666666667,"Catholic",0.968833333333333,1,0
"2208","No","Male",1.122,22.136,0.423166666666667,"Catholic",0.698833333333333,1,1
"2208","No","Male",0.842,21.007,0.423166666666667,"Catholic",0.418833333333333,1,1
"2208","No","Female",1.152,23.141,0.423166666666667,"Catholic",0.728833333333333,1,0
"2208","No","Female",0.202,7.237,0.423166666666667,"Catholic",-0.221166666666667,1,0
"2208","No","Female",0.662,22.057,0.423166666666667,"Catholic",0.238833333333333,1,0
"2208","No","Female",-0.298,4.206,0.423166666666667,"Catholic",-0.721166666666667,1,0
"2208","No","Male",0.772,17.56,0.423166666666667,"Catholic",0.348833333333333,1,1
"2208","No","Female",0.792,12.281,0.423166666666667,"Catholic",0.368833333333333,1,0
"2208","No","Female",1.392,17.706,0.423166666666667,"Catholic",0.968833333333333,1,0
"2208","No","Female",0.432,20.026,0.423166666666667,"Catholic",0.0088333333333333,1,0
"2208","No","Female",-0.108,21.744,0.423166666666667,"Catholic",-0.531166666666667,1,0
"2208","No","Male",0.982,17.163,0.423166666666667,"Catholic",0.558833333333333,1,1
"2208","No","Male",0.852,11.373,0.423166666666667,"Catholic",0.428833333333333,1,1
"2208","No","Male",-0.188,6.795,0.423166666666667,"Catholic",-0.611166666666667,1,1
"2208","No","Male",-0.598,23.159,0.423166666666667,"Catholic",-1.02116666666667,1,1
"2208","No","Female",0.562,14.315,0.423166666666667,"Catholic",0.138833333333333,1,0
"2208","No","Female",0.182,3.51,0.423166666666667,"Catholic",-0.241166666666667,1,0
"2208","No","Female",-0.118,10.983,0.423166666666667,"Catholic",-0.541166666666667,1,0
"2208","No","Male",0.632,13.021,0.423166666666667,"Catholic",0.208833333333333,1,1
"2208","No","Female",-0.438,7.956,0.423166666666667,"Catholic",-0.861166666666667,1,0
"2208","No","Male",0.202,8.782,0.423166666666667,"Catholic",-0.221166666666667,1,1
"2208","No","Female",1.002,7.155,0.423166666666667,"Catholic",0.578833333333333,1,0
"2208","No","Female",0.572,17.536,0.423166666666667,"Catholic",0.148833333333333,1,0
"2208","No","Female",0.182,4.786,0.423166666666667,"Catholic",-0.241166666666667,1,0
"2208","No","Female",0.482,14.15,0.423166666666667,"Catholic",0.0588333333333333,1,0
"2208","No","Female",-0.068,19.604,0.423166666666667,"Catholic",-0.491166666666667,1,0
"2208","No","Male",-0.348,16.841,0.423166666666667,"Catholic",-0.771166666666667,1,1
"2208","No","Female",-0.908,17.839,0.423166666666667,"Catholic",-1.33116666666667,1,0
"2208","No","Female",0.772,6.078,0.423166666666667,"Catholic",0.348833333333333,1,0
"2208","No","Male",0.702,11.21,0.423166666666667,"Catholic",0.278833333333333,1,1
"2208","No","Male",0.932,12.497,0.423166666666667,"Catholic",0.508833333333333,1,1
"2208","No","Female",0.932,23.529,0.423166666666667,"Catholic",0.508833333333333,1,0
"2208","No","Male",-0.468,18.196,0.423166666666667,"Catholic",-0.891166666666667,1,1
"2208","No","Female",-0.118,16.353,0.423166666666667,"Catholic",-0.541166666666667,1,0
"2208","No","Male",0.792,20.628,0.423166666666667,"Catholic",0.368833333333333,1,1
"2208","No","Male",0.202,24.707,0.423166666666667,"Catholic",-0.221166666666667,1,1
"2208","No","Female",0.212,21.009,0.423166666666667,"Catholic",-0.211166666666667,1,0
"2208","No","Male",0.142,21.89,0.423166666666667,"Catholic",-0.281166666666667,1,1
"2208","No","Male",0.112,22.16,0.423166666666667,"Catholic",-0.311166666666667,1,1
"2208","No","Male",-0.368,8.438,0.423166666666667,"Catholic",-0.791166666666667,1,1
"2208","No","Male",0.782,9.796,0.423166666666667,"Catholic",0.358833333333333,1,1
"2208","No","Male",1.182,23.955,0.423166666666667,"Catholic",0.758833333333333,1,1
"2208","No","Female",1.122,16.76,0.423166666666667,"Catholic",0.698833333333333,1,0
"2208","No","Female",1.202,16.302,0.423166666666667,"Catholic",0.778833333333333,1,0
"2208","No","Female",0.682,19.196,0.423166666666667,"Catholic",0.258833333333333,1,0
"2208","No","Female",0.802,11.457,0.423166666666667,"Catholic",0.378833333333333,1,0
"2208","No","Female",1.032,20.3,0.423166666666667,"Catholic",0.608833333333333,1,0
"2208","No","Female",0.242,14.845,0.423166666666667,"Catholic",-0.181166666666667,1,0
"2208","No","Female",-0.218,2.957,0.423166666666667,"Catholic",-0.641166666666667,1,0
"2277","Yes","Female",-0.718,3.472,-0.761934426229508,"Catholic",0.0439344262295083,1,0
"2277","Yes","Female",1.762,4.261,-0.761934426229508,"Catholic",2.52393442622951,1,0
"2277","Yes","Female",-1.258,6.328,-0.761934426229508,"Catholic",-0.496065573770492,1,0
"2277","Yes","Female",-0.678,10.308,-0.761934426229508,"Catholic",0.0839344262295082,1,0
"2277","Yes","Female",-0.708,4.097,-0.761934426229508,"Catholic",0.0539344262295083,1,0
"2277","No","Female",-0.598,10.24,-0.761934426229508,"Catholic",0.163934426229508,1,0
"2277","Yes","Female",-1.148,8.089,-0.761934426229508,"Catholic",-0.386065573770492,1,0
"2277","No","Female",-0.798,6.932,-0.761934426229508,"Catholic",-0.0360655737704918,1,0
"2277","Yes","Female",-1.378,20.906,-0.761934426229508,"Catholic",-0.616065573770492,1,0
"2277","Yes","Female",-0.398,3.522,-0.761934426229508,"Catholic",0.363934426229508,1,0
"2277","No","Female",-0.548,13.643,-0.761934426229508,"Catholic",0.213934426229508,1,0
"2277","Yes","Female",-0.948,12.865,-0.761934426229508,"Catholic",-0.186065573770492,1,0
"2277","Yes","Female",-0.138,8.642,-0.761934426229508,"Catholic",0.623934426229508,1,0
"2277","Yes","Female",-1.198,5.252,-0.761934426229508,"Catholic",-0.436065573770492,1,0
"2277","Yes","Female",-1.008,15.778,-0.761934426229508,"Catholic",-0.246065573770492,1,0
"2277","Yes","Female",-0.858,10.371,-0.761934426229508,"Catholic",-0.0960655737704917,1,0
"2277","Yes","Female",-0.468,3.235,-0.761934426229508,"Catholic",0.293934426229508,1,0
"2277","Yes","Female",-0.678,4.782,-0.761934426229508,"Catholic",0.0839344262295082,1,0
"2277","Yes","Female",-0.188,3.677,-0.761934426229508,"Catholic",0.573934426229508,1,0
"2277","No","Female",-0.218,18.532,-0.761934426229508,"Catholic",0.543934426229508,1,0
"2277","Yes","Female",0.502,1.938,-0.761934426229508,"Catholic",1.26393442622951,1,0
"2277","Yes","Female",-0.208,8.293,-0.761934426229508,"Catholic",0.553934426229508,1,0
"2277","Yes","Female",-0.768,12.412,-0.761934426229508,"Catholic",-0.00606557377049177,1,0
"2277","Yes","Female",-0.988,16.13,-0.761934426229508,"Catholic",-0.226065573770492,1,0
"2277","No","Female",-1.448,2.891,-0.761934426229508,"Catholic",-0.686065573770492,1,0
"2277","Yes","Female",-1.718,6.701,-0.761934426229508,"Catholic",-0.956065573770492,1,0
"2277","Yes","Female",0.052,12.075,-0.761934426229508,"Catholic",0.813934426229508,1,0
"2277","Yes","Female",-0.178,10.425,-0.761934426229508,"Catholic",0.583934426229508,1,0
"2277","Yes","Female",-1.308,12.573,-0.761934426229508,"Catholic",-0.546065573770492,1,0
"2277","Yes","Female",-1.648,9.146,-0.761934426229508,"Catholic",-0.886065573770492,1,0
"2277","Yes","Female",-1.058,4.559,-0.761934426229508,"Catholic",-0.296065573770492,1,0
"2277","No","Female",-1.158,2.38,-0.761934426229508,"Catholic",-0.396065573770492,1,0
"2277","Yes","Female",-0.778,8.309,-0.761934426229508,"Catholic",-0.0160655737704918,1,0
"2277","Yes","Female",0.582,6.061,-0.761934426229508,"Catholic",1.34393442622951,1,0
"2277","Yes","Female",-0.428,6.098,-0.761934426229508,"Catholic",0.333934426229508,1,0
"2277","Yes","Female",-1.458,16.248,-0.761934426229508,"Catholic",-0.696065573770492,1,0
"2277","Yes","Female",-1.178,2.462,-0.761934426229508,"Catholic",-0.416065573770492,1,0
"2277","Yes","Female",-1.498,4.069,-0.761934426229508,"Catholic",-0.736065573770492,1,0
"2277","Yes","Female",-1.278,15.922,-0.761934426229508,"Catholic",-0.516065573770492,1,0
"2277","No","Female",-0.398,18.118,-0.761934426229508,"Catholic",0.363934426229508,1,0
"2277","Yes","Female",0.562,13.484,-0.761934426229508,"Catholic",1.32393442622951,1,0
"2277","Yes","Female",-0.528,4.579,-0.761934426229508,"Catholic",0.233934426229508,1,0
"2277","Yes","Female",-1.438,14.009,-0.761934426229508,"Catholic",-0.676065573770492,1,0
"2277","No","Female",-0.898,-1.722,-0.761934426229508,"Catholic",-0.136065573770492,1,0
"2277","Yes","Female",0.122,4.322,-0.761934426229508,"Catholic",0.883934426229508,1,0
"2277","No","Female",-1.208,10.92,-0.761934426229508,"Catholic",-0.446065573770492,1,0
"2277","Yes","Female",-1.128,5.081,-0.761934426229508,"Catholic",-0.366065573770492,1,0
"2277","No","Female",0.442,5.449,-0.761934426229508,"Catholic",1.20393442622951,1,0
"2277","Yes","Female",-1.058,12.725,-0.761934426229508,"Catholic",-0.296065573770492,1,0
"2277","Yes","Female",-0.858,14.231,-0.761934426229508,"Catholic",-0.0960655737704917,1,0
"2277","Yes","Female",-1.078,8.338,-0.761934426229508,"Catholic",-0.316065573770492,1,0
"2277","Yes","Female",-1.028,18.592,-0.761934426229508,"Catholic",-0.266065573770492,1,0
"2277","No","Female",-1.328,14.476,-0.761934426229508,"Catholic",-0.566065573770492,1,0
"2277","Yes","Female",-0.298,11.975,-0.761934426229508,"Catholic",0.463934426229508,1,0
"2277","No","Female",-1.008,10.967,-0.761934426229508,"Catholic",-0.246065573770492,1,0
"2277","Yes","Female",-1.808,22.731,-0.761934426229508,"Catholic",-1.04606557377049,1,0
"2277","No","Female",-1.448,9.048,-0.761934426229508,"Catholic",-0.686065573770492,1,0
"2277","No","Female",-0.118,2.837,-0.761934426229508,"Catholic",0.643934426229508,1,0
"2277","Yes","Female",-1.138,21.723,-0.761934426229508,"Catholic",-0.376065573770492,1,0
"2277","Yes","Female",-1.388,5.467,-0.761934426229508,"Catholic",-0.626065573770492,1,0
"2277","Yes","Female",-1.318,6.18,-0.761934426229508,"Catholic",-0.556065573770492,1,0
"2305","Yes","Female",-0.738,16.405,-0.628,"Catholic",-0.11,1,0
"2305","Yes","Female",-1.178,12.823,-0.628,"Catholic",-0.55,1,0
"2305","Yes","Female",-0.308,15.256,-0.628,"Catholic",0.32,1,0
"2305","Yes","Female",-0.358,12.746,-0.628,"Catholic",0.27,1,0
"2305","Yes","Female",-1.518,10.246,-0.628,"Catholic",-0.89,1,0
"2305","Yes","Female",-0.518,8.94,-0.628,"Catholic",0.11,1,0
"2305","Yes","Female",-0.368,-1.005,-0.628,"Catholic",0.26,1,0
"2305","Yes","Female",-0.228,17.401,-0.628,"Catholic",0.4,1,0
"2305","Yes","Female",0.102,15.192,-0.628,"Catholic",0.73,1,0
"2305","Yes","Female",0.052,16.174,-0.628,"Catholic",0.68,1,0
"2305","Yes","Female",-0.148,12.433,-0.628,"Catholic",0.48,1,0
"2305","Yes","Female",-0.528,16.331,-0.628,"Catholic",0.1,1,0
"2305","Yes","Female",-0.648,6.51,-0.628,"Catholic",-0.02,1,0
"2305","Yes","Female",-0.598,4.082,-0.628,"Catholic",0.03,1,0
"2305","Yes","Female",-1.058,6.444,-0.628,"Catholic",-0.43,1,0
"2305","Yes","Female",-1.178,2.734,-0.628,"Catholic",-0.55,1,0
"2305","Yes","Female",-0.358,4.005,-0.628,"Catholic",0.27,1,0
"2305","Yes","Female",-1.208,14.364,-0.628,"Catholic",-0.58,1,0
"2305","No","Female",0.162,5.624,-0.628,"Catholic",0.79,1,0
"2305","Yes","Female",-1.548,11.896,-0.628,"Catholic",-0.92,1,0
"2305","Yes","Female",0.182,12.313,-0.628,"Catholic",0.81,1,0
"2305","No","Female",-1.178,10.839,-0.628,"Catholic",-0.55,1,0
"2305","Yes","Female",-1.698,12.199,-0.628,"Catholic",-1.07,1,0
"2305","Yes","Female",-0.148,15.062,-0.628,"Catholic",0.48,1,0
"2305","Yes","Female",-0.438,11.356,-0.628,"Catholic",0.19,1,0
"2305","Yes","Female",-0.388,6.292,-0.628,"Catholic",0.24,1,0
"2305","Yes","Female",-0.478,7.141,-0.628,"Catholic",0.15,1,0
"2305","Yes","Female",0.442,10.168,-0.628,"Catholic",1.07,1,0
"2305","Yes","Female",-0.598,10.567,-0.628,"Catholic",0.03,1,0
"2305","Yes","Female",-0.568,12.356,-0.628,"Catholic",0.06,1,0
"2305","Yes","Female",-0.058,5.074,-0.628,"Catholic",0.57,1,0
"2305","No","Female",-1.088,10.581,-0.628,"Catholic",-0.46,1,0
"2305","Yes","Female",-1.178,13.882,-0.628,"Catholic",-0.55,1,0
"2305","Yes","Female",-0.468,2.095,-0.628,"Catholic",0.16,1,0
"2305","Yes","Female",-0.568,15.898,-0.628,"Catholic",0.06,1,0
"2305","Yes","Female",-2.138,14.09,-0.628,"Catholic",-1.51,1,0
"2305","Yes","Female",-1.608,11.01,-0.628,"Catholic",-0.98,1,0
"2305","Yes","Female",-0.708,6.407,-0.628,"Catholic",-0.08,1,0
"2305","Yes","Female",-0.008,2.079,-0.628,"Catholic",0.62,1,0
"2305","Yes","Female",-0.858,13.632,-0.628,"Catholic",-0.23,1,0
"2305","Yes","Female",-0.838,15.303,-0.628,"Catholic",-0.21,1,0
"2305","Yes","Female",-0.438,10.264,-0.628,"Catholic",0.19,1,0
"2305","Yes","Female",-0.888,10.004,-0.628,"Catholic",-0.26,1,0
"2305","Yes","Female",-0.338,15.857,-0.628,"Catholic",0.29,1,0
"2305","Yes","Female",-1.288,18.534,-0.628,"Catholic",-0.66,1,0
"2305","Yes","Female",0.202,10.927,-0.628,"Catholic",0.83,1,0
"2305","Yes","Female",1.242,9.318,-0.628,"Catholic",1.87,1,0
"2305","Yes","Female",-0.778,9.917,-0.628,"Catholic",-0.15,1,0
"2305","Yes","Female",0.122,6.727,-0.628,"Catholic",0.75,1,0
"2305","Yes","Female",-1.458,14.901,-0.628,"Catholic",-0.83,1,0
"2305","Yes","Female",-1.928,13.344,-0.628,"Catholic",-1.3,1,0
"2305","Yes","Female",-1.128,16.557,-0.628,"Catholic",-0.5,1,0
"2305","Yes","Female",-0.588,14.038,-0.628,"Catholic",0.04,1,0
"2305","Yes","Female",-1.038,10.067,-0.628,"Catholic",-0.41,1,0
"2305","Yes","Female",-1.028,10.743,-0.628,"Catholic",-0.4,1,0
"2305","Yes","Female",-0.708,21.352,-0.628,"Catholic",-0.08,1,0
"2305","Yes","Female",-0.038,11.658,-0.628,"Catholic",0.59,1,0
"2305","Yes","Female",-1.378,17.251,-0.628,"Catholic",-0.75,1,0
"2305","Yes","Female",1.192,16.406,-0.628,"Catholic",1.82,1,0
"2305","Yes","Female",0.402,14.009,-0.628,"Catholic",1.03,1,0
"2305","Yes","Female",-1.158,7.594,-0.628,"Catholic",-0.53,1,0
"2305","Yes","Female",-0.938,-0.602,-0.628,"Catholic",-0.31,1,0
"2305","Yes","Female",-0.768,-0.928,-0.628,"Catholic",-0.14,1,0
"2305","Yes","Female",-0.348,14.558,-0.628,"Catholic",0.28,1,0
"2305","Yes","Female",-0.078,11.596,-0.628,"Catholic",0.55,1,0
"2305","Yes","Female",-1.098,15.085,-0.628,"Catholic",-0.47,1,0
"2305","Yes","Female",-1.268,20.108,-0.628,"Catholic",-0.64,1,0
"2336","No","Male",-0.228,24.404,0.441574468085106,"Public",-0.669574468085106,1,1
"2336","No","Male",1.132,23.744,0.441574468085106,"Public",0.690425531914894,1,1
"2336","No","Female",0.502,17.563,0.441574468085106,"Public",0.0604255319148936,1,0
"2336","No","Male",0.962,23.696,0.441574468085106,"Public",0.520425531914894,1,1
"2336","No","Male",0.942,24.344,0.441574468085106,"Public",0.500425531914894,1,1
"2336","No","Female",1.012,14.767,0.441574468085106,"Public",0.570425531914894,1,0
"2336","No","Male",0.602,18.836,0.441574468085106,"Public",0.160425531914894,1,1
"2336","No","Female",0.532,4.472,0.441574468085106,"Public",0.0904255319148936,1,0
"2336","No","Female",0.722,20.346,0.441574468085106,"Public",0.280425531914894,1,0
"2336","No","Male",1.282,6.92,0.441574468085106,"Public",0.840425531914894,1,1
"2336","No","Male",0.492,24.993,0.441574468085106,"Public",0.0504255319148936,1,1
"2336","No","Female",0.972,20.255,0.441574468085106,"Public",0.530425531914894,1,0
"2336","No","Male",0.522,13.082,0.441574468085106,"Public",0.0804255319148936,1,1
"2336","No","Female",0.912,21.774,0.441574468085106,"Public",0.470425531914894,1,0
"2336","No","Female",1.072,19.484,0.441574468085106,"Public",0.630425531914894,1,0
"2336","No","Male",0.412,8.572,0.441574468085106,"Public",-0.0295744680851064,1,1
"2336","No","Male",-0.798,21.206,0.441574468085106,"Public",-1.23957446808511,1,1
"2336","No","Male",1.072,21.218,0.441574468085106,"Public",0.630425531914894,1,1
"2336","No","Female",1.092,18.736,0.441574468085106,"Public",0.650425531914894,1,0
"2336","No","Male",0.292,9.294,0.441574468085106,"Public",-0.149574468085106,1,1
"2336","No","Male",0.922,4.807,0.441574468085106,"Public",0.480425531914894,1,1
"2336","No","Female",0.842,17.54,0.441574468085106,"Public",0.400425531914894,1,0
"2336","Yes","Female",0.452,13.669,0.441574468085106,"Public",0.0104255319148936,1,0
"2336","No","Female",0.082,20.389,0.441574468085106,"Public",-0.359574468085106,1,0
"2336","No","Male",0.912,23.188,0.441574468085106,"Public",0.470425531914894,1,1
"2336","No","Male",-0.218,13.853,0.441574468085106,"Public",-0.659574468085106,1,1
"2336","No","Male",0.352,21.435,0.441574468085106,"Public",-0.0895744680851064,1,1
"2336","No","Female",-0.918,11.351,0.441574468085106,"Public",-1.35957446808511,1,0
"2336","No","Female",-0.158,21.085,0.441574468085106,"Public",-0.599574468085106,1,0
"2336","No","Male",0.452,21.185,0.441574468085106,"Public",0.0104255319148936,1,1
"2336","No","Female",-0.258,10.038,0.441574468085106,"Public",-0.699574468085106,1,0
"2336","No","Female",1.392,17.242,0.441574468085106,"Public",0.950425531914894,1,0
"2336","No","Male",1.392,11.655,0.441574468085106,"Public",0.950425531914894,1,1
"2336","No","Male",0.422,15.076,0.441574468085106,"Public",-0.0195744680851064,1,1
"2336","No","Male",0.662,10.529,0.441574468085106,"Public",0.220425531914894,1,1
"2336","No","Female",-0.138,10.951,0.441574468085106,"Public",-0.579574468085106,1,0
"2336","No","Female",1.072,18.487,0.441574468085106,"Public",0.630425531914894,1,0
"2336","No","Male",0.922,14.499,0.441574468085106,"Public",0.480425531914894,1,1
"2336","No","Male",0.652,22.12,0.441574468085106,"Public",0.210425531914894,1,1
"2336","No","Female",-0.428,12.356,0.441574468085106,"Public",-0.869574468085106,1,0
"2336","No","Female",-0.858,11.23,0.441574468085106,"Public",-1.29957446808511,1,0
"2336","No","Female",0.072,6.902,0.441574468085106,"Public",-0.369574468085106,1,0
"2336","No","Male",-0.078,18.254,0.441574468085106,"Public",-0.519574468085106,1,1
"2336","No","Male",1.172,22.901,0.441574468085106,"Public",0.730425531914894,1,1
"2336","No","Female",-0.638,11.571,0.441574468085106,"Public",-1.07957446808511,1,0
"2336","No","Female",-0.098,24.993,0.441574468085106,"Public",-0.539574468085106,1,0
"2336","No","Male",-0.728,11.32,0.441574468085106,"Public",-1.16957446808511,1,1
"2458","No","Female",-0.048,21.403,0.22778947368421,"Catholic",-0.275789473684211,1,0
"2458","No","Female",1.302,14.005,0.22778947368421,"Catholic",1.07421052631579,1,0
"2458","No","Female",0.402,19.153,0.22778947368421,"Catholic",0.17421052631579,1,0
"2458","Yes","Female",-1.058,7.814,0.22778947368421,"Catholic",-1.28578947368421,1,0
"2458","Yes","Female",-0.178,9.829,0.22778947368421,"Catholic",-0.40578947368421,1,0
"2458","Yes","Female",0.232,22.631,0.22778947368421,"Catholic",0.0042105263157895,1,0
"2458","No","Female",0.312,23.044,0.22778947368421,"Catholic",0.0842105263157895,1,0
"2458","Yes","Female",0.852,22.743,0.22778947368421,"Catholic",0.62421052631579,1,0
"2458","Yes","Female",0.262,17.205,0.22778947368421,"Catholic",0.0342105263157895,1,0
"2458","Yes","Female",0.052,12.071,0.22778947368421,"Catholic",-0.175789473684211,1,0
"2458","Yes","Female",-0.468,19.161,0.22778947368421,"Catholic",-0.69578947368421,1,0
"2458","Yes","Female",-0.268,12.332,0.22778947368421,"Catholic",-0.495789473684211,1,0
"2458","No","Female",1.512,22.681,0.22778947368421,"Catholic",1.28421052631579,1,0
"2458","Yes","Female",0.182,4.928,0.22778947368421,"Catholic",-0.0457894736842105,1,0
"2458","Yes","Female",0.242,9.142,0.22778947368421,"Catholic",0.0142105263157895,1,0
"2458","No","Female",1.072,24.488,0.22778947368421,"Catholic",0.84421052631579,1,0
"2458","Yes","Female",1.172,13.666,0.22778947368421,"Catholic",0.944210526315789,1,0
"2458","No","Female",1.082,21.451,0.22778947368421,"Catholic",0.85421052631579,1,0
"2458","Yes","Female",-0.068,5.52,0.22778947368421,"Catholic",-0.29578947368421,1,0
"2458","Yes","Female",1.122,9.09,0.22778947368421,"Catholic",0.89421052631579,1,0
"2458","Yes","Female",-0.218,21.299,0.22778947368421,"Catholic",-0.44578947368421,1,0
"2458","Yes","Female",0.192,9.922,0.22778947368421,"Catholic",-0.0357894736842105,1,0
"2458","Yes","Female",0.062,17.666,0.22778947368421,"Catholic",-0.16578947368421,1,0
"2458","Yes","Female",0.322,13.095,0.22778947368421,"Catholic",0.0942105263157895,1,0
"2458","Yes","Female",-0.448,8.387,0.22778947368421,"Catholic",-0.67578947368421,1,0
"2458","Yes","Female",0.842,20.21,0.22778947368421,"Catholic",0.614210526315789,1,0
"2458","Yes","Female",-0.938,8.056,0.22778947368421,"Catholic",-1.16578947368421,1,0
"2458","Yes","Female",0.332,23.534,0.22778947368421,"Catholic",0.10421052631579,1,0
"2458","No","Female",1.342,15.496,0.22778947368421,"Catholic",1.11421052631579,1,0
"2458","Yes","Female",-0.958,5.215,0.22778947368421,"Catholic",-1.18578947368421,1,0
"2458","Yes","Female",-0.888,13.879,0.22778947368421,"Catholic",-1.11578947368421,1,0
"2458","No","Female",0.192,6.952,0.22778947368421,"Catholic",-0.0357894736842105,1,0
"2458","No","Female",0.872,11.466,0.22778947368421,"Catholic",0.64421052631579,1,0
"2458","No","Female",0.772,9.49,0.22778947368421,"Catholic",0.54421052631579,1,0
"2458","No","Female",0.422,22.466,0.22778947368421,"Catholic",0.194210526315789,1,0
"2458","Yes","Female",1.102,15.287,0.22778947368421,"Catholic",0.87421052631579,1,0
"2458","Yes","Female",-0.558,5.36,0.22778947368421,"Catholic",-0.785789473684211,1,0
"2458","Yes","Female",0.142,2.454,0.22778947368421,"Catholic",-0.0857894736842105,1,0
"2458","No","Female",0.502,20.689,0.22778947368421,"Catholic",0.274210526315789,1,0
"2458","No","Female",0.722,18.814,0.22778947368421,"Catholic",0.494210526315789,1,0
"2458","Yes","Female",0.012,16.793,0.22778947368421,"Catholic",-0.21578947368421,1,0
"2458","Yes","Female",0.022,10.621,0.22778947368421,"Catholic",-0.205789473684211,1,0
"2458","No","Female",0.052,10.138,0.22778947368421,"Catholic",-0.175789473684211,1,0
"2458","Yes","Female",-0.888,11.333,0.22778947368421,"Catholic",-1.11578947368421,1,0
"2458","No","Female",-0.828,10.352,0.22778947368421,"Catholic",-1.05578947368421,1,0
"2458","No","Female",0.382,19.322,0.22778947368421,"Catholic",0.15421052631579,1,0
"2458","Yes","Female",0.272,6.451,0.22778947368421,"Catholic",0.0442105263157895,1,0
"2458","Yes","Female",-0.728,16.445,0.22778947368421,"Catholic",-0.95578947368421,1,0
"2458","No","Female",1.092,13.071,0.22778947368421,"Catholic",0.86421052631579,1,0
"2458","Yes","Female",0.302,15.096,0.22778947368421,"Catholic",0.0742105263157895,1,0
"2458","No","Female",0.512,9.018,0.22778947368421,"Catholic",0.28421052631579,1,0
"2458","No","Female",0.462,10.278,0.22778947368421,"Catholic",0.23421052631579,1,0
"2458","Yes","Female",1.022,11.406,0.22778947368421,"Catholic",0.79421052631579,1,0
"2458","Yes","Female",-0.048,21.186,0.22778947368421,"Catholic",-0.275789473684211,1,0
"2458","No","Female",0.312,12.293,0.22778947368421,"Catholic",0.0842105263157895,1,0
"2458","Yes","Female",-0.918,11.96,0.22778947368421,"Catholic",-1.14578947368421,1,0
"2458","No","Female",0.432,9.327,0.22778947368421,"Catholic",0.204210526315789,1,0
"2467","No","Female",-1.388,7.278,-0.329730769230769,"Public",-1.05826923076923,1,0
"2467","No","Male",-0.848,10.811,-0.329730769230769,"Public",-0.518269230769231,1,1
"2467","No","Female",-0.308,10.838,-0.329730769230769,"Public",0.0217307692307693,1,0
"2467","No","Male",-0.358,15.614,-0.329730769230769,"Public",-0.0282692307692307,1,1
"2467","No","Female",-0.648,0.462,-0.329730769230769,"Public",-0.318269230769231,1,0
"2467","No","Female",0.382,23.126,-0.329730769230769,"Public",0.711730769230769,1,0
"2467","No","Female",-0.108,0.436,-0.329730769230769,"Public",0.221730769230769,1,0
"2467","No","Male",-0.458,20.276,-0.329730769230769,"Public",-0.128269230769231,1,1
"2467","No","Male",0.702,11.854,-0.329730769230769,"Public",1.03173076923077,1,1
"2467","No","Female",-0.428,11.796,-0.329730769230769,"Public",-0.0982692307692307,1,0
"2467","No","Female",-1.158,6.681,-0.329730769230769,"Public",-0.828269230769231,1,0
"2467","No","Female",-0.138,14.965,-0.329730769230769,"Public",0.191730769230769,1,0
"2467","No","Female",-0.598,19.048,-0.329730769230769,"Public",-0.268269230769231,1,0
"2467","No","Male",-0.018,-0.15,-0.329730769230769,"Public",0.311730769230769,1,1
"2467","No","Male",-0.298,5.794,-0.329730769230769,"Public",0.0317307692307693,1,1
"2467","No","Male",-0.808,7.854,-0.329730769230769,"Public",-0.478269230769231,1,1
"2467","No","Female",-0.278,13.718,-0.329730769230769,"Public",0.0517307692307692,1,0
"2467","No","Male",-1.018,5.509,-0.329730769230769,"Public",-0.688269230769231,1,1
"2467","No","Male",0.272,23.294,-0.329730769230769,"Public",0.601730769230769,1,1
"2467","No","Male",0.542,-2.422,-0.329730769230769,"Public",0.871730769230769,1,1
"2467","No","Male",-0.348,17.691,-0.329730769230769,"Public",-0.0182692307692307,1,1
"2467","No","Male",-0.678,3.031,-0.329730769230769,"Public",-0.348269230769231,1,1
"2467","No","Male",-0.748,9.067,-0.329730769230769,"Public",-0.418269230769231,1,1
"2467","No","Female",-0.218,17.59,-0.329730769230769,"Public",0.111730769230769,1,0
"2467","No","Female",0.532,16.866,-0.329730769230769,"Public",0.861730769230769,1,0
"2467","No","Female",-0.798,2.851,-0.329730769230769,"Public",-0.468269230769231,1,0
"2467","No","Male",0.402,7.268,-0.329730769230769,"Public",0.731730769230769,1,1
"2467","No","Male",-0.478,14.486,-0.329730769230769,"Public",-0.148269230769231,1,1
"2467","No","Female",-0.588,24.012,-0.329730769230769,"Public",-0.258269230769231,1,0
"2467","No","Male",-0.308,7.056,-0.329730769230769,"Public",0.0217307692307693,1,1
"2467","No","Female",-0.358,12.031,-0.329730769230769,"Public",-0.0282692307692307,1,0
"2467","No","Male",0.122,7.003,-0.329730769230769,"Public",0.451730769230769,1,1
"2467","No","Female",-0.658,7.262,-0.329730769230769,"Public",-0.328269230769231,1,0
"2467","No","Male",-0.658,14.525,-0.329730769230769,"Public",-0.328269230769231,1,1
"2467","No","Female",-0.598,4.076,-0.329730769230769,"Public",-0.268269230769231,1,0
"2467","No","Female",-0.908,5.191,-0.329730769230769,"Public",-0.578269230769231,1,0
"2467","No","Male",0.282,16.51,-0.329730769230769,"Public",0.611730769230769,1,1
"2467","No","Male",1.022,17.246,-0.329730769230769,"Public",1.35173076923077,1,1
"2467","No","Male",-1.068,3.678,-0.329730769230769,"Public",-0.738269230769231,1,1
"2467","No","Male",0.062,0.861,-0.329730769230769,"Public",0.391730769230769,1,1
"2467","No","Male",-1.368,-0.26,-0.329730769230769,"Public",-1.03826923076923,1,1
"2467","No","Male",-0.248,14.484,-0.329730769230769,"Public",0.0817307692307693,1,1
"2467","No","Female",-0.118,10.623,-0.329730769230769,"Public",0.211730769230769,1,0
"2467","No","Female",-0.158,2.669,-0.329730769230769,"Public",0.171730769230769,1,0
"2467","No","Male",-0.528,18.706,-0.329730769230769,"Public",-0.198269230769231,1,1
"2467","No","Female",-0.208,9.273,-0.329730769230769,"Public",0.121730769230769,1,0
"2467","No","Female",-0.308,19.114,-0.329730769230769,"Public",0.0217307692307693,1,0
"2467","No","Female",0.212,8.125,-0.329730769230769,"Public",0.541730769230769,1,0
"2467","No","Male",0.062,6.415,-0.329730769230769,"Public",0.391730769230769,1,1
"2467","No","Female",-0.678,13.456,-0.329730769230769,"Public",-0.348269230769231,1,0
"2467","No","Female",-0.618,4.667,-0.329730769230769,"Public",-0.288269230769231,1,0
"2467","No","Female",-0.238,5.316,-0.329730769230769,"Public",0.0917307692307693,1,0
"2526","No","Female",-0.528,19.112,0.326912280701754,"Catholic",-0.854912280701754,1,0
"2526","No","Female",0.522,16.9,0.326912280701754,"Catholic",0.195087719298246,1,0
"2526","No","Female",0.692,19.698,0.326912280701754,"Catholic",0.365087719298246,1,0
"2526","No","Female",0.412,17.776,0.326912280701754,"Catholic",0.0850877192982456,1,0
"2526","No","Female",0.852,20.733,0.326912280701754,"Catholic",0.525087719298246,1,0
"2526","No","Female",0.752,10.941,0.326912280701754,"Catholic",0.425087719298246,1,0
"2526","No","Female",1.222,18.86,0.326912280701754,"Catholic",0.895087719298246,1,0
"2526","No","Female",0.172,18.392,0.326912280701754,"Catholic",-0.154912280701754,1,0
"2526","No","Female",-0.668,12.087,0.326912280701754,"Catholic",-0.994912280701754,1,0
"2526","No","Female",-0.258,16.605,0.326912280701754,"Catholic",-0.584912280701754,1,0
"2526","No","Female",-0.028,12.09,0.326912280701754,"Catholic",-0.354912280701754,1,0
"2526","No","Female",1.122,24.993,0.326912280701754,"Catholic",0.795087719298246,1,0
"2526","No","Female",0.632,21.453,0.326912280701754,"Catholic",0.305087719298246,1,0
"2526","No","Female",-0.358,17.178,0.326912280701754,"Catholic",-0.684912280701754,1,0
"2526","No","Female",-0.118,19.963,0.326912280701754,"Catholic",-0.444912280701754,1,0
"2526","No","Female",0.142,16.036,0.326912280701754,"Catholic",-0.184912280701754,1,0
"2526","No","Female",1.122,18.227,0.326912280701754,"Catholic",0.795087719298246,1,0
"2526","No","Female",-0.588,22.412,0.326912280701754,"Catholic",-0.914912280701754,1,0
"2526","No","Female",0.842,17.262,0.326912280701754,"Catholic",0.515087719298246,1,0
"2526","No","Female",-0.188,12.712,0.326912280701754,"Catholic",-0.514912280701754,1,0
"2526","No","Female",0.232,22.841,0.326912280701754,"Catholic",-0.0949122807017544,1,0
"2526","No","Female",-0.168,22.437,0.326912280701754,"Catholic",-0.494912280701754,1,0
"2526","No","Female",1.512,17.212,0.326912280701754,"Catholic",1.18508771929825,1,0
"2526","No","Female",-0.298,11.594,0.326912280701754,"Catholic",-0.624912280701754,1,0
"2526","No","Female",0.812,17.008,0.326912280701754,"Catholic",0.485087719298246,1,0
"2526","No","Female",-0.008,13.369,0.326912280701754,"Catholic",-0.334912280701754,1,0
"2526","No","Female",0.032,19.47,0.326912280701754,"Catholic",-0.294912280701754,1,0
"2526","No","Female",1.212,17.064,0.326912280701754,"Catholic",0.885087719298246,1,0
"2526","No","Female",-0.348,21.537,0.326912280701754,"Catholic",-0.674912280701754,1,0
"2526","No","Female",0.212,11.453,0.326912280701754,"Catholic",-0.114912280701754,1,0
"2526","No","Female",1.292,12.838,0.326912280701754,"Catholic",0.965087719298246,1,0
"2526","No","Female",0.532,10.81,0.326912280701754,"Catholic",0.205087719298246,1,0
"2526","No","Female",0.262,16.602,0.326912280701754,"Catholic",-0.0649122807017544,1,0
"2526","No","Female",0.512,22.387,0.326912280701754,"Catholic",0.185087719298246,1,0
"2526","No","Female",0.202,9.628,0.326912280701754,"Catholic",-0.124912280701754,1,0
"2526","No","Female",0.552,14.569,0.326912280701754,"Catholic",0.225087719298246,1,0
"2526","No","Female",0.352,22.381,0.326912280701754,"Catholic",0.0250877192982456,1,0
"2526","No","Female",-0.258,17.491,0.326912280701754,"Catholic",-0.584912280701754,1,0
"2526","No","Female",-0.428,20.592,0.326912280701754,"Catholic",-0.754912280701754,1,0
"2526","No","Female",1.262,11.739,0.326912280701754,"Catholic",0.935087719298246,1,0
"2526","No","Female",-1.168,19.698,0.326912280701754,"Catholic",-1.49491228070175,1,0
"2526","No","Female",-0.408,15.184,0.326912280701754,"Catholic",-0.734912280701754,1,0
"2526","No","Female",0.472,18.236,0.326912280701754,"Catholic",0.145087719298246,1,0
"2526","No","Female",0.492,2.81,0.326912280701754,"Catholic",0.165087719298246,1,0
"2526","No","Female",1.152,23.59,0.326912280701754,"Catholic",0.825087719298246,1,0
"2526","No","Female",0.702,24.247,0.326912280701754,"Catholic",0.375087719298246,1,0
"2526","No","Female",0.842,22.039,0.326912280701754,"Catholic",0.515087719298246,1,0
"2526","No","Female",0.192,22.541,0.326912280701754,"Catholic",-0.134912280701754,1,0
"2526","No","Female",0.932,12.738,0.326912280701754,"Catholic",0.605087719298246,1,0
"2526","No","Female",0.422,18.77,0.326912280701754,"Catholic",0.0950877192982456,1,0
"2526","No","Female",0.762,9.843,0.326912280701754,"Catholic",0.435087719298246,1,0
"2526","No","Female",0.562,11.436,0.326912280701754,"Catholic",0.235087719298246,1,0
"2526","No","Female",0.802,12.841,0.326912280701754,"Catholic",0.475087719298246,1,0
"2526","No","Female",1.022,22.354,0.326912280701754,"Catholic",0.695087719298246,1,0
"2526","No","Female",-0.228,20.372,0.326912280701754,"Catholic",-0.554912280701754,1,0
"2526","No","Female",-0.708,7.359,0.326912280701754,"Catholic",-1.03491228070175,1,0
"2526","Yes","Female",-0.428,21.511,0.326912280701754,"Catholic",-0.754912280701754,1,0
"2626","No","Female",0.492,11.331,-0.0648421052631579,"Public",0.556842105263158,1,0
"2626","No","Male",0.552,18.24,-0.0648421052631579,"Public",0.616842105263158,1,1
"2626","No","Female",-0.948,6.624,-0.0648421052631579,"Public",-0.883157894736842,1,0
"2626","No","Female",-0.428,12.141,-0.0648421052631579,"Public",-0.363157894736842,1,0
"2626","No","Female",0.112,15.039,-0.0648421052631579,"Public",0.176842105263158,1,0
"2626","No","Male",-0.948,14.276,-0.0648421052631579,"Public",-0.883157894736842,1,1
"2626","No","Male",-0.028,24.993,-0.0648421052631579,"Public",0.0368421052631579,1,1
"2626","No","Female",0.822,21.004,-0.0648421052631579,"Public",0.886842105263158,1,0
"2626","No","Male",-0.128,7.775,-0.0648421052631579,"Public",-0.0631578947368421,1,1
"2626","No","Male",0.772,9.463,-0.0648421052631579,"Public",0.836842105263158,1,1
"2626","No","Female",0.062,10.274,-0.0648421052631579,"Public",0.126842105263158,1,0
"2626","No","Male",-1.548,17.489,-0.0648421052631579,"Public",-1.48315789473684,1,1
"2626","No","Female",-0.448,10.35,-0.0648421052631579,"Public",-0.383157894736842,1,0
"2626","No","Male",-0.168,23.7,-0.0648421052631579,"Public",-0.103157894736842,1,1
"2626","No","Female",-1.308,-2.544,-0.0648421052631579,"Public",-1.24315789473684,1,0
"2626","No","Female",-0.138,11.136,-0.0648421052631579,"Public",-0.0731578947368421,1,0
"2626","No","Female",0.312,9.414,-0.0648421052631579,"Public",0.376842105263158,1,0
"2626","No","Male",0.702,18.085,-0.0648421052631579,"Public",0.766842105263158,1,1
"2626","No","Male",-0.098,15.991,-0.0648421052631579,"Public",-0.0331578947368421,1,1
"2626","No","Male",0.122,10.53,-0.0648421052631579,"Public",0.186842105263158,1,1
"2626","No","Male",0.062,11.221,-0.0648421052631579,"Public",0.126842105263158,1,1
"2626","No","Male",0.892,24.812,-0.0648421052631579,"Public",0.956842105263158,1,1
"2626","No","Female",-0.118,13.897,-0.0648421052631579,"Public",-0.0531578947368421,1,0
"2626","No","Female",-0.688,2.57,-0.0648421052631579,"Public",-0.623157894736842,1,0
"2626","No","Male",-0.708,10.167,-0.0648421052631579,"Public",-0.643157894736842,1,1
"2626","No","Female",0.072,15.783,-0.0648421052631579,"Public",0.136842105263158,1,0
"2626","No","Female",0.012,15.397,-0.0648421052631579,"Public",0.0768421052631579,1,0
"2626","No","Female",-0.098,17.411,-0.0648421052631579,"Public",-0.0331578947368421,1,0
"2626","No","Male",0.062,6.759,-0.0648421052631579,"Public",0.126842105263158,1,1
"2626","No","Female",-0.258,17.917,-0.0648421052631579,"Public",-0.193157894736842,1,0
"2626","No","Female",0.402,6.745,-0.0648421052631579,"Public",0.466842105263158,1,0
"2626","No","Male",-0.248,15.246,-0.0648421052631579,"Public",-0.183157894736842,1,1
"2626","No","Female",0.482,7.693,-0.0648421052631579,"Public",0.546842105263158,1,0
"2626","No","Male",0.562,18.336,-0.0648421052631579,"Public",0.626842105263158,1,1
"2626","No","Male",-0.358,7.089,-0.0648421052631579,"Public",-0.293157894736842,1,1
"2626","No","Male",-0.428,8.64,-0.0648421052631579,"Public",-0.363157894736842,1,1
"2626","No","Male",0.062,21.656,-0.0648421052631579,"Public",0.126842105263158,1,1
"2626","No","Male",0.072,22.421,-0.0648421052631579,"Public",0.136842105263158,1,1
"2629","Yes","Male",0.622,18.301,-0.137649122807018,"Catholic",0.759649122807018,1,1
"2629","No","Male",0.422,16.488,-0.137649122807018,"Catholic",0.559649122807018,1,1
"2629","Yes","Male",0.942,11.437,-0.137649122807018,"Catholic",1.07964912280702,1,1
"2629","Yes","Male",-0.358,19.78,-0.137649122807018,"Catholic",-0.220350877192982,1,1
"2629","No","Male",0.132,19.628,-0.137649122807018,"Catholic",0.269649122807018,1,1
"2629","No","Male",-0.118,21.665,-0.137649122807018,"Catholic",0.0196491228070176,1,1
"2629","No","Male",-0.688,10.63,-0.137649122807018,"Catholic",-0.550350877192982,1,1
"2629","Yes","Male",-0.328,16.231,-0.137649122807018,"Catholic",-0.190350877192982,1,1
"2629","No","Male",-0.278,20.891,-0.137649122807018,"Catholic",-0.140350877192982,1,1
"2629","No","Male",0.602,2.882,-0.137649122807018,"Catholic",0.739649122807018,1,1
"2629","Yes","Male",-0.028,10.861,-0.137649122807018,"Catholic",0.109649122807018,1,1
"2629","No","Male",-0.768,14.691,-0.137649122807018,"Catholic",-0.630350877192982,1,1
"2629","No","Male",-0.418,12.327,-0.137649122807018,"Catholic",-0.280350877192982,1,1
"2629","No","Male",0.482,3.599,-0.137649122807018,"Catholic",0.619649122807018,1,1
"2629","Yes","Male",1.212,23.792,-0.137649122807018,"Catholic",1.34964912280702,1,1
"2629","No","Male",0.502,15.18,-0.137649122807018,"Catholic",0.639649122807018,1,1
"2629","Yes","Male",1.302,21.592,-0.137649122807018,"Catholic",1.43964912280702,1,1
"2629","No","Male",-0.148,19.242,-0.137649122807018,"Catholic",-0.0103508771929824,1,1
"2629","No","Male",-0.138,14.189,-0.137649122807018,"Catholic",-0.000350877192982463,1,1
"2629","Yes","Male",0.422,12.134,-0.137649122807018,"Catholic",0.559649122807018,1,1
"2629","No","Male",-0.708,13.097,-0.137649122807018,"Catholic",-0.570350877192982,1,1
"2629","No","Male",0.352,13.913,-0.137649122807018,"Catholic",0.489649122807018,1,1
"2629","No","Male",-0.148,11.437,-0.137649122807018,"Catholic",-0.0103508771929824,1,1
"2629","No","Male",-0.318,11.116,-0.137649122807018,"Catholic",-0.180350877192982,1,1
"2629","No","Male",-0.768,19.111,-0.137649122807018,"Catholic",-0.630350877192982,1,1
"2629","Yes","Male",0.302,9.026,-0.137649122807018,"Catholic",0.439649122807018,1,1
"2629","No","Male",0.862,11.476,-0.137649122807018,"Catholic",0.999649122807018,1,1
"2629","No","Male",0.422,19.188,-0.137649122807018,"Catholic",0.559649122807018,1,1
"2629","Yes","Male",0.122,22.354,-0.137649122807018,"Catholic",0.259649122807018,1,1
"2629","No","Male",0.892,4.099,-0.137649122807018,"Catholic",1.02964912280702,1,1
"2629","No","Male",-0.998,22.507,-0.137649122807018,"Catholic",-0.860350877192982,1,1
"2629","No","Male",-0.738,21.076,-0.137649122807018,"Catholic",-0.600350877192982,1,1
"2629","No","Male",0.212,9.696,-0.137649122807018,"Catholic",0.349649122807018,1,1
"2629","No","Male",-0.228,11.684,-0.137649122807018,"Catholic",-0.0903508771929825,1,1
"2629","No","Male",-1.448,5.547,-0.137649122807018,"Catholic",-1.31035087719298,1,1
"2629","No","Male",-0.828,16.089,-0.137649122807018,"Catholic",-0.690350877192982,1,1
"2629","No","Male",0.152,22.193,-0.137649122807018,"Catholic",0.289649122807018,1,1
"2629","No","Male",0.242,13.635,-0.137649122807018,"Catholic",0.379649122807018,1,1
"2629","Yes","Male",0.652,16.748,-0.137649122807018,"Catholic",0.789649122807018,1,1
"2629","No","Male",-1.268,14.209,-0.137649122807018,"Catholic",-1.13035087719298,1,1
"2629","No","Male",-1.138,19.688,-0.137649122807018,"Catholic",-1.00035087719298,1,1
"2629","No","Male",-0.078,18.323,-0.137649122807018,"Catholic",0.0596491228070175,1,1
"2629","No","Male",-0.468,11.32,-0.137649122807018,"Catholic",-0.330350877192983,1,1
"2629","Yes","Male",0.252,15.967,-0.137649122807018,"Catholic",0.389649122807018,1,1
"2629","No","Male",-0.298,17.776,-0.137649122807018,"Catholic",-0.160350877192982,1,1
"2629","No","Male",-0.988,7.213,-0.137649122807018,"Catholic",-0.850350877192982,1,1
"2629","No","Male",-0.978,15.864,-0.137649122807018,"Catholic",-0.840350877192982,1,1
"2629","No","Male",-0.688,16.306,-0.137649122807018,"Catholic",-0.550350877192982,1,1
"2629","No","Male",-1.018,6.611,-0.137649122807018,"Catholic",-0.880350877192982,1,1
"2629","No","Male",0.282,14.444,-0.137649122807018,"Catholic",0.419649122807017,1,1
"2629","No","Male",-0.708,14.218,-0.137649122807018,"Catholic",-0.570350877192982,1,1
"2629","No","Male",-0.048,10.781,-0.137649122807018,"Catholic",0.0896491228070175,1,1
"2629","No","Male",0.042,13.667,-0.137649122807018,"Catholic",0.179649122807018,1,1
"2629","No","Male",1.262,19.931,-0.137649122807018,"Catholic",1.39964912280702,1,1
"2629","No","Male",-1.888,13.217,-0.137649122807018,"Catholic",-1.75035087719298,1,1
"2629","No","Male",-0.598,17.705,-0.137649122807018,"Catholic",-0.460350877192982,1,1
"2629","No","Male",-0.918,22.971,-0.137649122807018,"Catholic",-0.780350877192982,1,1
"2639","Yes","Female",-0.658,10.647,-0.964428571428571,"Public",0.306428571428571,1,0
"2639","Yes","Female",-1.088,4.819,-0.964428571428571,"Public",-0.123571428571429,1,0
"2639","Yes","Female",-2.078,3.139,-0.964428571428571,"Public",-1.11357142857143,1,0
"2639","Yes","Female",-1.128,5.241,-0.964428571428571,"Public",-0.163571428571428,1,0
"2639","Yes","Male",-1.308,17.968,-0.964428571428571,"Public",-0.343571428571429,1,1
"2639","Yes","Male",0.172,1.02,-0.964428571428571,"Public",1.13642857142857,1,1
"2639","Yes","Female",-0.178,2.908,-0.964428571428571,"Public",0.786428571428571,1,0
"2639","Yes","Female",-1.178,2.006,-0.964428571428571,"Public",-0.213571428571429,1,0
"2639","Yes","Male",-0.128,3.757,-0.964428571428571,"Public",0.836428571428571,1,1
"2639","Yes","Male",-0.558,2.776,-0.964428571428571,"Public",0.406428571428571,1,1
"2639","Yes","Female",-1.348,16.579,-0.964428571428571,"Public",-0.383571428571429,1,0
"2639","Yes","Female",-1.318,5.147,-0.964428571428571,"Public",-0.353571428571429,1,0
"2639","Yes","Male",-1.218,23.056,-0.964428571428571,"Public",-0.253571428571429,1,1
"2639","Yes","Male",-0.478,2.212,-0.964428571428571,"Public",0.486428571428571,1,1
"2639","Yes","Male",-1.108,6.535,-0.964428571428571,"Public",-0.143571428571429,1,1
"2639","Yes","Female",-0.898,10.127,-0.964428571428571,"Public",0.0664285714285714,1,0
"2639","Yes","Female",-1.738,4.773,-0.964428571428571,"Public",-0.773571428571429,1,0
"2639","Yes","Male",-0.628,2.132,-0.964428571428571,"Public",0.336428571428571,1,1
"2639","Yes","Female",-1.368,10.793,-0.964428571428571,"Public",-0.403571428571429,1,0
"2639","Yes","Male",-0.368,8.065,-0.964428571428571,"Public",0.596428571428571,1,1
"2639","Yes","Male",-0.748,-1.482,-0.964428571428571,"Public",0.216428571428571,1,1
"2639","Yes","Female",0.302,6.597,-0.964428571428571,"Public",1.26642857142857,1,0
"2639","Yes","Male",-1.098,9.631,-0.964428571428571,"Public",-0.133571428571429,1,1
"2639","Yes","Female",-1.788,2.227,-0.964428571428571,"Public",-0.823571428571429,1,0
"2639","Yes","Female",0.102,4.676,-0.964428571428571,"Public",1.06642857142857,1,0
"2639","Yes","Female",-0.668,-0.831,-0.964428571428571,"Public",0.296428571428571,1,0
"2639","Yes","Female",-2.128,4.897,-0.964428571428571,"Public",-1.16357142857143,1,0
"2639","Yes","Female",-0.888,6.166,-0.964428571428571,"Public",0.0764285714285714,1,0
"2639","Yes","Female",-0.948,3.861,-0.964428571428571,"Public",0.0164285714285715,1,0
"2639","Yes","Male",-1.448,11.041,-0.964428571428571,"Public",-0.483571428571429,1,1
"2639","Yes","Female",-2.018,-1.892,-0.964428571428571,"Public",-1.05357142857143,1,0
"2639","Yes","Female",-1.128,2.699,-0.964428571428571,"Public",-0.163571428571428,1,0
"2639","Yes","Male",-1.788,13.295,-0.964428571428571,"Public",-0.823571428571429,1,1
"2639","Yes","Male",-1.088,-0.763,-0.964428571428571,"Public",-0.123571428571429,1,1
"2639","Yes","Female",-0.538,13.807,-0.964428571428571,"Public",0.426428571428571,1,0
"2639","Yes","Male",-1.138,3.089,-0.964428571428571,"Public",-0.173571428571428,1,1
"2639","Yes","Male",-0.138,20.618,-0.964428571428571,"Public",0.826428571428571,1,1
"2639","Yes","Male",-1.458,8.978,-0.964428571428571,"Public",-0.493571428571429,1,1
"2639","Yes","Female",-1.518,6.208,-0.964428571428571,"Public",-0.553571428571429,1,0
"2639","Yes","Female",-1.228,11.076,-0.964428571428571,"Public",-0.263571428571429,1,0
"2639","Yes","Female",-0.058,0.42,-0.964428571428571,"Public",0.906428571428571,1,0
"2639","Yes","Male",-0.498,9.832,-0.964428571428571,"Public",0.466428571428571,1,1
"2651","No","Male",-0.448,9.962,0.0630526315789474,"Public",-0.511052631578947,1,1
"2651","No","Male",-1.088,8.016,0.0630526315789474,"Public",-1.15105263157895,1,1
"2651","No","Female",0.542,12.146,0.0630526315789474,"Public",0.478947368421053,1,0
"2651","No","Female",0.532,20.648,0.0630526315789474,"Public",0.468947368421053,1,0
"2651","No","Female",-0.808,9.011,0.0630526315789474,"Public",-0.871052631578947,1,0
"2651","No","Female",-0.008,12.2,0.0630526315789474,"Public",-0.0710526315789474,1,0
"2651","No","Male",-0.278,16.845,0.0630526315789474,"Public",-0.341052631578947,1,1
"2651","No","Female",0.592,15.189,0.0630526315789474,"Public",0.528947368421053,1,0
"2651","No","Male",0.262,5.889,0.0630526315789474,"Public",0.198947368421053,1,1
"2651","No","Male",0.612,7.195,0.0630526315789474,"Public",0.548947368421053,1,1
"2651","No","Female",-0.188,4.706,0.0630526315789474,"Public",-0.251052631578947,1,0
"2651","No","Male",0.072,12.156,0.0630526315789474,"Public",0.00894736842105263,1,1
"2651","No","Female",0.152,11.076,0.0630526315789474,"Public",0.0889473684210526,1,0
"2651","No","Male",-0.118,3.992,0.0630526315789474,"Public",-0.181052631578947,1,1
"2651","No","Male",0.882,17.492,0.0630526315789474,"Public",0.818947368421053,1,1
"2651","No","Male",1.422,22.492,0.0630526315789474,"Public",1.35894736842105,1,1
"2651","No","Female",0.062,2.255,0.0630526315789474,"Public",-0.00105263157894736,1,0
"2651","No","Male",0.252,6.873,0.0630526315789474,"Public",0.188947368421053,1,1
"2651","No","Male",0.042,8.364,0.0630526315789474,"Public",-0.0210526315789474,1,1
"2651","No","Female",0.032,22.245,0.0630526315789474,"Public",-0.0310526315789474,1,0
"2651","No","Male",-0.908,16.992,0.0630526315789474,"Public",-0.971052631578947,1,1
"2651","No","Male",0.012,23.992,0.0630526315789474,"Public",-0.0510526315789474,1,1
"2651","No","Female",-0.888,8.1,0.0630526315789474,"Public",-0.951052631578947,1,0
"2651","No","Male",-0.398,14.937,0.0630526315789474,"Public",-0.461052631578947,1,1
"2651","No","Male",0.142,10.816,0.0630526315789474,"Public",0.0789473684210526,1,1
"2651","No","Female",-0.528,-1.923,0.0630526315789474,"Public",-0.591052631578947,1,0
"2651","No","Female",0.162,13.972,0.0630526315789474,"Public",0.0989473684210526,1,0
"2651","No","Male",0.612,18.038,0.0630526315789474,"Public",0.548947368421053,1,1
"2651","No","Male",0.952,21.981,0.0630526315789474,"Public",0.888947368421053,1,1
"2651","No","Female",0.522,12.432,0.0630526315789474,"Public",0.458947368421053,1,0
"2651","No","Male",0.802,13.055,0.0630526315789474,"Public",0.738947368421053,1,1
"2651","No","Female",-0.338,-0.687,0.0630526315789474,"Public",-0.401052631578947,1,0
"2651","No","Female",-1.768,4.97,0.0630526315789474,"Public",-1.83105263157895,1,0
"2651","No","Female",-0.008,2.983,0.0630526315789474,"Public",-0.0710526315789474,1,0
"2651","No","Male",0.552,8.997,0.0630526315789474,"Public",0.488947368421053,1,1
"2651","No","Male",0.782,20.663,0.0630526315789474,"Public",0.718947368421053,1,1
"2651","Yes","Female",0.542,5.678,0.0630526315789474,"Public",0.478947368421053,1,0
"2651","Yes","Male",-0.368,-2.544,0.0630526315789474,"Public",-0.431052631578947,1,1
"2655","Yes","Male",-1.038,15.129,-0.701653846153846,"Public",-0.336346153846154,1,1
"2655","Yes","Female",0.032,7.248,-0.701653846153846,"Public",0.733653846153846,1,0
"2655","Yes","Female",-1.498,7.582,-0.701653846153846,"Public",-0.796346153846154,1,0
"2655","Yes","Female",-1.178,10.892,-0.701653846153846,"Public",-0.476346153846154,1,0
"2655","Yes","Male",-0.078,19.962,-0.701653846153846,"Public",0.623653846153846,1,1
"2655","Yes","Male",-0.858,22.18,-0.701653846153846,"Public",-0.156346153846154,1,1
"2655","Yes","Female",-1.198,6.248,-0.701653846153846,"Public",-0.496346153846154,1,0
"2655","No","Female",-0.968,5.108,-0.701653846153846,"Public",-0.266346153846154,1,0
"2655","Yes","Male",-0.368,4.976,-0.701653846153846,"Public",0.333653846153846,1,1
"2655","Yes","Male",-0.078,13.933,-0.701653846153846,"Public",0.623653846153846,1,1
"2655","No","Female",-0.668,17.89,-0.701653846153846,"Public",0.033653846153846,1,0
"2655","Yes","Female",-0.878,5.999,-0.701653846153846,"Public",-0.176346153846154,1,0
"2655","No","Male",-1.008,8.547,-0.701653846153846,"Public",-0.306346153846154,1,1
"2655","Yes","Female",-1.308,12.407,-0.701653846153846,"Public",-0.606346153846154,1,0
"2655","Yes","Male",-0.548,14.811,-0.701653846153846,"Public",0.153653846153846,1,1
"2655","Yes","Female",-1.308,15.9,-0.701653846153846,"Public",-0.606346153846154,1,0
"2655","Yes","Male",-0.858,12.09,-0.701653846153846,"Public",-0.156346153846154,1,1
"2655","Yes","Female",-0.338,3.715,-0.701653846153846,"Public",0.363653846153846,1,0
"2655","No","Female",-0.168,21.934,-0.701653846153846,"Public",0.533653846153846,1,0
"2655","Yes","Male",-0.568,16.625,-0.701653846153846,"Public",0.133653846153846,1,1
"2655","Yes","Female",-0.418,12.526,-0.701653846153846,"Public",0.283653846153846,1,0
"2655","Yes","Male",-0.848,4.066,-0.701653846153846,"Public",-0.146346153846154,1,1
"2655","Yes","Female",-1.518,14.117,-0.701653846153846,"Public",-0.816346153846154,1,0
"2655","Yes","Female",-2.188,3.28,-0.701653846153846,"Public",-1.48634615384615,1,0
"2655","Yes","Female",-0.948,20.533,-0.701653846153846,"Public",-0.246346153846154,1,0
"2655","Yes","Male",0.242,13.168,-0.701653846153846,"Public",0.943653846153846,1,1
"2655","Yes","Female",-0.808,14.41,-0.701653846153846,"Public",-0.106346153846154,1,0
"2655","Yes","Female",-0.708,14.318,-0.701653846153846,"Public",-0.00634615384615389,1,0
"2655","Yes","Female",-1.818,-1.725,-0.701653846153846,"Public",-1.11634615384615,1,0
"2655","Yes","Female",-1.828,-0.625,-0.701653846153846,"Public",-1.12634615384615,1,0
"2655","Yes","Female",0.132,14.746,-0.701653846153846,"Public",0.833653846153846,1,0
"2655","Yes","Female",-0.668,16.068,-0.701653846153846,"Public",0.033653846153846,1,0
"2655","No","Female",-0.358,19.514,-0.701653846153846,"Public",0.343653846153846,1,0
"2655","No","Female",-1.608,1.27,-0.701653846153846,"Public",-0.906346153846154,1,0
"2655","No","Male",0.442,22.559,-0.701653846153846,"Public",1.14365384615385,1,1
"2655","Yes","Female",0.902,17.231,-0.701653846153846,"Public",1.60365384615385,1,0
"2655","Yes","Male",-0.418,11.087,-0.701653846153846,"Public",0.283653846153846,1,1
"2655","Yes","Male",-1.448,18.557,-0.701653846153846,"Public",-0.746346153846154,1,1
"2655","Yes","Male",-0.808,14.52,-0.701653846153846,"Public",-0.106346153846154,1,1
"2655","Yes","Female",-0.878,15.01,-0.701653846153846,"Public",-0.176346153846154,1,0
"2655","Yes","Male",-0.318,12.504,-0.701653846153846,"Public",0.383653846153846,1,1
"2655","Yes","Female",-0.778,4.541,-0.701653846153846,"Public",-0.076346153846154,1,0
"2655","No","Male",-1.208,7.949,-0.701653846153846,"Public",-0.506346153846154,1,1
"2655","Yes","Male",-0.748,16.614,-0.701653846153846,"Public",-0.0463461538461539,1,1
"2655","Yes","Female",-0.678,7.448,-0.701653846153846,"Public",0.023653846153846,1,0
"2655","Yes","Female",-0.558,8.571,-0.701653846153846,"Public",0.143653846153846,1,0
"2655","Yes","Male",-1.288,4.961,-0.701653846153846,"Public",-0.586346153846154,1,1
"2655","Yes","Male",-0.208,15.57,-0.701653846153846,"Public",0.493653846153846,1,1
"2655","Yes","Female",-0.548,17.205,-0.701653846153846,"Public",0.153653846153846,1,0
"2655","Yes","Female",0.482,20.854,-0.701653846153846,"Public",1.18365384615385,1,0
"2655","No","Female",0.162,14.665,-0.701653846153846,"Public",0.863653846153846,1,0
"2655","No","Male",-0.368,23.261,-0.701653846153846,"Public",0.333653846153846,1,1
"2658","No","Female",-0.028,7.02,0.438444444444444,"Catholic",-0.466444444444444,1,0
"2658","No","Male",1.222,11.371,0.438444444444444,"Catholic",0.783555555555556,1,1
"2658","No","Female",0.702,9.459,0.438444444444444,"Catholic",0.263555555555555,1,0
"2658","No","Female",1.422,12.779,0.438444444444444,"Catholic",0.983555555555556,1,0
"2658","No","Female",-0.398,5.368,0.438444444444444,"Catholic",-0.836444444444445,1,0
"2658","No","Female",0.252,19.28,0.438444444444444,"Catholic",-0.186444444444444,1,0
"2658","No","Female",0.952,12.86,0.438444444444444,"Catholic",0.513555555555556,1,0
"2658","No","Male",0.942,23.447,0.438444444444444,"Catholic",0.503555555555556,1,1
"2658","No","Male",-0.528,7.98,0.438444444444444,"Catholic",-0.966444444444444,1,1
"2658","No","Female",0.462,14.366,0.438444444444444,"Catholic",0.0235555555555556,1,0
"2658","No","Male",-0.238,12.164,0.438444444444444,"Catholic",-0.676444444444444,1,1
"2658","No","Female",1.022,16.154,0.438444444444444,"Catholic",0.583555555555556,1,0
"2658","No","Female",0.672,13.662,0.438444444444444,"Catholic",0.233555555555556,1,0
"2658","No","Male",-0.648,22.388,0.438444444444444,"Catholic",-1.08644444444444,1,1
"2658","No","Female",-0.408,18.324,0.438444444444444,"Catholic",-0.846444444444444,1,0
"2658","No","Male",1.512,10.639,0.438444444444444,"Catholic",1.07355555555556,1,1
"2658","Yes","Female",-0.258,4.616,0.438444444444444,"Catholic",-0.696444444444444,1,0
"2658","No","Female",-0.308,13.242,0.438444444444444,"Catholic",-0.746444444444444,1,0
"2658","No","Male",0.152,15.631,0.438444444444444,"Catholic",-0.286444444444445,1,1
"2658","No","Male",0.922,13.355,0.438444444444444,"Catholic",0.483555555555556,1,1
"2658","Yes","Female",-0.068,18.233,0.438444444444444,"Catholic",-0.506444444444444,1,0
"2658","No","Female",0.482,22.924,0.438444444444444,"Catholic",0.0435555555555555,1,0
"2658","Yes","Female",1.102,13.33,0.438444444444444,"Catholic",0.663555555555556,1,0
"2658","Yes","Male",1.512,16.226,0.438444444444444,"Catholic",1.07355555555556,1,1
"2658","No","Male",0.662,9.418,0.438444444444444,"Catholic",0.223555555555556,1,1
"2658","Yes","Female",0.382,3.291,0.438444444444444,"Catholic",-0.0564444444444445,1,0
"2658","No","Male",0.782,12.612,0.438444444444444,"Catholic",0.343555555555556,1,1
"2658","No","Male",0.222,16.533,0.438444444444444,"Catholic",-0.216444444444444,1,1
"2658","No","Female",0.652,16.172,0.438444444444444,"Catholic",0.213555555555556,1,0
"2658","No","Female",0.302,16.757,0.438444444444444,"Catholic",-0.136444444444444,1,0
"2658","No","Male",-0.328,18.079,0.438444444444444,"Catholic",-0.766444444444444,1,1
"2658","Yes","Female",0.302,13.816,0.438444444444444,"Catholic",-0.136444444444444,1,0
"2658","Yes","Female",-1.178,-0.929,0.438444444444444,"Catholic",-1.61644444444444,1,0
"2658","No","Female",-0.568,-0.279,0.438444444444444,"Catholic",-1.00644444444444,1,0
"2658","No","Female",0.712,18.037,0.438444444444444,"Catholic",0.273555555555555,1,0
"2658","No","Female",0.782,18.19,0.438444444444444,"Catholic",0.343555555555556,1,0
"2658","No","Male",0.882,13.081,0.438444444444444,"Catholic",0.443555555555556,1,1
"2658","No","Male",1.342,11.027,0.438444444444444,"Catholic",0.903555555555556,1,1
"2658","Yes","Male",0.692,5.77,0.438444444444444,"Catholic",0.253555555555555,1,1
"2658","Yes","Male",0.142,10.72,0.438444444444444,"Catholic",-0.296444444444445,1,1
"2658","No","Female",0.322,13.466,0.438444444444444,"Catholic",-0.116444444444444,1,0
"2658","No","Female",0.842,15.498,0.438444444444444,"Catholic",0.403555555555556,1,0
"2658","No","Female",0.482,19.082,0.438444444444444,"Catholic",0.0435555555555555,1,0
"2658","No","Female",0.512,16.587,0.438444444444444,"Catholic",0.0735555555555555,1,0
"2658","No","Male",1.342,21.081,0.438444444444444,"Catholic",0.903555555555556,1,1
"2755","Yes","Male",-0.188,18.264,0.556042553191489,"Catholic",-0.744042553191489,1,1
"2755","Yes","Male",0.872,9.891,0.556042553191489,"Catholic",0.315957446808511,1,1
"2755","No","Male",0.442,13.237,0.556042553191489,"Catholic",-0.114042553191489,1,1
"2755","No","Male",0.192,23.665,0.556042553191489,"Catholic",-0.364042553191489,1,1
"2755","Yes","Male",1.182,7.236,0.556042553191489,"Catholic",0.625957446808511,1,1
"2755","Yes","Male",-0.248,12.625,0.556042553191489,"Catholic",-0.804042553191489,1,1
"2755","No","Male",1.072,22.643,0.556042553191489,"Catholic",0.515957446808511,1,1
"2755","No","Male",0.602,17.796,0.556042553191489,"Catholic",0.0459574468085107,1,1
"2755","No","Male",0.662,15.684,0.556042553191489,"Catholic",0.105957446808511,1,1
"2755","Yes","Male",0.112,14.642,0.556042553191489,"Catholic",-0.444042553191489,1,1
"2755","Yes","Male",1.512,23.785,0.556042553191489,"Catholic",0.955957446808511,1,1
"2755","Yes","Male",0.882,10.989,0.556042553191489,"Catholic",0.325957446808511,1,1
"2755","No","Male",-0.218,7.124,0.556042553191489,"Catholic",-0.774042553191489,1,1
"2755","No","Male",0.582,20.627,0.556042553191489,"Catholic",0.0259574468085106,1,1
"2755","Yes","Male",-0.088,9.433,0.556042553191489,"Catholic",-0.644042553191489,1,1
"2755","No","Male",-0.008,12.083,0.556042553191489,"Catholic",-0.564042553191489,1,1
"2755","No","Male",0.622,11.374,0.556042553191489,"Catholic",0.0659574468085107,1,1
"2755","No","Male",-0.218,23.108,0.556042553191489,"Catholic",-0.774042553191489,1,1
"2755","Yes","Male",-0.468,22.295,0.556042553191489,"Catholic",-1.02404255319149,1,1
"2755","No","Male",0.602,9.947,0.556042553191489,"Catholic",0.0459574468085107,1,1
"2755","No","Male",0.052,20.438,0.556042553191489,"Catholic",-0.504042553191489,1,1
"2755","Yes","Male",-0.168,14.17,0.556042553191489,"Catholic",-0.724042553191489,1,1
"2755","No","Male",1.142,18.734,0.556042553191489,"Catholic",0.585957446808511,1,1
"2755","No","Male",0.932,17.499,0.556042553191489,"Catholic",0.375957446808511,1,1
"2755","Yes","Male",0.312,20.124,0.556042553191489,"Catholic",-0.244042553191489,1,1
"2755","No","Male",1.022,20.3,0.556042553191489,"Catholic",0.465957446808511,1,1
"2755","No","Male",0.442,20.929,0.556042553191489,"Catholic",-0.114042553191489,1,1
"2755","Yes","Male",0.592,5.869,0.556042553191489,"Catholic",0.0359574468085107,1,1
"2755","No","Male",-0.028,22.428,0.556042553191489,"Catholic",-0.584042553191489,1,1
"2755","No","Male",1.512,21.614,0.556042553191489,"Catholic",0.955957446808511,1,1
"2755","No","Male",0.482,20.021,0.556042553191489,"Catholic",-0.0740425531914893,1,1
"2755","No","Male",1.072,17.117,0.556042553191489,"Catholic",0.515957446808511,1,1
"2755","No","Male",0.772,17.988,0.556042553191489,"Catholic",0.215957446808511,1,1
"2755","Yes","Male",-1.058,3.111,0.556042553191489,"Catholic",-1.61404255319149,1,1
"2755","No","Male",1.152,19.737,0.556042553191489,"Catholic",0.595957446808511,1,1
"2755","Yes","Male",0.302,20.136,0.556042553191489,"Catholic",-0.254042553191489,1,1
"2755","No","Male",1.072,21.14,0.556042553191489,"Catholic",0.515957446808511,1,1
"2755","Yes","Male",1.512,8.448,0.556042553191489,"Catholic",0.955957446808511,1,1
"2755","No","Male",1.262,15.941,0.556042553191489,"Catholic",0.705957446808511,1,1
"2755","No","Male",1.082,22.694,0.556042553191489,"Catholic",0.525957446808511,1,1
"2755","No","Male",1.312,14.546,0.556042553191489,"Catholic",0.755957446808511,1,1
"2755","No","Male",0.302,22.167,0.556042553191489,"Catholic",-0.254042553191489,1,1
"2755","Yes","Male",1.372,21.738,0.556042553191489,"Catholic",0.815957446808511,1,1
"2755","No","Male",-0.828,24.479,0.556042553191489,"Catholic",-1.38404255319149,1,1
"2755","No","Male",1.302,8.879,0.556042553191489,"Catholic",0.745957446808511,1,1
"2755","No","Male",0.622,24.993,0.556042553191489,"Catholic",0.0659574468085107,1,1
"2755","Yes","Male",0.692,2.708,0.556042553191489,"Catholic",0.135957446808511,1,1
"2768","No","Male",0.422,1.467,-0.0536,"Public",0.4756,1,1
"2768","No","Female",-1.958,5.666,-0.0536,"Public",-1.9044,1,0
"2768","No","Female",0.362,6.49,-0.0536,"Public",0.4156,1,0
"2768","No","Female",0.282,14.487,-0.0536,"Public",0.3356,1,0
"2768","No","Male",-0.068,19.67,-0.0536,"Public",-0.0144,1,1
"2768","No","Female",0.332,10.159,-0.0536,"Public",0.3856,1,0
"2768","No","Female",0.782,17.824,-0.0536,"Public",0.8356,1,0
"2768","No","Female",-1.168,5.853,-0.0536,"Public",-1.1144,1,0
"2768","No","Male",-0.378,2.482,-0.0536,"Public",-0.3244,1,1
"2768","No","Male",-0.008,20.586,-0.0536,"Public",0.0456,1,1
"2768","Yes","Female",-0.808,3.358,-0.0536,"Public",-0.7544,1,0
"2768","No","Male",1.202,17.956,-0.0536,"Public",1.2556,1,1
"2768","No","Female",-0.458,6.012,-0.0536,"Public",-0.4044,1,0
"2768","No","Male",-1.378,4.097,-0.0536,"Public",-1.3244,1,1
"2768","No","Female",1.362,11.419,-0.0536,"Public",1.4156,1,0
"2768","No","Male",0.082,19.581,-0.0536,"Public",0.1356,1,1
"2768","Yes","Female",-0.478,10.447,-0.0536,"Public",-0.4244,1,0
"2768","No","Female",0.082,3.835,-0.0536,"Public",0.1356,1,0
"2768","No","Male",0.112,8.735,-0.0536,"Public",0.1656,1,1
"2768","No","Male",-0.738,24.812,-0.0536,"Public",-0.6844,1,1
"2768","No","Male",0.502,2.542,-0.0536,"Public",0.5556,1,1
"2768","No","Male",1.512,22.038,-0.0536,"Public",1.5656,1,1
"2768","No","Male",0.092,12.812,-0.0536,"Public",0.1456,1,1
"2768","No","Male",-1.758,2.531,-0.0536,"Public",-1.7044,1,1
"2768","No","Female",0.732,17.314,-0.0536,"Public",0.7856,1,0
"2771","Yes","Male",-0.158,6.629,-0.339454545454546,"Public",0.181454545454546,1,1
"2771","No","Male",-1.048,11.07,-0.339454545454546,"Public",-0.708545454545455,1,1
"2771","No","Male",0.452,10.93,-0.339454545454546,"Public",0.791454545454546,1,1
"2771","No","Male",-1.288,6.584,-0.339454545454546,"Public",-0.948545454545455,1,1
"2771","No","Female",-0.438,9.528,-0.339454545454546,"Public",-0.0985454545454545,1,0
"2771","No","Male",-0.178,6.966,-0.339454545454546,"Public",0.161454545454546,1,1
"2771","No","Female",-0.328,17.129,-0.339454545454546,"Public",0.0114545454545455,1,0
"2771","No","Male",-0.118,12.749,-0.339454545454546,"Public",0.221454545454546,1,1
"2771","No","Female",-0.778,13.353,-0.339454545454546,"Public",-0.438545454545455,1,0
"2771","No","Male",-0.538,23.217,-0.339454545454546,"Public",-0.198545454545455,1,1
"2771","No","Female",-0.478,18.901,-0.339454545454546,"Public",-0.138545454545454,1,0
"2771","No","Male",-1.228,10.738,-0.339454545454546,"Public",-0.888545454545455,1,1
"2771","No","Male",-0.128,11.93,-0.339454545454546,"Public",0.211454545454546,1,1
"2771","No","Female",-0.418,10.896,-0.339454545454546,"Public",-0.0785454545454545,1,0
"2771","No","Female",0.132,6.324,-0.339454545454546,"Public",0.471454545454546,1,0
"2771","No","Male",0.252,24.993,-0.339454545454546,"Public",0.591454545454545,1,1
"2771","No","Male",0.002,6.759,-0.339454545454546,"Public",0.341454545454546,1,1
"2771","No","Male",-0.498,4.494,-0.339454545454546,"Public",-0.158545454545454,1,1
"2771","No","Male",0.302,11.226,-0.339454545454546,"Public",0.641454545454545,1,1
"2771","No","Male",-0.788,0.488,-0.339454545454546,"Public",-0.448545454545455,1,1
"2771","No","Female",-0.048,22.896,-0.339454545454546,"Public",0.291454545454546,1,0
"2771","No","Female",0.152,21.657,-0.339454545454546,"Public",0.491454545454545,1,0
"2771","No","Female",-0.308,12.176,-0.339454545454546,"Public",0.0314545454545455,1,0
"2771","No","Female",0.622,21.071,-0.339454545454546,"Public",0.961454545454546,1,0
"2771","No","Female",-0.678,-2.832,-0.339454545454546,"Public",-0.338545454545455,1,0
"2771","No","Female",-0.618,7.558,-0.339454545454546,"Public",-0.278545454545454,1,0
"2771","No","Female",0.382,18.739,-0.339454545454546,"Public",0.721454545454546,1,0
"2771","No","Female",-0.498,5.744,-0.339454545454546,"Public",-0.158545454545454,1,0
"2771","No","Male",-0.528,7.68,-0.339454545454546,"Public",-0.188545454545455,1,1
"2771","No","Male",-0.748,14.324,-0.339454545454546,"Public",-0.408545454545454,1,1
"2771","No","Female",-0.798,8.252,-0.339454545454546,"Public",-0.458545454545455,1,0
"2771","No","Male",-0.568,18.192,-0.339454545454546,"Public",-0.228545454545454,1,1
"2771","No","Female",0.032,19.244,-0.339454545454546,"Public",0.371454545454545,1,0
"2771","No","Female",0.342,17.634,-0.339454545454546,"Public",0.681454545454546,1,0
"2771","No","Male",-0.188,4.988,-0.339454545454546,"Public",0.151454545454546,1,1
"2771","No","Male",-1.238,8.923,-0.339454545454546,"Public",-0.898545454545455,1,1
"2771","No","Female",-1.158,10.187,-0.339454545454546,"Public",-0.818545454545454,1,0
"2771","No","Female",0.112,9.595,-0.339454545454546,"Public",0.451454545454545,1,0
"2771","No","Female",-1.498,6.086,-0.339454545454546,"Public",-1.15854545454545,1,0
"2771","No","Male",-0.858,22.886,-0.339454545454546,"Public",-0.518545454545454,1,1
"2771","No","Female",-0.438,1.317,-0.339454545454546,"Public",-0.0985454545454545,1,0
"2771","No","Female",-0.658,14.66,-0.339454545454546,"Public",-0.318545454545455,1,0
"2771","No","Female",-0.128,17.606,-0.339454545454546,"Public",0.211454545454546,1,0
"2771","No","Female",-0.078,13.495,-0.339454545454546,"Public",0.261454545454545,1,0
"2771","No","Male",0.222,7.267,-0.339454545454546,"Public",0.561454545454546,1,1
"2771","No","Male",0.342,7.952,-0.339454545454546,"Public",0.681454545454546,1,1
"2771","No","Male",0.002,14.442,-0.339454545454546,"Public",0.341454545454546,1,1
"2771","No","Female",-0.338,10.2,-0.339454545454546,"Public",0.00145454545454549,1,0
"2771","No","Male",0.302,9.589,-0.339454545454546,"Public",0.641454545454545,1,1
"2771","No","Female",-1.098,21.02,-0.339454545454546,"Public",-0.758545454545455,1,0
"2771","No","Male",-0.768,-0.809,-0.339454545454546,"Public",-0.428545454545455,1,1
"2771","No","Female",-0.608,8.321,-0.339454545454546,"Public",-0.268545454545454,1,0
"2771","No","Male",0.312,20.884,-0.339454545454546,"Public",0.651454545454546,1,1
"2771","No","Male",0.302,23.623,-0.339454545454546,"Public",0.641454545454545,1,1
"2771","No","Female",-0.678,1.955,-0.339454545454546,"Public",-0.338545454545455,1,0
"2818","No","Female",-0.408,17.432,0.108666666666667,"Public",-0.516666666666667,1,0
"2818","No","Male",0.572,21.255,0.108666666666667,"Public",0.463333333333333,1,1
"2818","No","Female",0.912,16.656,0.108666666666667,"Public",0.803333333333333,1,0
"2818","No","Female",0.052,17.465,0.108666666666667,"Public",-0.0566666666666667,1,0
"2818","No","Female",0.382,14.834,0.108666666666667,"Public",0.273333333333333,1,0
"2818","No","Female",-0.048,16.251,0.108666666666667,"Public",-0.156666666666667,1,0
"2818","No","Male",0.002,10.226,0.108666666666667,"Public",-0.106666666666667,1,1
"2818","No","Male",-0.848,8.355,0.108666666666667,"Public",-0.956666666666667,1,1
"2818","No","Female",-0.888,5.834,0.108666666666667,"Public",-0.996666666666667,1,0
"2818","No","Male",-0.058,21.605,0.108666666666667,"Public",-0.166666666666667,1,1
"2818","No","Male",-0.238,22.483,0.108666666666667,"Public",-0.346666666666667,1,1
"2818","Yes","Female",0.702,8.127,0.108666666666667,"Public",0.593333333333333,1,0
"2818","No","Female",0.692,21.059,0.108666666666667,"Public",0.583333333333333,1,0
"2818","No","Female",0.212,5.849,0.108666666666667,"Public",0.103333333333333,1,0
"2818","No","Female",0.422,11.555,0.108666666666667,"Public",0.313333333333333,1,0
"2818","No","Male",1.022,17.703,0.108666666666667,"Public",0.913333333333333,1,1
"2818","No","Male",0.712,13.528,0.108666666666667,"Public",0.603333333333333,1,1
"2818","No","Female",0.252,18.498,0.108666666666667,"Public",0.143333333333333,1,0
"2818","No","Female",-0.428,12.654,0.108666666666667,"Public",-0.536666666666667,1,0
"2818","No","Male",-0.358,12.472,0.108666666666667,"Public",-0.466666666666667,1,1
"2818","No","Male",0.842,8.635,0.108666666666667,"Public",0.733333333333333,1,1
"2818","No","Female",0.662,16.931,0.108666666666667,"Public",0.553333333333333,1,0
"2818","No","Male",-0.738,19.715,0.108666666666667,"Public",-0.846666666666667,1,1
"2818","No","Male",-0.188,21.739,0.108666666666667,"Public",-0.296666666666667,1,1
"2818","No","Male",0.062,11.127,0.108666666666667,"Public",-0.0466666666666667,1,1
"2818","No","Male",0.322,6.522,0.108666666666667,"Public",0.213333333333333,1,1
"2818","No","Male",-0.628,10.707,0.108666666666667,"Public",-0.736666666666667,1,1
"2818","No","Male",1.512,12.557,0.108666666666667,"Public",1.40333333333333,1,1
"2818","No","Male",0.902,19.676,0.108666666666667,"Public",0.793333333333333,1,1
"2818","No","Female",0.892,16.733,0.108666666666667,"Public",0.783333333333333,1,0
"2818","No","Male",0.042,19.715,0.108666666666667,"Public",-0.0666666666666667,1,1
"2818","No","Female",0.582,8.775,0.108666666666667,"Public",0.473333333333333,1,0
"2818","No","Female",0.942,21.085,0.108666666666667,"Public",0.833333333333333,1,0
"2818","No","Male",-0.838,7.576,0.108666666666667,"Public",-0.946666666666667,1,1
"2818","No","Female",-0.598,14.698,0.108666666666667,"Public",-0.706666666666667,1,0
"2818","No","Female",-0.238,7.645,0.108666666666667,"Public",-0.346666666666667,1,0
"2818","No","Female",0.362,17.883,0.108666666666667,"Public",0.253333333333333,1,0
"2818","No","Male",-0.548,2.991,0.108666666666667,"Public",-0.656666666666667,1,1
"2818","No","Female",-0.888,6.464,0.108666666666667,"Public",-0.996666666666667,1,0
"2818","No","Male",-0.568,5.608,0.108666666666667,"Public",-0.676666666666667,1,1
"2818","No","Female",0.272,14.189,0.108666666666667,"Public",0.163333333333333,1,0
"2818","No","Female",-0.258,17.847,0.108666666666667,"Public",-0.366666666666667,1,0
"2917","Yes","Female",-1.868,11.57,-0.798232558139535,"Public",-1.06976744186047,1,0
"2917","Yes","Female",0.312,1.536,-0.798232558139535,"Public",1.11023255813953,1,0
"2917","Yes","Male",-0.808,4.925,-0.798232558139535,"Public",-0.00976744186046519,1,1
"2917","Yes","Male",-0.988,13.57,-0.798232558139535,"Public",-0.189767441860465,1,1
"2917","Yes","Female",-0.248,13.604,-0.798232558139535,"Public",0.550232558139535,1,0
"2917","Yes","Female",-0.858,17.634,-0.798232558139535,"Public",-0.0597674418604651,1,0
"2917","Yes","Male",0.132,-1.423,-0.798232558139535,"Public",0.930232558139535,1,1
"2917","Yes","Female",-0.578,4.064,-0.798232558139535,"Public",0.220232558139535,1,0
"2917","No","Female",0.102,21.499,-0.798232558139535,"Public",0.900232558139535,1,0
"2917","Yes","Female",-0.298,4.289,-0.798232558139535,"Public",0.500232558139535,1,0
"2917","Yes","Male",-1.078,5.852,-0.798232558139535,"Public",-0.279767441860465,1,1
"2917","Yes","Male",-1.498,4.098,-0.798232558139535,"Public",-0.699767441860465,1,1
"2917","Yes","Female",-1.568,1.624,-0.798232558139535,"Public",-0.769767441860465,1,0
"2917","No","Male",0.982,3.489,-0.798232558139535,"Public",1.78023255813953,1,1
"2917","No","Male",0.072,11.744,-0.798232558139535,"Public",0.870232558139535,1,1
"2917","Yes","Female",-0.238,0.609,-0.798232558139535,"Public",0.560232558139535,1,0
"2917","Yes","Male",-1.578,18.137,-0.798232558139535,"Public",-0.779767441860465,1,1
"2917","Yes","Male",-1.928,-1.732,-0.798232558139535,"Public",-1.12976744186047,1,1
"2917","Yes","Female",0.962,14.873,-0.798232558139535,"Public",1.76023255813953,1,0
"2917","Yes","Female",-0.768,6.258,-0.798232558139535,"Public",0.0302325581395348,1,0
"2917","Yes","Female",-0.838,-0.576,-0.798232558139535,"Public",-0.0397674418604651,1,0
"2917","Yes","Female",-1.608,4.627,-0.798232558139535,"Public",-0.809767441860465,1,0
"2917","Yes","Male",-0.618,0.384,-0.798232558139535,"Public",0.180232558139535,1,1
"2917","Yes","Female",0.702,10.342,-0.798232558139535,"Public",1.50023255813953,1,0
"2917","Yes","Female",-0.888,0.239,-0.798232558139535,"Public",-0.0897674418604651,1,0
"2917","Yes","Male",-0.578,24.247,-0.798232558139535,"Public",0.220232558139535,1,1
"2917","Yes","Male",-1.178,10.428,-0.798232558139535,"Public",-0.379767441860465,1,1
"2917","Yes","Female",-0.898,14.199,-0.798232558139535,"Public",-0.0997674418604652,1,0
"2917","Yes","Female",-0.518,17.695,-0.798232558139535,"Public",0.280232558139535,1,0
"2917","Yes","Female",-0.388,15.034,-0.798232558139535,"Public",0.410232558139535,1,0
"2917","Yes","Male",-1.338,14.447,-0.798232558139535,"Public",-0.539767441860465,1,1
"2917","Yes","Female",-2.108,0.578,-0.798232558139535,"Public",-1.30976744186047,1,0
"2917","Yes","Male",-1.368,5.163,-0.798232558139535,"Public",-0.569767441860465,1,1
"2917","Yes","Male",1.732,0.426,-0.798232558139535,"Public",2.53023255813953,1,1
"2917","Yes","Male",-1.338,13.096,-0.798232558139535,"Public",-0.539767441860465,1,1
"2917","Yes","Male",-0.468,18.929,-0.798232558139535,"Public",0.330232558139535,1,1
"2917","Yes","Female",-0.828,16.19,-0.798232558139535,"Public",-0.0297674418604651,1,0
"2917","Yes","Female",-1.488,6.245,-0.798232558139535,"Public",-0.689767441860465,1,0
"2917","Yes","Female",-0.588,5.514,-0.798232558139535,"Public",0.210232558139535,1,0
"2917","Yes","Female",-2.468,0.936,-0.798232558139535,"Public",-1.66976744186047,1,0
"2917","Yes","Female",-1.368,5.898,-0.798232558139535,"Public",-0.569767441860465,1,0
"2917","Yes","Female",-1.818,2.191,-0.798232558139535,"Public",-1.01976744186047,1,0
"2917","Yes","Female",-2.328,0.643,-0.798232558139535,"Public",-1.52976744186046,1,0
"2990","No","Male",1.222,21.791,0.654708333333333,"Catholic",0.567291666666667,1,1
"2990","Yes","Male",0.432,21.14,0.654708333333333,"Catholic",-0.222708333333333,1,1
"2990","Yes","Male",1.452,22.418,0.654708333333333,"Catholic",0.797291666666667,1,1
"2990","Yes","Male",0.122,20.752,0.654708333333333,"Catholic",-0.532708333333333,1,1
"2990","Yes","Male",0.192,23.029,0.654708333333333,"Catholic",-0.462708333333333,1,1
"2990","Yes","Male",-0.458,13.969,0.654708333333333,"Catholic",-1.11270833333333,1,1
"2990","Yes","Male",1.122,24.993,0.654708333333333,"Catholic",0.467291666666667,1,1
"2990","Yes","Male",-0.178,19.192,0.654708333333333,"Catholic",-0.832708333333333,1,1
"2990","Yes","Male",0.092,22.639,0.654708333333333,"Catholic",-0.562708333333333,1,1
"2990","Yes","Male",1.452,15.507,0.654708333333333,"Catholic",0.797291666666667,1,1
"2990","No","Male",1.242,20.192,0.654708333333333,"Catholic",0.587291666666667,1,1
"2990","Yes","Male",0.902,24.401,0.654708333333333,"Catholic",0.247291666666667,1,1
"2990","Yes","Male",0.222,17.099,0.654708333333333,"Catholic",-0.432708333333333,1,1
"2990","Yes","Male",0.892,22.016,0.654708333333333,"Catholic",0.237291666666667,1,1
"2990","No","Male",1.082,24.401,0.654708333333333,"Catholic",0.427291666666667,1,1
"2990","Yes","Male",-0.598,15.119,0.654708333333333,"Catholic",-1.25270833333333,1,1
"2990","No","Male",1.422,13.823,0.654708333333333,"Catholic",0.767291666666667,1,1
"2990","Yes","Male",0.802,21.02,0.654708333333333,"Catholic",0.147291666666667,1,1
"2990","Yes","Male",1.512,16.93,0.654708333333333,"Catholic",0.857291666666667,1,1
"2990","Yes","Male",1.022,20.249,0.654708333333333,"Catholic",0.367291666666667,1,1
"2990","No","Male",0.852,21.345,0.654708333333333,"Catholic",0.197291666666667,1,1
"2990","Yes","Male",-0.928,16.162,0.654708333333333,"Catholic",-1.58270833333333,1,1
"2990","Yes","Male",0.852,16.317,0.654708333333333,"Catholic",0.197291666666667,1,1
"2990","No","Male",0.822,22.845,0.654708333333333,"Catholic",0.167291666666667,1,1
"2990","Yes","Male",1.232,19.29,0.654708333333333,"Catholic",0.577291666666667,1,1
"2990","No","Male",0.212,24.479,0.654708333333333,"Catholic",-0.442708333333333,1,1
"2990","Yes","Male",-0.428,11.616,0.654708333333333,"Catholic",-1.08270833333333,1,1
"2990","Yes","Male",1.212,18.008,0.654708333333333,"Catholic",0.557291666666667,1,1
"2990","Yes","Male",1.112,19.12,0.654708333333333,"Catholic",0.457291666666667,1,1
"2990","Yes","Male",0.142,19.689,0.654708333333333,"Catholic",-0.512708333333333,1,1
"2990","No","Male",1.262,23.002,0.654708333333333,"Catholic",0.607291666666667,1,1
"2990","Yes","Male",0.642,18.86,0.654708333333333,"Catholic",-0.0127083333333333,1,1
"2990","No","Male",-0.768,16.825,0.654708333333333,"Catholic",-1.42270833333333,1,1
"2990","Yes","Male",0.552,22.219,0.654708333333333,"Catholic",-0.102708333333333,1,1
"2990","No","Male",1.332,18.092,0.654708333333333,"Catholic",0.677291666666667,1,1
"2990","No","Male",0.252,17.209,0.654708333333333,"Catholic",-0.402708333333333,1,1
"2990","No","Male",0.262,9.139,0.654708333333333,"Catholic",-0.392708333333333,1,1
"2990","Yes","Male",1.262,18.608,0.654708333333333,"Catholic",0.607291666666667,1,1
"2990","Yes","Male",0.792,20.577,0.654708333333333,"Catholic",0.137291666666667,1,1
"2990","No","Male",0.482,13.859,0.654708333333333,"Catholic",-0.172708333333333,1,1
"2990","Yes","Male",-0.058,20.682,0.654708333333333,"Catholic",-0.712708333333333,1,1
"2990","Yes","Male",1.512,17.246,0.654708333333333,"Catholic",0.857291666666667,1,1
"2990","Yes","Male",1.512,9.574,0.654708333333333,"Catholic",0.857291666666667,1,1
"2990","Yes","Male",-0.288,6.315,0.654708333333333,"Catholic",-0.942708333333333,1,1
"2990","No","Male",1.072,17.979,0.654708333333333,"Catholic",0.417291666666667,1,1
"2990","No","Male",1.002,21.396,0.654708333333333,"Catholic",0.347291666666667,1,1
"2990","No","Male",1.332,10.175,0.654708333333333,"Catholic",0.677291666666667,1,1
"2990","Yes","Male",0.242,14.192,0.654708333333333,"Catholic",-0.412708333333333,1,1
"2995","Yes","Male",0.042,16.13,-0.301695652173913,"Public",0.343695652173913,1,1
"2995","Yes","Male",1.832,3.507,-0.301695652173913,"Public",2.13369565217391,1,1
"2995","No","Female",-0.298,13.641,-0.301695652173913,"Public",0.00369565217391304,1,0
"2995","No","Male",-0.328,9.476,-0.301695652173913,"Public",-0.026304347826087,1,1
"2995","No","Male",-0.438,13.207,-0.301695652173913,"Public",-0.136304347826087,1,1
"2995","No","Female",0.482,16.358,-0.301695652173913,"Public",0.783695652173913,1,0
"2995","No","Male",0.032,24.107,-0.301695652173913,"Public",0.333695652173913,1,1
"2995","Yes","Female",-1.408,7.63,-0.301695652173913,"Public",-1.10630434782609,1,0
"2995","No","Female",-1.688,17.47,-0.301695652173913,"Public",-1.38630434782609,1,0
"2995","No","Male",0.532,7.089,-0.301695652173913,"Public",0.833695652173913,1,1
"2995","Yes","Female",-1.298,3.493,-0.301695652173913,"Public",-0.996304347826087,1,0
"2995","No","Female",0.162,4.933,-0.301695652173913,"Public",0.463695652173913,1,0
"2995","Yes","Female",-0.938,7.756,-0.301695652173913,"Public",-0.636304347826087,1,0
"2995","No","Male",-1.078,4.244,-0.301695652173913,"Public",-0.776304347826087,1,1
"2995","No","Male",0.762,17.727,-0.301695652173913,"Public",1.06369565217391,1,1
"2995","No","Female",-0.268,3.066,-0.301695652173913,"Public",0.033695652173913,1,0
"2995","No","Male",1.112,22.835,-0.301695652173913,"Public",1.41369565217391,1,1
"2995","No","Female",-0.948,0.635,-0.301695652173913,"Public",-0.646304347826087,1,0
"2995","No","Female",-0.758,8.297,-0.301695652173913,"Public",-0.456304347826087,1,0
"2995","Yes","Male",-0.538,14.608,-0.301695652173913,"Public",-0.236304347826087,1,1
"2995","No","Female",-0.708,7.128,-0.301695652173913,"Public",-0.406304347826087,1,0
"2995","No","Male",0.312,15.14,-0.301695652173913,"Public",0.613695652173913,1,1
"2995","No","Male",-0.968,2.776,-0.301695652173913,"Public",-0.666304347826087,1,1
"2995","No","Female",-1.688,12.825,-0.301695652173913,"Public",-1.38630434782609,1,0
"2995","No","Male",-0.988,2.98,-0.301695652173913,"Public",-0.686304347826087,1,1
"2995","No","Female",-0.038,19.253,-0.301695652173913,"Public",0.263695652173913,1,0
"2995","No","Female",-0.998,-0.535,-0.301695652173913,"Public",-0.696304347826087,1,0
"2995","No","Male",0.012,21.935,-0.301695652173913,"Public",0.313695652173913,1,1
"2995","No","Male",-0.268,10.96,-0.301695652173913,"Public",0.033695652173913,1,1
"2995","No","Male",0.582,1.31,-0.301695652173913,"Public",0.883695652173913,1,1
"2995","No","Male",-0.288,0.431,-0.301695652173913,"Public",0.0136956521739131,1,1
"2995","No","Female",-0.838,14.888,-0.301695652173913,"Public",-0.536304347826087,1,0
"2995","Yes","Female",-1.678,9.699,-0.301695652173913,"Public",-1.37630434782609,1,0
"2995","No","Male",0.162,-0.836,-0.301695652173913,"Public",0.463695652173913,1,1
"2995","No","Female",1.232,8.533,-0.301695652173913,"Public",1.53369565217391,1,0
"2995","Yes","Male",-1.338,0.495,-0.301695652173913,"Public",-1.03630434782609,1,1
"2995","No","Male",0.982,8.144,-0.301695652173913,"Public",1.28369565217391,1,1
"2995","No","Male",-0.158,6.445,-0.301695652173913,"Public",0.143695652173913,1,1
"2995","No","Female",-1.618,19.705,-0.301695652173913,"Public",-1.31630434782609,1,0
"2995","No","Male",-1.278,9.527,-0.301695652173913,"Public",-0.976304347826087,1,1
"2995","Yes","Female",-1.638,-1.009,-0.301695652173913,"Public",-1.33630434782609,1,0
"2995","No","Female",0.792,13.142,-0.301695652173913,"Public",1.09369565217391,1,0
"2995","No","Male",0.242,18.421,-0.301695652173913,"Public",0.543695652173913,1,1
"2995","No","Female",0.602,20.998,-0.301695652173913,"Public",0.903695652173913,1,0
"2995","No","Male",0.662,1.568,-0.301695652173913,"Public",0.963695652173913,1,1
"2995","No","Female",0.062,-1.011,-0.301695652173913,"Public",0.363695652173913,1,0
"3013","No","Male",0.022,22.221,-0.0442264150943396,"Public",0.0662264150943396,1,1
"3013","No","Male",0.692,21.474,-0.0442264150943396,"Public",0.73622641509434,1,1
"3013","No","Male",-0.478,0.495,-0.0442264150943396,"Public",-0.43377358490566,1,1
"3013","No","Female",0.202,1.263,-0.0442264150943396,"Public",0.24622641509434,1,0
"3013","No","Female",0.092,17.047,-0.0442264150943396,"Public",0.13622641509434,1,0
"3013","No","Female",0.002,13.695,-0.0442264150943396,"Public",0.0462264150943396,1,0
"3013","No","Male",0.002,20.64,-0.0442264150943396,"Public",0.0462264150943396,1,1
"3013","No","Male",0.222,20.633,-0.0442264150943396,"Public",0.26622641509434,1,1
"3013","No","Female",0.412,20.317,-0.0442264150943396,"Public",0.45622641509434,1,0
"3013","No","Male",0.022,7.119,-0.0442264150943396,"Public",0.0662264150943396,1,1
"3013","No","Male",-0.598,9.408,-0.0442264150943396,"Public",-0.55377358490566,1,1
"3013","No","Male",0.402,17.372,-0.0442264150943396,"Public",0.44622641509434,1,1
"3013","No","Female",0.142,13.491,-0.0442264150943396,"Public",0.18622641509434,1,0
"3013","No","Female",0.262,17.485,-0.0442264150943396,"Public",0.30622641509434,1,0
"3013","No","Male",-0.478,21.485,-0.0442264150943396,"Public",-0.43377358490566,1,1
"3013","No","Male",-0.518,11.153,-0.0442264150943396,"Public",-0.47377358490566,1,1
"3013","No","Male",0.662,12.377,-0.0442264150943396,"Public",0.70622641509434,1,1
"3013","No","Female",-0.278,3.18,-0.0442264150943396,"Public",-0.23377358490566,1,0
"3013","No","Male",0.032,10.309,-0.0442264150943396,"Public",0.0762264150943396,1,1
"3013","No","Female",-0.428,16.722,-0.0442264150943396,"Public",-0.38377358490566,1,0
"3013","No","Female",-0.968,5.696,-0.0442264150943396,"Public",-0.92377358490566,1,0
"3013","No","Male",-0.618,17.717,-0.0442264150943396,"Public",-0.57377358490566,1,1
"3013","No","Male",0.252,20.159,-0.0442264150943396,"Public",0.29622641509434,1,1
"3013","No","Male",-0.138,8.732,-0.0442264150943396,"Public",-0.0937735849056604,1,1
"3013","No","Female",-0.778,-1.1,-0.0442264150943396,"Public",-0.73377358490566,1,0
"3013","No","Female",-0.048,10.899,-0.0442264150943396,"Public",-0.00377358490566038,1,0
"3013","No","Male",-0.398,8.613,-0.0442264150943396,"Public",-0.35377358490566,1,1
"3013","No","Male",0.192,15.741,-0.0442264150943396,"Public",0.23622641509434,1,1
"3013","No","Male",0.482,16.495,-0.0442264150943396,"Public",0.52622641509434,1,1
"3013","No","Male",0.312,5.531,-0.0442264150943396,"Public",0.35622641509434,1,1
"3013","No","Male",-0.768,22.377,-0.0442264150943396,"Public",-0.72377358490566,1,1
"3013","No","Male",-0.248,7.008,-0.0442264150943396,"Public",-0.20377358490566,1,1
"3013","Yes","Female",-0.708,5.229,-0.0442264150943396,"Public",-0.66377358490566,1,0
"3013","No","Female",0.372,12.215,-0.0442264150943396,"Public",0.41622641509434,1,0
"3013","No","Female",0.402,14.92,-0.0442264150943396,"Public",0.44622641509434,1,0
"3013","No","Male",0.232,13.009,-0.0442264150943396,"Public",0.27622641509434,1,1
"3013","No","Female",-0.578,-0.008,-0.0442264150943396,"Public",-0.53377358490566,1,0
"3013","No","Male",-0.458,15.898,-0.0442264150943396,"Public",-0.41377358490566,1,1
"3013","No","Male",0.462,6.993,-0.0442264150943396,"Public",0.50622641509434,1,1
"3013","No","Female",0.102,7.7,-0.0442264150943396,"Public",0.14622641509434,1,0
"3013","No","Male",-0.118,6.428,-0.0442264150943396,"Public",-0.0737735849056604,1,1
"3013","No","Male",-0.608,12.867,-0.0442264150943396,"Public",-0.56377358490566,1,1
"3013","No","Male",0.272,20.811,-0.0442264150943396,"Public",0.31622641509434,1,1
"3013","No","Female",0.512,5.783,-0.0442264150943396,"Public",0.55622641509434,1,0
"3013","No","Female",0.032,18.846,-0.0442264150943396,"Public",0.0762264150943396,1,0
"3013","No","Male",0.322,2.285,-0.0442264150943396,"Public",0.36622641509434,1,1
"3013","No","Male",1.022,16.208,-0.0442264150943396,"Public",1.06622641509434,1,1
"3013","No","Male",0.262,22.311,-0.0442264150943396,"Public",0.30622641509434,1,1
"3013","No","Male",-0.188,-1.215,-0.0442264150943396,"Public",-0.14377358490566,1,1
"3013","No","Male",-0.168,19.696,-0.0442264150943396,"Public",-0.12377358490566,1,1
"3013","No","Female",0.772,22.854,-0.0442264150943396,"Public",0.81622641509434,1,0
"3013","No","Male",-0.998,15.408,-0.0442264150943396,"Public",-0.95377358490566,1,1
"3013","No","Male",-0.948,14.382,-0.0442264150943396,"Public",-0.90377358490566,1,1
"3020","No","Female",-0.308,5.137,0.230135593220339,"Catholic",-0.538135593220339,1,0
"3020","No","Female",-1.098,9.819,0.230135593220339,"Catholic",-1.32813559322034,1,0
"3020","Yes","Female",-1.158,20.025,0.230135593220339,"Catholic",-1.38813559322034,1,0
"3020","No","Female",0.902,22.012,0.230135593220339,"Catholic",0.671864406779661,1,0
"3020","No","Female",0.692,16.083,0.230135593220339,"Catholic",0.461864406779661,1,0
"3020","No","Female",0.682,21.474,0.230135593220339,"Catholic",0.451864406779661,1,0
"3020","No","Female",0.342,17.756,0.230135593220339,"Catholic",0.111864406779661,1,0
"3020","No","Female",0.772,19.702,0.230135593220339,"Catholic",0.541864406779661,1,0
"3020","No","Female",0.682,11.789,0.230135593220339,"Catholic",0.451864406779661,1,0
"3020","No","Female",-0.118,7.395,0.230135593220339,"Catholic",-0.348135593220339,1,0
"3020","No","Female",1.032,12.158,0.230135593220339,"Catholic",0.801864406779661,1,0
"3020","No","Female",-0.498,11.461,0.230135593220339,"Catholic",-0.728135593220339,1,0
"3020","No","Female",-1.258,4.094,0.230135593220339,"Catholic",-1.48813559322034,1,0
"3020","No","Female",-0.468,10.755,0.230135593220339,"Catholic",-0.698135593220339,1,0
"3020","No","Female",-0.148,21.164,0.230135593220339,"Catholic",-0.378135593220339,1,0
"3020","No","Female",0.132,15.936,0.230135593220339,"Catholic",-0.098135593220339,1,0
"3020","No","Female",0.482,14.254,0.230135593220339,"Catholic",0.251864406779661,1,0
"3020","No","Female",-0.538,14.128,0.230135593220339,"Catholic",-0.768135593220339,1,0
"3020","No","Female",0.902,16.42,0.230135593220339,"Catholic",0.671864406779661,1,0
"3020","No","Female",0.222,17.291,0.230135593220339,"Catholic",-0.00813559322033897,1,0
"3020","No","Female",0.212,22.245,0.230135593220339,"Catholic",-0.018135593220339,1,0
"3020","No","Female",1.182,24.319,0.230135593220339,"Catholic",0.951864406779661,1,0
"3020","No","Female",-0.968,24.993,0.230135593220339,"Catholic",-1.19813559322034,1,0
"3020","No","Female",0.152,22.781,0.230135593220339,"Catholic",-0.078135593220339,1,0
"3020","No","Female",-0.398,16.205,0.230135593220339,"Catholic",-0.628135593220339,1,0
"3020","Yes","Female",1.032,16.67,0.230135593220339,"Catholic",0.801864406779661,1,0
"3020","No","Female",-0.308,14.069,0.230135593220339,"Catholic",-0.538135593220339,1,0
"3020","No","Female",0.692,17.839,0.230135593220339,"Catholic",0.461864406779661,1,0
"3020","No","Female",0.712,-2.528,0.230135593220339,"Catholic",0.481864406779661,1,0
"3020","No","Female",0.212,13.555,0.230135593220339,"Catholic",-0.018135593220339,1,0
"3020","No","Female",0.572,21.011,0.230135593220339,"Catholic",0.341864406779661,1,0
"3020","No","Female",-0.278,8.057,0.230135593220339,"Catholic",-0.508135593220339,1,0
"3020","No","Female",0.932,17.393,0.230135593220339,"Catholic",0.701864406779661,1,0
"3020","No","Female",0.662,14.94,0.230135593220339,"Catholic",0.431864406779661,1,0
"3020","No","Female",-1.128,11.591,0.230135593220339,"Catholic",-1.35813559322034,1,0
"3020","No","Female",0.942,8.656,0.230135593220339,"Catholic",0.711864406779661,1,0
"3020","No","Female",1.152,3.571,0.230135593220339,"Catholic",0.921864406779661,1,0
"3020","No","Female",-0.258,10.857,0.230135593220339,"Catholic",-0.488135593220339,1,0
"3020","No","Female",0.052,6.151,0.230135593220339,"Catholic",-0.178135593220339,1,0
"3020","No","Female",0.262,13.335,0.230135593220339,"Catholic",0.031864406779661,1,0
"3020","No","Female",0.132,21.468,0.230135593220339,"Catholic",-0.098135593220339,1,0
"3020","No","Female",-0.718,3.617,0.230135593220339,"Catholic",-0.948135593220339,1,0
"3020","No","Female",-0.548,22.151,0.230135593220339,"Catholic",-0.778135593220339,1,0
"3020","No","Female",1.092,17.699,0.230135593220339,"Catholic",0.861864406779661,1,0
"3020","No","Female",0.232,18.828,0.230135593220339,"Catholic",0.00186440677966104,1,0
"3020","No","Female",0.702,17.757,0.230135593220339,"Catholic",0.471864406779661,1,0
"3020","No","Female",0.842,10.247,0.230135593220339,"Catholic",0.611864406779661,1,0
"3020","No","Female",0.612,20.066,0.230135593220339,"Catholic",0.381864406779661,1,0
"3020","No","Female",0.582,19.287,0.230135593220339,"Catholic",0.351864406779661,1,0
"3020","No","Female",0.232,17.706,0.230135593220339,"Catholic",0.00186440677966104,1,0
"3020","No","Male",0.942,13.261,0.230135593220339,"Catholic",0.711864406779661,1,1
"3020","No","Female",0.602,9.664,0.230135593220339,"Catholic",0.371864406779661,1,0
"3020","No","Female",-0.148,18.686,0.230135593220339,"Catholic",-0.378135593220339,1,0
"3020","No","Female",-0.078,-0.451,0.230135593220339,"Catholic",-0.308135593220339,1,0
"3020","No","Female",0.942,20.069,0.230135593220339,"Catholic",0.711864406779661,1,0
"3020","No","Female",0.212,17.39,0.230135593220339,"Catholic",-0.018135593220339,1,0
"3020","No","Female",1.182,13.656,0.230135593220339,"Catholic",0.951864406779661,1,0
"3020","No","Female",0.012,2.172,0.230135593220339,"Catholic",-0.218135593220339,1,0
"3020","No","Female",0.072,11.485,0.230135593220339,"Catholic",-0.158135593220339,1,0
"3039","No","Male",-0.248,22.522,0.347714285714286,"Catholic",-0.595714285714286,1,1
"3039","Yes","Male",0.242,16.08,0.347714285714286,"Catholic",-0.105714285714286,1,1
"3039","Yes","Male",-0.678,21.175,0.347714285714286,"Catholic",-1.02571428571429,1,1
"3039","No","Male",1.042,22.989,0.347714285714286,"Catholic",0.694285714285714,1,1
"3039","Yes","Male",-0.528,10.546,0.347714285714286,"Catholic",-0.875714285714286,1,1
"3039","No","Male",1.192,16.267,0.347714285714286,"Catholic",0.844285714285714,1,1
"3039","Yes","Male",0.202,4.395,0.347714285714286,"Catholic",-0.145714285714286,1,1
"3039","No","Male",0.942,15.792,0.347714285714286,"Catholic",0.594285714285714,1,1
"3039","No","Male",1.122,20.051,0.347714285714286,"Catholic",0.774285714285714,1,1
"3039","No","Male",1.002,18.331,0.347714285714286,"Catholic",0.654285714285714,1,1
"3039","No","Male",1.342,20.458,0.347714285714286,"Catholic",0.994285714285714,1,1
"3039","Yes","Male",0.082,12.246,0.347714285714286,"Catholic",-0.265714285714286,1,1
"3039","No","Male",-0.908,7.748,0.347714285714286,"Catholic",-1.25571428571429,1,1
"3039","No","Male",0.232,24.812,0.347714285714286,"Catholic",-0.115714285714286,1,1
"3039","No","Male",0.002,17.491,0.347714285714286,"Catholic",-0.345714285714286,1,1
"3039","Yes","Male",0.942,19.167,0.347714285714286,"Catholic",0.594285714285714,1,1
"3039","No","Male",0.982,20.082,0.347714285714286,"Catholic",0.634285714285714,1,1
"3039","No","Male",-0.558,14.116,0.347714285714286,"Catholic",-0.905714285714286,1,1
"3039","Yes","Male",-0.388,17.908,0.347714285714286,"Catholic",-0.735714285714286,1,1
"3039","No","Male",0.882,23.09,0.347714285714286,"Catholic",0.534285714285714,1,1
"3039","Yes","Male",0.402,10.975,0.347714285714286,"Catholic",0.0542857142857143,1,1
"3088","No","Female",0.352,13.758,-0.472615384615385,"Public",0.824615384615385,1,0
"3088","No","Female",0.702,22.091,-0.472615384615385,"Public",1.17461538461538,1,0
"3088","Yes","Female",-0.438,4.23,-0.472615384615385,"Public",0.0346153846153846,1,0
"3088","No","Female",-0.038,15.095,-0.472615384615385,"Public",0.434615384615385,1,0
"3088","Yes","Female",0.292,11.913,-0.472615384615385,"Public",0.764615384615385,1,0
"3088","Yes","Female",-0.138,10.447,-0.472615384615385,"Public",0.334615384615385,1,0
"3088","Yes","Female",-0.138,0.363,-0.472615384615385,"Public",0.334615384615385,1,0
"3088","Yes","Female",-0.458,11.141,-0.472615384615385,"Public",0.0146153846153846,1,0
"3088","Yes","Female",-0.628,8.298,-0.472615384615385,"Public",-0.155384615384615,1,0
"3088","Yes","Male",0.412,2.38,-0.472615384615385,"Public",0.884615384615385,1,1
"3088","Yes","Male",-1.788,4.838,-0.472615384615385,"Public",-1.31538461538462,1,1
"3088","Yes","Male",-0.708,4.5,-0.472615384615385,"Public",-0.235384615384615,1,1
"3088","Yes","Male",0.552,14.97,-0.472615384615385,"Public",1.02461538461538,1,1
"3088","No","Male",0.792,4.896,-0.472615384615385,"Public",1.26461538461538,1,1
"3088","No","Male",-1.038,12.177,-0.472615384615385,"Public",-0.565384615384615,1,1
"3088","Yes","Male",-0.778,14.987,-0.472615384615385,"Public",-0.305384615384615,1,1
"3088","Yes","Male",-1.548,1.314,-0.472615384615385,"Public",-1.07538461538462,1,1
"3088","No","Male",0.082,4.007,-0.472615384615385,"Public",0.554615384615385,1,1
"3088","No","Male",0.602,17.404,-0.472615384615385,"Public",1.07461538461538,1,1
"3088","Yes","Male",-1.668,17.599,-0.472615384615385,"Public",-1.19538461538462,1,1
"3088","Yes","Male",-1.098,8.139,-0.472615384615385,"Public",-0.625384615384615,1,1
"3088","No","Male",-0.998,3.242,-0.472615384615385,"Public",-0.525384615384615,1,1
"3088","Yes","Male",-0.858,0.036,-0.472615384615385,"Public",-0.385384615384615,1,1
"3088","Yes","Male",0.672,2.211,-0.472615384615385,"Public",1.14461538461538,1,1
"3088","No","Male",0.522,5.27,-0.472615384615385,"Public",0.994615384615385,1,1
"3088","No","Female",-0.138,7.731,-0.472615384615385,"Public",0.334615384615385,1,0
"3088","Yes","Female",-1.078,6.953,-0.472615384615385,"Public",-0.605384615384615,1,0
"3088","Yes","Female",-2.508,4.635,-0.472615384615385,"Public",-2.03538461538462,1,0
"3088","No","Female",0.032,18.384,-0.472615384615385,"Public",0.504615384615385,1,0
"3088","Yes","Female",-1.818,6.92,-0.472615384615385,"Public",-1.34538461538462,1,0
"3088","No","Female",0.002,4.828,-0.472615384615385,"Public",0.474615384615385,1,0
"3088","No","Female",-0.418,16.941,-0.472615384615385,"Public",0.0546153846153846,1,0
"3088","Yes","Female",-0.988,8.339,-0.472615384615385,"Public",-0.515384615384615,1,0
"3088","Yes","Female",-0.848,4.784,-0.472615384615385,"Public",-0.375384615384615,1,0
"3088","No","Female",-0.338,19.106,-0.472615384615385,"Public",0.134615384615385,1,0
"3088","No","Female",-0.408,8.896,-0.472615384615385,"Public",0.0646153846153846,1,0
"3088","Yes","Female",-1.458,3.027,-0.472615384615385,"Public",-0.985384615384615,1,0
"3088","Yes","Male",-0.628,14.065,-0.472615384615385,"Public",-0.155384615384615,1,1
"3088","No","Male",-0.498,16.773,-0.472615384615385,"Public",-0.0253846153846154,1,1
"3152","No","Female",0.012,12.032,0.0310384615384615,"Public",-0.0190384615384615,1,0
"3152","No","Female",0.882,16.855,0.0310384615384615,"Public",0.850961538461538,1,0
"3152","No","Female",-1.138,8.486,0.0310384615384615,"Public",-1.16903846153846,1,0
"3152","No","Female",0.542,5.826,0.0310384615384615,"Public",0.510961538461538,1,0
"3152","No","Male",0.612,12.818,0.0310384615384615,"Public",0.580961538461538,1,1
"3152","No","Male",0.792,24.993,0.0310384615384615,"Public",0.760961538461538,1,1
"3152","No","Female",0.612,23.08,0.0310384615384615,"Public",0.580961538461538,1,0
"3152","No","Male",-1.368,13.592,0.0310384615384615,"Public",-1.39903846153846,1,1
"3152","No","Male",0.662,14.926,0.0310384615384615,"Public",0.630961538461538,1,1
"3152","No","Female",1.072,17.58,0.0310384615384615,"Public",1.04096153846154,1,0
"3152","No","Female",1.172,13.564,0.0310384615384615,"Public",1.14096153846154,1,0
"3152","No","Male",0.762,24.993,0.0310384615384615,"Public",0.730961538461538,1,1
"3152","No","Female",-0.778,8.789,0.0310384615384615,"Public",-0.809038461538462,1,0
"3152","No","Male",0.952,23.127,0.0310384615384615,"Public",0.920961538461538,1,1
"3152","No","Female",0.652,12.714,0.0310384615384615,"Public",0.620961538461538,1,0
"3152","No","Male",0.482,18.934,0.0310384615384615,"Public",0.450961538461538,1,1
"3152","No","Male",-0.268,6.466,0.0310384615384615,"Public",-0.299038461538462,1,1
"3152","No","Male",-1.018,18.051,0.0310384615384615,"Public",-1.04903846153846,1,1
"3152","No","Male",-0.258,22.254,0.0310384615384615,"Public",-0.289038461538462,1,1
"3152","No","Male",-0.418,13.128,0.0310384615384615,"Public",-0.449038461538461,1,1
"3152","No","Male",0.842,23.818,0.0310384615384615,"Public",0.810961538461538,1,1
"3152","No","Female",-1.368,1.439,0.0310384615384615,"Public",-1.39903846153846,1,0
"3152","No","Female",-0.138,5.576,0.0310384615384615,"Public",-0.169038461538462,1,0
"3152","No","Female",-0.298,19.71,0.0310384615384615,"Public",-0.329038461538462,1,0
"3152","No","Female",-0.428,-2.094,0.0310384615384615,"Public",-0.459038461538462,1,0
"3152","No","Male",0.702,2.986,0.0310384615384615,"Public",0.670961538461538,1,1
"3152","No","Female",0.822,22.553,0.0310384615384615,"Public",0.790961538461538,1,0
"3152","Yes","Male",0.832,1.791,0.0310384615384615,"Public",0.800961538461538,1,1
"3152","No","Male",-0.848,19.482,0.0310384615384615,"Public",-0.879038461538462,1,1
"3152","Yes","Female",0.782,2.982,0.0310384615384615,"Public",0.750961538461538,1,0
"3152","No","Male",1.212,14.932,0.0310384615384615,"Public",1.18096153846154,1,1
"3152","No","Female",-0.778,8.491,0.0310384615384615,"Public",-0.809038461538462,1,0
"3152","No","Male",0.652,22.344,0.0310384615384615,"Public",0.620961538461538,1,1
"3152","No","Female",-1.038,20.36,0.0310384615384615,"Public",-1.06903846153846,1,0
"3152","No","Male",-0.628,15.751,0.0310384615384615,"Public",-0.659038461538462,1,1
"3152","No","Male",1.202,19.572,0.0310384615384615,"Public",1.17096153846154,1,1
"3152","Yes","Male",-1.298,6.251,0.0310384615384615,"Public",-1.32903846153846,1,1
"3152","No","Female",-0.908,10.161,0.0310384615384615,"Public",-0.939038461538462,1,0
"3152","No","Male",-0.218,20.953,0.0310384615384615,"Public",-0.249038461538462,1,1
"3152","No","Female",-0.508,7.024,0.0310384615384615,"Public",-0.539038461538462,1,0
"3152","No","Female",0.332,12.152,0.0310384615384615,"Public",0.300961538461539,1,0
"3152","Yes","Male",-0.278,16.213,0.0310384615384615,"Public",-0.309038461538462,1,1
"3152","No","Female",-0.648,9.781,0.0310384615384615,"Public",-0.679038461538462,1,0
"3152","No","Male",0.202,-2.5,0.0310384615384615,"Public",0.170961538461538,1,1
"3152","No","Male",-1.258,14.184,0.0310384615384615,"Public",-1.28903846153846,1,1
"3152","No","Female",-0.168,-1.237,0.0310384615384615,"Public",-0.199038461538462,1,0
"3152","No","Female",1.262,15.562,0.0310384615384615,"Public",1.23096153846154,1,0
"3152","No","Male",-1.128,9.519,0.0310384615384615,"Public",-1.15903846153846,1,1
"3152","No","Female",-0.788,7.537,0.0310384615384615,"Public",-0.819038461538462,1,0
"3152","No","Female",-0.938,12.144,0.0310384615384615,"Public",-0.969038461538462,1,0
"3152","No","Female",1.262,18.943,0.0310384615384615,"Public",1.23096153846154,1,0
"3152","No","Female",1.212,18.282,0.0310384615384615,"Public",1.18096153846154,1,0
"3332","No","Male",0.822,11.922,0.611473684210526,"Public",0.210526315789474,1,1
"3332","No","Female",0.952,16.781,0.611473684210526,"Public",0.340526315789474,1,0
"3332","No","Female",-0.218,22.317,0.611473684210526,"Public",-0.829473684210526,1,0
"3332","No","Male",1.292,23.054,0.611473684210526,"Public",0.680526315789474,1,1
"3332","No","Female",0.372,0.996,0.611473684210526,"Public",-0.239473684210526,1,0
"3332","No","Male",0.292,13.306,0.611473684210526,"Public",-0.319473684210526,1,1
"3332","No","Female",0.532,21.848,0.611473684210526,"Public",-0.0794736842105263,1,0
"3332","No","Female",0.302,2.204,0.611473684210526,"Public",-0.309473684210526,1,0
"3332","No","Female",-0.468,12.782,0.611473684210526,"Public",-1.07947368421053,1,0
"3332","No","Female",0.882,16.163,0.611473684210526,"Public",0.270526315789474,1,0
"3332","No","Female",1.362,15.93,0.611473684210526,"Public",0.750526315789474,1,0
"3332","No","Female",0.752,19.805,0.611473684210526,"Public",0.140526315789474,1,0
"3332","No","Male",-0.178,23.054,0.611473684210526,"Public",-0.789473684210526,1,1
"3332","No","Male",0.532,22.661,0.611473684210526,"Public",-0.0794736842105263,1,1
"3332","No","Male",-0.328,11.461,0.611473684210526,"Public",-0.939473684210526,1,1
"3332","No","Female",0.062,6.246,0.611473684210526,"Public",-0.549473684210526,1,0
"3332","No","Male",1.122,24.993,0.611473684210526,"Public",0.510526315789474,1,1
"3332","No","Female",1.142,14.997,0.611473684210526,"Public",0.530526315789474,1,0
"3332","No","Female",1.042,13.567,0.611473684210526,"Public",0.430526315789474,1,0
"3332","No","Male",0.832,22.856,0.611473684210526,"Public",0.220526315789474,1,1
"3332","No","Male",1.362,10.06,0.611473684210526,"Public",0.750526315789474,1,1
"3332","No","Female",-0.188,5.719,0.611473684210526,"Public",-0.799473684210526,1,0
"3332","No","Female",0.022,7.341,0.611473684210526,"Public",-0.589473684210526,1,0
"3332","No","Female",-0.248,17.632,0.611473684210526,"Public",-0.859473684210526,1,0
"3332","No","Female",0.672,15.569,0.611473684210526,"Public",0.0605263157894738,1,0
"3332","No","Female",0.082,7.554,0.611473684210526,"Public",-0.529473684210526,1,0
"3332","No","Female",0.972,16.206,0.611473684210526,"Public",0.360526315789474,1,0
"3332","No","Male",1.172,9.355,0.611473684210526,"Public",0.560526315789474,1,1
"3332","No","Female",-0.628,11.531,0.611473684210526,"Public",-1.23947368421053,1,0
"3332","No","Male",1.212,7.41,0.611473684210526,"Public",0.600526315789474,1,1
"3332","No","Female",1.012,23.619,0.611473684210526,"Public",0.400526315789474,1,0
"3332","No","Female",1.262,10.749,0.611473684210526,"Public",0.650526315789474,1,0
"3332","No","Female",1.162,18.119,0.611473684210526,"Public",0.550526315789474,1,0
"3332","No","Female",0.762,22.896,0.611473684210526,"Public",0.150526315789474,1,0
"3332","No","Male",0.762,3.628,0.611473684210526,"Public",0.150526315789474,1,1
"3332","No","Male",0.882,13.063,0.611473684210526,"Public",0.270526315789474,1,1
"3332","No","Male",1.342,13.033,0.611473684210526,"Public",0.730526315789474,1,1
"3332","No","Female",0.522,12.143,0.611473684210526,"Public",-0.0894736842105263,1,0
"3351","No","Female",0.582,8.879,0.326102564102564,"Public",0.255897435897436,1,0
"3351","No","Female",1.372,6.98,0.326102564102564,"Public",1.04589743589744,1,0
"3351","Yes","Female",0.372,6.652,0.326102564102564,"Public",0.0458974358974359,1,0
"3351","Yes","Male",-0.098,4.361,0.326102564102564,"Public",-0.424102564102564,1,1
"3351","Yes","Male",-1.488,3.377,0.326102564102564,"Public",-1.81410256410256,1,1
"3351","No","Female",0.262,13.294,0.326102564102564,"Public",-0.0641025641025641,1,0
"3351","Yes","Male",-2.028,4.388,0.326102564102564,"Public",-2.35410256410256,1,1
"3351","Yes","Male",0.832,4.972,0.326102564102564,"Public",0.505897435897436,1,1
"3351","No","Female",0.032,17.262,0.326102564102564,"Public",-0.294102564102564,1,0
"3351","Yes","Male",0.352,16.297,0.326102564102564,"Public",0.0258974358974359,1,1
"3351","No","Female",0.532,12.815,0.326102564102564,"Public",0.205897435897436,1,0
"3351","No","Female",0.982,13.233,0.326102564102564,"Public",0.655897435897436,1,0
"3351","No","Male",-0.188,24.301,0.326102564102564,"Public",-0.514102564102564,1,1
"3351","No","Female",-0.708,-0.417,0.326102564102564,"Public",-1.03410256410256,1,0
"3351","No","Female",0.932,13.276,0.326102564102564,"Public",0.605897435897436,1,0
"3351","Yes","Female",0.812,5.305,0.326102564102564,"Public",0.485897435897436,1,0
"3351","No","Female",0.592,2.781,0.326102564102564,"Public",0.265897435897436,1,0
"3351","No","Male",1.422,13.188,0.326102564102564,"Public",1.09589743589744,1,1
"3351","No","Male",0.892,14.7,0.326102564102564,"Public",0.565897435897436,1,1
"3351","No","Male",1.212,21.054,0.326102564102564,"Public",0.885897435897436,1,1
"3351","No","Male",1.392,12.381,0.326102564102564,"Public",1.06589743589744,1,1
"3351","Yes","Male",0.342,22.616,0.326102564102564,"Public",0.0158974358974359,1,1
"3351","Yes","Male",-0.568,5.453,0.326102564102564,"Public",-0.894102564102564,1,1
"3351","No","Male",1.142,6.41,0.326102564102564,"Public",0.815897435897436,1,1
"3351","No","Male",-0.798,14.87,0.326102564102564,"Public",-1.12410256410256,1,1
"3351","No","Female",-0.018,15.227,0.326102564102564,"Public",-0.344102564102564,1,0
"3351","No","Female",0.672,-0.598,0.326102564102564,"Public",0.345897435897436,1,0
"3351","No","Male",0.432,17.06,0.326102564102564,"Public",0.105897435897436,1,1
"3351","No","Male",1.182,22.697,0.326102564102564,"Public",0.855897435897436,1,1
"3351","No","Male",1.512,11.147,0.326102564102564,"Public",1.18589743589744,1,1
"3351","No","Female",0.512,17.175,0.326102564102564,"Public",0.185897435897436,1,0
"3351","No","Female",-0.258,12.905,0.326102564102564,"Public",-0.584102564102564,1,0
"3351","No","Male",-0.278,14.594,0.326102564102564,"Public",-0.604102564102564,1,1
"3351","No","Female",1.122,24.993,0.326102564102564,"Public",0.795897435897436,1,0
"3351","Yes","Male",-0.798,-1.095,0.326102564102564,"Public",-1.12410256410256,1,1
"3351","No","Male",0.902,5.637,0.326102564102564,"Public",0.575897435897436,1,1
"3351","No","Male",0.512,20.708,0.326102564102564,"Public",0.185897435897436,1,1
"3351","Yes","Male",-1.178,10.064,0.326102564102564,"Public",-1.50410256410256,1,1
"3351","No","Male",0.222,8.2,0.326102564102564,"Public",-0.104102564102564,1,1
"3377","Yes","Male",-0.938,14.34,-0.585333333333333,"Public",-0.352666666666667,1,1
"3377","Yes","Female",-1.188,5.271,-0.585333333333333,"Public",-0.602666666666667,1,0
"3377","Yes","Male",-0.628,6.933,-0.585333333333333,"Public",-0.0426666666666666,1,1
"3377","Yes","Male",-0.948,13.531,-0.585333333333333,"Public",-0.362666666666667,1,1
"3377","Yes","Female",-0.368,2.697,-0.585333333333333,"Public",0.217333333333333,1,0
"3377","Yes","Male",-0.448,12.221,-0.585333333333333,"Public",0.137333333333333,1,1
"3377","Yes","Male",-0.908,16.269,-0.585333333333333,"Public",-0.322666666666667,1,1
"3377","Yes","Female",-0.578,0.155,-0.585333333333333,"Public",0.00733333333333341,1,0
"3377","Yes","Male",-0.918,18.275,-0.585333333333333,"Public",-0.332666666666667,1,1
"3377","Yes","Female",-0.788,2.066,-0.585333333333333,"Public",-0.202666666666667,1,0
"3377","Yes","Female",-1.838,7.783,-0.585333333333333,"Public",-1.25266666666667,1,0
"3377","Yes","Female",-1.158,8.285,-0.585333333333333,"Public",-0.572666666666667,1,0
"3377","Yes","Male",-1.248,7.378,-0.585333333333333,"Public",-0.662666666666667,1,1
"3377","Yes","Male",-0.128,5.227,-0.585333333333333,"Public",0.457333333333333,1,1
"3377","Yes","Male",-0.658,3.486,-0.585333333333333,"Public",-0.0726666666666667,1,1
"3377","Yes","Female",0.102,8.869,-0.585333333333333,"Public",0.687333333333333,1,0
"3377","No","Male",0.792,15.436,-0.585333333333333,"Public",1.37733333333333,1,1
"3377","Yes","Female",-0.048,-2.832,-0.585333333333333,"Public",0.537333333333333,1,0
"3377","Yes","Female",-0.648,3.079,-0.585333333333333,"Public",-0.0626666666666666,1,0
"3377","Yes","Female",-0.488,6.659,-0.585333333333333,"Public",0.0973333333333334,1,0
"3377","Yes","Male",-0.718,21.669,-0.585333333333333,"Public",-0.132666666666667,1,1
"3377","Yes","Female",-0.688,19.026,-0.585333333333333,"Public",-0.102666666666667,1,0
"3377","Yes","Male",1.092,2.322,-0.585333333333333,"Public",1.67733333333333,1,1
"3377","No","Female",-1.458,12.873,-0.585333333333333,"Public",-0.872666666666667,1,0
"3377","Yes","Male",0.232,10.538,-0.585333333333333,"Public",0.817333333333333,1,1
"3377","Yes","Male",-0.918,7.441,-0.585333333333333,"Public",-0.332666666666667,1,1
"3377","Yes","Male",-0.908,9.481,-0.585333333333333,"Public",-0.322666666666667,1,1
"3377","Yes","Female",-1.438,23.116,-0.585333333333333,"Public",-0.852666666666667,1,0
"3377","Yes","Male",-0.138,1.155,-0.585333333333333,"Public",0.447333333333333,1,1
"3377","Yes","Female",-0.838,20.537,-0.585333333333333,"Public",-0.252666666666667,1,0
"3377","Yes","Male",-0.808,5.404,-0.585333333333333,"Public",-0.222666666666667,1,1
"3377","Yes","Female",-1.088,-0.704,-0.585333333333333,"Public",-0.502666666666667,1,0
"3377","Yes","Female",-0.268,19.052,-0.585333333333333,"Public",0.317333333333333,1,0
"3377","Yes","Male",-0.378,16.637,-0.585333333333333,"Public",0.207333333333333,1,1
"3377","Yes","Male",-0.388,14.117,-0.585333333333333,"Public",0.197333333333333,1,1
"3377","Yes","Female",1.042,0.114,-0.585333333333333,"Public",1.62733333333333,1,0
"3377","Yes","Female",-0.768,14.413,-0.585333333333333,"Public",-0.182666666666667,1,0
"3377","Yes","Male",-0.088,4.82,-0.585333333333333,"Public",0.497333333333333,1,1
"3377","Yes","Male",-1.858,5.888,-0.585333333333333,"Public",-1.27266666666667,1,1
"3377","No","Male",0.462,17.617,-0.585333333333333,"Public",1.04733333333333,1,1
"3377","Yes","Male",-0.498,-0.227,-0.585333333333333,"Public",0.0873333333333334,1,1
"3377","Yes","Male",-2.248,3.833,-0.585333333333333,"Public",-1.66266666666667,1,1
"3377","Yes","Female",-0.178,10.298,-0.585333333333333,"Public",0.407333333333333,1,0
"3377","Yes","Male",-0.488,-0.009,-0.585333333333333,"Public",0.0973333333333334,1,1
"3377","No","Male",0.022,18.863,-0.585333333333333,"Public",0.607333333333333,1,1
"3427","No","Male",-0.038,13.874,0.153020408163265,"Catholic",-0.191020408163265,1,1
"3427","No","Male",-0.498,13.824,0.153020408163265,"Catholic",-0.651020408163265,1,1
"3427","No","Male",0.422,19.372,0.153020408163265,"Catholic",0.268979591836735,1,1
"3427","No","Male",-0.718,21.296,0.153020408163265,"Catholic",-0.871020408163265,1,1
"3427","No","Male",-0.258,24.107,0.153020408163265,"Catholic",-0.411020408163265,1,1
"3427","No","Male",0.062,20.232,0.153020408163265,"Catholic",-0.0910204081632653,1,1
"3427","No","Male",0.632,24.401,0.153020408163265,"Catholic",0.478979591836735,1,1
"3427","Yes","Male",-0.678,15.381,0.153020408163265,"Catholic",-0.831020408163265,1,1
"3427","No","Male",-0.088,22.779,0.153020408163265,"Catholic",-0.241020408163265,1,1
"3427","No","Male",0.862,13.774,0.153020408163265,"Catholic",0.708979591836735,1,1
"3427","No","Male",-0.418,18.072,0.153020408163265,"Catholic",-0.571020408163265,1,1
"3427","No","Male",-0.038,15.127,0.153020408163265,"Catholic",-0.191020408163265,1,1
"3427","No","Male",1.312,23.163,0.153020408163265,"Catholic",1.15897959183673,1,1
"3427","Yes","Male",1.002,18.013,0.153020408163265,"Catholic",0.848979591836735,1,1
"3427","No","Male",0.862,16.703,0.153020408163265,"Catholic",0.708979591836735,1,1
"3427","No","Male",-0.268,19.561,0.153020408163265,"Catholic",-0.421020408163265,1,1
"3427","No","Male",1.312,22.245,0.153020408163265,"Catholic",1.15897959183673,1,1
"3427","No","Male",0.512,21.508,0.153020408163265,"Catholic",0.358979591836735,1,1
"3427","No","Male",-0.418,15.642,0.153020408163265,"Catholic",-0.571020408163265,1,1
"3427","No","Male",0.922,22.667,0.153020408163265,"Catholic",0.768979591836735,1,1
"3427","No","Male",0.022,20.877,0.153020408163265,"Catholic",-0.131020408163265,1,1
"3427","Yes","Male",-0.018,22.273,0.153020408163265,"Catholic",-0.171020408163265,1,1
"3427","No","Male",-0.258,21.828,0.153020408163265,"Catholic",-0.411020408163265,1,1
"3427","No","Male",0.432,24.993,0.153020408163265,"Catholic",0.278979591836735,1,1
"3427","No","Male",-0.118,16.374,0.153020408163265,"Catholic",-0.271020408163265,1,1
"3427","No","Male",0.622,16.622,0.153020408163265,"Catholic",0.468979591836735,1,1
"3427","No","Male",1.282,13.571,0.153020408163265,"Catholic",1.12897959183673,1,1
"3427","No","Male",1.512,18.049,0.153020408163265,"Catholic",1.35897959183673,1,1
"3427","No","Male",0.062,20.784,0.153020408163265,"Catholic",-0.0910204081632653,1,1
"3427","No","Male",1.082,16.641,0.153020408163265,"Catholic",0.928979591836735,1,1
"3427","Yes","Male",-0.298,17.28,0.153020408163265,"Catholic",-0.451020408163265,1,1
"3427","Yes","Male",-0.158,21.872,0.153020408163265,"Catholic",-0.311020408163265,1,1
"3427","No","Male",-0.298,24.812,0.153020408163265,"Catholic",-0.451020408163265,1,1
"3427","No","Male",-0.048,22.801,0.153020408163265,"Catholic",-0.201020408163265,1,1
"3427","No","Male",0.432,20.961,0.153020408163265,"Catholic",0.278979591836735,1,1
"3427","Yes","Male",-0.908,20.786,0.153020408163265,"Catholic",-1.06102040816327,1,1
"3427","No","Male",0.672,20.621,0.153020408163265,"Catholic",0.518979591836735,1,1
"3427","No","Male",-1.288,21.444,0.153020408163265,"Catholic",-1.44102040816327,1,1
"3427","No","Male",-0.008,20.319,0.153020408163265,"Catholic",-0.161020408163265,1,1
"3427","No","Male",0.422,21.038,0.153020408163265,"Catholic",0.268979591836735,1,1
"3427","No","Male",-0.218,19.8,0.153020408163265,"Catholic",-0.371020408163265,1,1
"3427","No","Male",-0.758,23.817,0.153020408163265,"Catholic",-0.911020408163265,1,1
"3427","No","Male",0.792,23.83,0.153020408163265,"Catholic",0.638979591836735,1,1
"3427","No","Male",0.482,23.09,0.153020408163265,"Catholic",0.328979591836735,1,1
"3427","No","Male",-1.318,19.606,0.153020408163265,"Catholic",-1.47102040816327,1,1
"3427","No","Male",0.172,21.378,0.153020408163265,"Catholic",0.0189795918367347,1,1
"3427","No","Male",0.442,12.046,0.153020408163265,"Catholic",0.288979591836735,1,1
"3427","No","Male",-0.168,24.147,0.153020408163265,"Catholic",-0.321020408163265,1,1
"3427","No","Male",0.452,12.663,0.153020408163265,"Catholic",0.298979591836735,1,1
"3498","No","Female",1.152,4.259,0.659547169811321,"Catholic",0.492452830188679,1,0
"3498","No","Male",0.702,14.653,0.659547169811321,"Catholic",0.0424528301886792,1,1
"3498","No","Male",1.262,3.243,0.659547169811321,"Catholic",0.602452830188679,1,1
"3498","No","Female",-0.078,13.372,0.659547169811321,"Catholic",-0.737547169811321,1,0
"3498","No","Male",0.932,14.035,0.659547169811321,"Catholic",0.272452830188679,1,1
"3498","No","Male",1.512,16.807,0.659547169811321,"Catholic",0.852452830188679,1,1
"3498","No","Male",1.022,20.251,0.659547169811321,"Catholic",0.362452830188679,1,1
"3498","No","Male",0.372,19.222,0.659547169811321,"Catholic",-0.287547169811321,1,1
"3498","Yes","Female",0.902,18.402,0.659547169811321,"Catholic",0.242452830188679,1,0
"3498","No","Female",0.892,13.488,0.659547169811321,"Catholic",0.232452830188679,1,0
"3498","No","Female",1.222,21.797,0.659547169811321,"Catholic",0.562452830188679,1,0
"3498","No","Male",-0.088,13.707,0.659547169811321,"Catholic",-0.747547169811321,1,1
"3498","No","Female",0.682,3.213,0.659547169811321,"Catholic",0.0224528301886793,1,0
"3498","No","Female",-1.088,19.8,0.659547169811321,"Catholic",-1.74754716981132,1,0
"3498","No","Male",1.282,14.261,0.659547169811321,"Catholic",0.622452830188679,1,1
"3498","No","Female",0.102,4.845,0.659547169811321,"Catholic",-0.557547169811321,1,0
"3498","No","Male",0.532,13.094,0.659547169811321,"Catholic",-0.127547169811321,1,1
"3498","No","Female",1.182,21.444,0.659547169811321,"Catholic",0.522452830188679,1,0
"3498","No","Female",0.982,21.035,0.659547169811321,"Catholic",0.322452830188679,1,0
"3498","No","Female",-0.148,10.276,0.659547169811321,"Catholic",-0.807547169811321,1,0
"3498","No","Male",0.602,19.268,0.659547169811321,"Catholic",-0.0575471698113208,1,1
"3498","No","Female",0.532,21.366,0.659547169811321,"Catholic",-0.127547169811321,1,0
"3498","No","Male",0.272,20.514,0.659547169811321,"Catholic",-0.387547169811321,1,1
"3498","No","Female",0.472,15.495,0.659547169811321,"Catholic",-0.187547169811321,1,0
"3498","Yes","Male",1.392,19.987,0.659547169811321,"Catholic",0.732452830188679,1,1
"3498","No","Male",0.402,24.076,0.659547169811321,"Catholic",-0.257547169811321,1,1
"3498","No","Male",-0.108,19.707,0.659547169811321,"Catholic",-0.767547169811321,1,1
"3498","No","Male",0.762,15.019,0.659547169811321,"Catholic",0.102452830188679,1,1
"3498","No","Female",0.572,18.704,0.659547169811321,"Catholic",-0.0875471698113208,1,0
"3498","No","Male",1.422,20.707,0.659547169811321,"Catholic",0.762452830188679,1,1
"3498","No","Female",-0.098,17.769,0.659547169811321,"Catholic",-0.757547169811321,1,0
"3498","No","Female",1.282,12.357,0.659547169811321,"Catholic",0.622452830188679,1,0
"3498","No","Female",1.082,21.051,0.659547169811321,"Catholic",0.422452830188679,1,0
"3498","No","Male",-0.478,18.28,0.659547169811321,"Catholic",-1.13754716981132,1,1
"3498","No","Female",0.422,21.539,0.659547169811321,"Catholic",-0.237547169811321,1,0
"3498","No","Female",0.042,17.922,0.659547169811321,"Catholic",-0.617547169811321,1,0
"3498","Yes","Male",0.832,20.064,0.659547169811321,"Catholic",0.172452830188679,1,1
"3498","No","Male",0.942,19.083,0.659547169811321,"Catholic",0.282452830188679,1,1
"3498","No","Female",0.452,16.85,0.659547169811321,"Catholic",-0.207547169811321,1,0
"3498","No","Male",1.372,17.581,0.659547169811321,"Catholic",0.712452830188679,1,1
"3498","No","Female",0.192,10.937,0.659547169811321,"Catholic",-0.467547169811321,1,0
"3498","No","Male",-0.188,14.755,0.659547169811321,"Catholic",-0.847547169811321,1,1
"3498","No","Male",1.262,11.785,0.659547169811321,"Catholic",0.602452830188679,1,1
"3498","No","Male",0.122,16.289,0.659547169811321,"Catholic",-0.537547169811321,1,1
"3498","No","Male",0.062,19.958,0.659547169811321,"Catholic",-0.597547169811321,1,1
"3498","No","Male",1.142,19.68,0.659547169811321,"Catholic",0.482452830188679,1,1
"3498","Yes","Female",1.262,15.517,0.659547169811321,"Catholic",0.602452830188679,1,0
"3498","No","Female",0.282,16.848,0.659547169811321,"Catholic",-0.377547169811321,1,0
"3498","No","Male",1.012,18.808,0.659547169811321,"Catholic",0.352452830188679,1,1
"3498","No","Male",0.872,21.688,0.659547169811321,"Catholic",0.212452830188679,1,1
"3498","No","Female",0.802,16.686,0.659547169811321,"Catholic",0.142452830188679,1,0
"3498","No","Male",1.122,7.007,0.659547169811321,"Catholic",0.462452830188679,1,1
"3498","No","Male",1.512,20.193,0.659547169811321,"Catholic",0.852452830188679,1,1
"3499","Yes","Female",0.562,15.165,0.449894736842105,"Catholic",0.112105263157895,1,0
"3499","Yes","Female",0.592,10.491,0.449894736842105,"Catholic",0.142105263157895,1,0
"3499","No","Female",-0.748,7.605,0.449894736842105,"Catholic",-1.19789473684211,1,0
"3499","No","Female",0.792,17.419,0.449894736842105,"Catholic",0.342105263157895,1,0
"3499","No","Female",0.502,23.294,0.449894736842105,"Catholic",0.0521052631578947,1,0
"3499","No","Female",1.342,20.432,0.449894736842105,"Catholic",0.892105263157895,1,0
"3499","No","Female",-0.098,14.298,0.449894736842105,"Catholic",-0.547894736842105,1,0
"3499","Yes","Female",1.092,14.418,0.449894736842105,"Catholic",0.642105263157895,1,0
"3499","No","Male",0.752,22.418,0.449894736842105,"Catholic",0.302105263157895,1,1
"3499","Yes","Female",0.762,10.986,0.449894736842105,"Catholic",0.312105263157895,1,0
"3499","No","Female",0.802,13.816,0.449894736842105,"Catholic",0.352105263157895,1,0
"3499","No","Male",0.932,7.846,0.449894736842105,"Catholic",0.482105263157895,1,1
"3499","Yes","Female",0.342,4.769,0.449894736842105,"Catholic",-0.107894736842105,1,0
"3499","Yes","Male",1.102,12.938,0.449894736842105,"Catholic",0.652105263157895,1,1
"3499","Yes","Male",-0.278,9.513,0.449894736842105,"Catholic",-0.727894736842105,1,1
"3499","Yes","Male",0.412,8.87,0.449894736842105,"Catholic",-0.0378947368421053,1,1
"3499","Yes","Male",0.842,10.953,0.449894736842105,"Catholic",0.392105263157895,1,1
"3499","No","Male",-0.138,16.741,0.449894736842105,"Catholic",-0.587894736842105,1,1
"3499","No","Female",-1.168,19.923,0.449894736842105,"Catholic",-1.61789473684211,1,0
"3499","No","Male",1.182,4.237,0.449894736842105,"Catholic",0.732105263157895,1,1
"3499","Yes","Female",-0.458,5.813,0.449894736842105,"Catholic",-0.907894736842105,1,0
"3499","No","Female",0.562,22.468,0.449894736842105,"Catholic",0.112105263157895,1,0
"3499","No","Female",1.342,19.258,0.449894736842105,"Catholic",0.892105263157895,1,0
"3499","No","Female",0.932,11.363,0.449894736842105,"Catholic",0.482105263157895,1,0
"3499","No","Male",0.982,4.487,0.449894736842105,"Catholic",0.532105263157895,1,1
"3499","Yes","Female",0.352,12.35,0.449894736842105,"Catholic",-0.0978947368421053,1,0
"3499","No","Female",0.752,17.867,0.449894736842105,"Catholic",0.302105263157895,1,0
"3499","No","Female",-0.028,15.259,0.449894736842105,"Catholic",-0.477894736842105,1,0
"3499","Yes","Male",0.702,17.932,0.449894736842105,"Catholic",0.252105263157895,1,1
"3499","Yes","Female",0.472,17.594,0.449894736842105,"Catholic",0.0221052631578947,1,0
"3499","No","Female",-0.028,19.406,0.449894736842105,"Catholic",-0.477894736842105,1,0
"3499","Yes","Female",-0.388,7.931,0.449894736842105,"Catholic",-0.837894736842105,1,0
"3499","Yes","Female",0.732,10.527,0.449894736842105,"Catholic",0.282105263157895,1,0
"3499","No","Female",0.192,12.543,0.449894736842105,"Catholic",-0.257894736842105,1,0
"3499","Yes","Male",-0.238,4.48,0.449894736842105,"Catholic",-0.687894736842105,1,1
"3499","Yes","Male",-0.688,12.47,0.449894736842105,"Catholic",-1.13789473684211,1,1
"3499","No","Female",1.082,18.148,0.449894736842105,"Catholic",0.632105263157895,1,0
"3499","No","Male",1.242,8.48,0.449894736842105,"Catholic",0.792105263157895,1,1
"3533","Yes","Female",-0.338,1.26,-0.134458333333333,"Catholic",-0.203541666666667,1,0
"3533","No","Male",0.132,23.168,-0.134458333333333,"Catholic",0.266458333333333,1,1
"3533","Yes","Female",-0.348,15.237,-0.134458333333333,"Catholic",-0.213541666666667,1,0
"3533","No","Female",0.482,2.21,-0.134458333333333,"Catholic",0.616458333333333,1,0
"3533","Yes","Female",-0.438,11.038,-0.134458333333333,"Catholic",-0.303541666666667,1,0
"3533","No","Male",-0.368,4.36,-0.134458333333333,"Catholic",-0.233541666666667,1,1
"3533","No","Female",0.252,-0.06,-0.134458333333333,"Catholic",0.386458333333333,1,0
"3533","No","Female",-0.938,-2.142,-0.134458333333333,"Catholic",-0.803541666666667,1,0
"3533","Yes","Female",-0.148,2.913,-0.134458333333333,"Catholic",-0.0135416666666667,1,0
"3533","No","Female",-0.818,2.117,-0.134458333333333,"Catholic",-0.683541666666667,1,0
"3533","Yes","Male",-0.798,17.225,-0.134458333333333,"Catholic",-0.663541666666667,1,1
"3533","Yes","Female",-0.178,16.494,-0.134458333333333,"Catholic",-0.0435416666666667,1,0
"3533","Yes","Male",0.892,22.969,-0.134458333333333,"Catholic",1.02645833333333,1,1
"3533","Yes","Female",-0.398,9.246,-0.134458333333333,"Catholic",-0.263541666666667,1,0
"3533","Yes","Female",-0.128,18.938,-0.134458333333333,"Catholic",0.00645833333333332,1,0
"3533","No","Male",0.922,16.73,-0.134458333333333,"Catholic",1.05645833333333,1,1
"3533","No","Female",0.472,6.68,-0.134458333333333,"Catholic",0.606458333333333,1,0
"3533","No","Female",0.592,2.834,-0.134458333333333,"Catholic",0.726458333333333,1,0
"3533","No","Male",-0.588,8.753,-0.134458333333333,"Catholic",-0.453541666666667,1,1
"3533","No","Male",-0.798,8.167,-0.134458333333333,"Catholic",-0.663541666666667,1,1
"3533","Yes","Female",-0.838,5.383,-0.134458333333333,"Catholic",-0.703541666666667,1,0
"3533","No","Female",0.232,0.432,-0.134458333333333,"Catholic",0.366458333333333,1,0
"3533","Yes","Female",0.442,17.449,-0.134458333333333,"Catholic",0.576458333333333,1,0
"3533","No","Female",-0.218,12.114,-0.134458333333333,"Catholic",-0.0835416666666667,1,0
"3533","No","Female",-0.438,16.069,-0.134458333333333,"Catholic",-0.303541666666667,1,0
"3533","Yes","Male",0.132,13.543,-0.134458333333333,"Catholic",0.266458333333333,1,1
"3533","No","Male",0.372,6.913,-0.134458333333333,"Catholic",0.506458333333333,1,1
"3533","Yes","Male",-0.538,17.55,-0.134458333333333,"Catholic",-0.403541666666667,1,1
"3533","Yes","Female",0.792,-2.582,-0.134458333333333,"Catholic",0.926458333333333,1,0
"3533","Yes","Female",0.182,-2.832,-0.134458333333333,"Catholic",0.316458333333333,1,0
"3533","No","Female",-0.208,4.25,-0.134458333333333,"Catholic",-0.0735416666666667,1,0
"3533","Yes","Female",0.422,8.456,-0.134458333333333,"Catholic",0.556458333333333,1,0
"3533","No","Male",-1.158,18.417,-0.134458333333333,"Catholic",-1.02354166666667,1,1
"3533","No","Female",0.472,13.957,-0.134458333333333,"Catholic",0.606458333333333,1,0
"3533","No","Male",-0.308,4.27,-0.134458333333333,"Catholic",-0.173541666666667,1,1
"3533","No","Female",-0.008,13.51,-0.134458333333333,"Catholic",0.126458333333333,1,0
"3533","No","Female",-0.418,10.121,-0.134458333333333,"Catholic",-0.283541666666667,1,0
"3533","No","Male",-0.218,17.361,-0.134458333333333,"Catholic",-0.0835416666666667,1,1
"3533","No","Male",-0.618,21.01,-0.134458333333333,"Catholic",-0.483541666666667,1,1
"3533","No","Male",-0.708,13.419,-0.134458333333333,"Catholic",-0.573541666666667,1,1
"3533","Yes","Male",-0.778,15.733,-0.134458333333333,"Catholic",-0.643541666666667,1,1
"3533","Yes","Female",-0.478,21.199,-0.134458333333333,"Catholic",-0.343541666666667,1,0
"3533","No","Male",0.472,9.87,-0.134458333333333,"Catholic",0.606458333333333,1,1
"3533","No","Male",-0.618,13.037,-0.134458333333333,"Catholic",-0.483541666666667,1,1
"3533","No","Female",0.622,18.261,-0.134458333333333,"Catholic",0.756458333333333,1,0
"3533","Yes","Female",0.532,14.916,-0.134458333333333,"Catholic",0.666458333333333,1,0
"3533","No","Female",-0.408,4.799,-0.134458333333333,"Catholic",-0.273541666666667,1,0
"3533","No","Male",-0.628,4.872,-0.134458333333333,"Catholic",-0.493541666666667,1,1
"3610","Yes","Male",0.632,12.164,0.120125,"Catholic",0.511875,1,1
"3610","No","Female",0.322,16.902,0.120125,"Catholic",0.201875,1,0
"3610","Yes","Female",0.492,14.908,0.120125,"Catholic",0.371875,1,0
"3610","No","Male",-0.108,17.915,0.120125,"Catholic",-0.228125,1,1
"3610","No","Male",1.372,22.713,0.120125,"Catholic",1.251875,1,1
"3610","No","Female",0.342,18.94,0.120125,"Catholic",0.221875,1,0
"3610","No","Male",0.942,14.811,0.120125,"Catholic",0.821875,1,1
"3610","No","Female",-0.078,21.734,0.120125,"Catholic",-0.198125,1,0
"3610","No","Male",0.852,22.293,0.120125,"Catholic",0.731875,1,1
"3610","Yes","Female",0.942,16.439,0.120125,"Catholic",0.821875,1,0
"3610","No","Female",0.012,17.522,0.120125,"Catholic",-0.108125,1,0
"3610","No","Male",0.722,22.384,0.120125,"Catholic",0.601875,1,1
"3610","Yes","Male",-1.048,1.443,0.120125,"Catholic",-1.168125,1,1
"3610","No","Male",0.452,14.46,0.120125,"Catholic",0.331875,1,1
"3610","No","Male",0.942,24.545,0.120125,"Catholic",0.821875,1,1
"3610","Yes","Male",0.502,14.387,0.120125,"Catholic",0.381875,1,1
"3610","No","Female",-0.448,15.053,0.120125,"Catholic",-0.568125,1,0
"3610","No","Male",1.012,21.034,0.120125,"Catholic",0.891875,1,1
"3610","No","Female",-0.418,4.695,0.120125,"Catholic",-0.538125,1,0
"3610","No","Male",-0.078,11.691,0.120125,"Catholic",-0.198125,1,1
"3610","No","Female",0.432,14.63,0.120125,"Catholic",0.311875,1,0
"3610","No","Male",0.062,15.045,0.120125,"Catholic",-0.058125,1,1
"3610","No","Female",-0.488,16.854,0.120125,"Catholic",-0.608125,1,0
"3610","Yes","Female",0.272,17.409,0.120125,"Catholic",0.151875,1,0
"3610","Yes","Female",-0.548,3.005,0.120125,"Catholic",-0.668125,1,0
"3610","Yes","Male",-0.758,8.924,0.120125,"Catholic",-0.878125,1,1
"3610","No","Female",0.652,23.336,0.120125,"Catholic",0.531875,1,0
"3610","No","Male",-0.708,23.822,0.120125,"Catholic",-0.828125,1,1
"3610","No","Male",-0.658,6.207,0.120125,"Catholic",-0.778125,1,1
"3610","No","Female",0.472,18.111,0.120125,"Catholic",0.351875,1,0
"3610","No","Female",-0.578,22.813,0.120125,"Catholic",-0.698125,1,0
"3610","Yes","Male",0.842,8.622,0.120125,"Catholic",0.721875,1,1
"3610","No","Male",0.132,21.31,0.120125,"Catholic",0.011875,1,1
"3610","Yes","Female",-0.458,2.785,0.120125,"Catholic",-0.578125,1,0
"3610","No","Male",-0.648,14.759,0.120125,"Catholic",-0.768125,1,1
"3610","No","Male",-0.108,23.619,0.120125,"Catholic",-0.228125,1,1
"3610","No","Male",-0.548,11.267,0.120125,"Catholic",-0.668125,1,1
"3610","Yes","Male",1.332,16.139,0.120125,"Catholic",1.211875,1,1
"3610","No","Male",0.432,14.598,0.120125,"Catholic",0.311875,1,1
"3610","No","Female",1.262,23.723,0.120125,"Catholic",1.141875,1,0
"3610","Yes","Female",-0.678,8.565,0.120125,"Catholic",-0.798125,1,0
"3610","Yes","Male",0.792,15.896,0.120125,"Catholic",0.671875,1,1
"3610","No","Female",0.892,9.03,0.120125,"Catholic",0.771875,1,0
"3610","No","Female",1.292,11.243,0.120125,"Catholic",1.171875,1,0
"3610","Yes","Female",-0.398,8.633,0.120125,"Catholic",-0.518125,1,0
"3610","Yes","Male",-0.188,9.949,0.120125,"Catholic",-0.308125,1,1
"3610","No","Male",-0.228,20.863,0.120125,"Catholic",-0.348125,1,1
"3610","Yes","Male",-0.008,14.126,0.120125,"Catholic",-0.128125,1,1
"3610","No","Male",0.602,13.942,0.120125,"Catholic",0.481875,1,1
"3610","Yes","Female",1.072,17.007,0.120125,"Catholic",0.951875,1,0
"3610","No","Male",-0.258,18.874,0.120125,"Catholic",-0.378125,1,1
"3610","No","Male",-0.488,5.228,0.120125,"Catholic",-0.608125,1,1
"3610","No","Female",-0.318,9.993,0.120125,"Catholic",-0.438125,1,0
"3610","No","Male",-0.038,13.301,0.120125,"Catholic",-0.158125,1,1
"3610","No","Male",0.042,16.428,0.120125,"Catholic",-0.078125,1,1
"3610","No","Female",0.092,19.533,0.120125,"Catholic",-0.028125,1,0
"3610","No","Male",-0.368,8.92,0.120125,"Catholic",-0.488125,1,1
"3610","No","Female",-0.408,9.762,0.120125,"Catholic",-0.528125,1,0
"3610","No","Male",-0.478,22.357,0.120125,"Catholic",-0.598125,1,1
"3610","No","Female",-0.248,21.776,0.120125,"Catholic",-0.368125,1,0
"3610","No","Female",-0.408,19.899,0.120125,"Catholic",-0.528125,1,0
"3610","Yes","Female",0.812,12.565,0.120125,"Catholic",0.691875,1,0
"3610","No","Male",-0.338,22.688,0.120125,"Catholic",-0.458125,1,1
"3610","Yes","Female",-0.808,19.128,0.120125,"Catholic",-0.928125,1,0
"3657","No","Male",1.062,22.04,-0.649176470588235,"Public",1.71117647058824,1,1
"3657","No","Female",-1.258,2.832,-0.649176470588235,"Public",-0.608823529411765,1,0
"3657","No","Male",-0.068,21.136,-0.649176470588235,"Public",0.581176470588235,1,1
"3657","No","Female",-0.288,13.156,-0.649176470588235,"Public",0.361176470588235,1,0
"3657","No","Female",0.452,17.508,-0.649176470588235,"Public",1.10117647058824,1,0
"3657","No","Female",-0.748,5.122,-0.649176470588235,"Public",-0.0988235294117648,1,0
"3657","No","Female",-0.478,7.147,-0.649176470588235,"Public",0.171176470588235,1,0
"3657","No","Male",-0.078,3.448,-0.649176470588235,"Public",0.571176470588235,1,1
"3657","No","Female",-1.048,17.736,-0.649176470588235,"Public",-0.398823529411765,1,0
"3657","No","Male",0.252,20.048,-0.649176470588235,"Public",0.901176470588235,1,1
"3657","No","Female",-0.438,3.967,-0.649176470588235,"Public",0.211176470588235,1,0
"3657","No","Female",-1.398,0.93,-0.649176470588235,"Public",-0.748823529411765,1,0
"3657","No","Male",-0.168,3.008,-0.649176470588235,"Public",0.481176470588235,1,1
"3657","No","Female",-0.538,11.809,-0.649176470588235,"Public",0.111176470588235,1,0
"3657","No","Female",1.022,12.267,-0.649176470588235,"Public",1.67117647058824,1,0
"3657","No","Male",-0.688,21.082,-0.649176470588235,"Public",-0.0388235294117647,1,1
"3657","No","Male",-1.358,8.043,-0.649176470588235,"Public",-0.708823529411765,1,1
"3657","No","Female",-1.068,8.152,-0.649176470588235,"Public",-0.418823529411765,1,0
"3657","No","Female",-0.858,6.504,-0.649176470588235,"Public",-0.208823529411765,1,0
"3657","No","Female",-1.948,-1.073,-0.649176470588235,"Public",-1.29882352941176,1,0
"3657","Yes","Male",-0.828,2.984,-0.649176470588235,"Public",-0.178823529411765,1,1
"3657","No","Male",-0.128,13.382,-0.649176470588235,"Public",0.521176470588235,1,1
"3657","No","Male",-0.718,2.671,-0.649176470588235,"Public",-0.0688235294117647,1,1
"3657","No","Male",1.512,18.61,-0.649176470588235,"Public",2.16117647058824,1,1
"3657","No","Female",-1.358,5.528,-0.649176470588235,"Public",-0.708823529411765,1,0
"3657","No","Male",-1.978,12.486,-0.649176470588235,"Public",-1.32882352941176,1,1
"3657","No","Female",-0.928,1.471,-0.649176470588235,"Public",-0.278823529411765,1,0
"3657","No","Male",-0.248,-1.712,-0.649176470588235,"Public",0.401176470588235,1,1
"3657","No","Female",-0.918,2.993,-0.649176470588235,"Public",-0.268823529411765,1,0
"3657","No","Male",0.452,23.205,-0.649176470588235,"Public",1.10117647058824,1,1
"3657","No","Male",-1.598,23.053,-0.649176470588235,"Public",-0.948823529411765,1,1
"3657","No","Female",-1.358,3.583,-0.649176470588235,"Public",-0.708823529411765,1,0
"3657","No","Female",-0.128,6.506,-0.649176470588235,"Public",0.521176470588235,1,0
"3657","No","Female",-1.148,24.993,-0.649176470588235,"Public",-0.498823529411765,1,0
"3657","No","Female",0.212,23.413,-0.649176470588235,"Public",0.861176470588235,1,0
"3657","No","Male",0.172,8.141,-0.649176470588235,"Public",0.821176470588235,1,1
"3657","No","Female",-1.038,4.858,-0.649176470588235,"Public",-0.388823529411765,1,0
"3657","No","Male",-1.488,1.912,-0.649176470588235,"Public",-0.838823529411765,1,1
"3657","No","Female",-1.838,2.957,-0.649176470588235,"Public",-1.18882352941176,1,0
"3657","No","Male",-1.338,16.732,-0.649176470588235,"Public",-0.688823529411765,1,1
"3657","No","Female",-0.678,0.008,-0.649176470588235,"Public",-0.0288235294117648,1,0
"3657","No","Female",0.172,3.973,-0.649176470588235,"Public",0.821176470588235,1,0
"3657","No","Female",-1.058,11.771,-0.649176470588235,"Public",-0.408823529411765,1,0
"3657","No","Male",-0.628,17.662,-0.649176470588235,"Public",0.0211764705882352,1,1
"3657","No","Male",-0.768,8.464,-0.649176470588235,"Public",-0.118823529411765,1,1
"3657","No","Female",-0.458,6.69,-0.649176470588235,"Public",0.191176470588235,1,0
"3657","No","Male",-0.938,15.549,-0.649176470588235,"Public",-0.288823529411765,1,1
"3657","No","Female",-1.068,-1.045,-0.649176470588235,"Public",-0.418823529411765,1,0
"3657","No","Female",-0.898,1.125,-0.649176470588235,"Public",-0.248823529411765,1,0
"3657","No","Female",-2.008,5.891,-0.649176470588235,"Public",-1.35882352941176,1,0
"3657","No","Male",-0.448,12.864,-0.649176470588235,"Public",0.201176470588235,1,1
"3688","No","Female",0.132,11.233,0.405023255813953,"Catholic",-0.273023255813953,1,0
"3688","Yes","Female",1.262,1.076,0.405023255813953,"Catholic",0.856976744186047,1,0
"3688","No","Female",0.542,21.734,0.405023255813953,"Catholic",0.136976744186047,1,0
"3688","No","Female",-0.028,1.776,0.405023255813953,"Catholic",-0.433023255813954,1,0
"3688","No","Female",0.182,7.838,0.405023255813953,"Catholic",-0.223023255813953,1,0
"3688","No","Female",0.722,21.161,0.405023255813953,"Catholic",0.316976744186046,1,0
"3688","No","Female",0.762,23.363,0.405023255813953,"Catholic",0.356976744186047,1,0
"3688","No","Female",-0.008,21.023,0.405023255813953,"Catholic",-0.413023255813953,1,0
"3688","No","Female",1.332,24.138,0.405023255813953,"Catholic",0.926976744186047,1,0
"3688","No","Female",0.062,19.719,0.405023255813953,"Catholic",-0.343023255813953,1,0
"3688","No","Female",0.482,7.043,0.405023255813953,"Catholic",0.0769767441860465,1,0
"3688","No","Female",0.732,22.022,0.405023255813953,"Catholic",0.326976744186046,1,0
"3688","No","Female",0.392,18.839,0.405023255813953,"Catholic",-0.0130232558139535,1,0
"3688","No","Female",0.442,17.999,0.405023255813953,"Catholic",0.0369767441860465,1,0
"3688","No","Female",0.102,20.358,0.405023255813953,"Catholic",-0.303023255813954,1,0
"3688","No","Female",-0.458,20.449,0.405023255813953,"Catholic",-0.863023255813953,1,0
"3688","No","Female",0.362,5.425,0.405023255813953,"Catholic",-0.0430232558139535,1,0
"3688","No","Female",0.722,18.309,0.405023255813953,"Catholic",0.316976744186046,1,0
"3688","No","Female",0.132,8.156,0.405023255813953,"Catholic",-0.273023255813953,1,0
"3688","No","Female",0.512,22.031,0.405023255813953,"Catholic",0.106976744186047,1,0
"3688","No","Female",0.902,14.129,0.405023255813953,"Catholic",0.496976744186047,1,0
"3688","No","Female",-0.138,7.762,0.405023255813953,"Catholic",-0.543023255813953,1,0
"3688","No","Female",0.932,15.969,0.405023255813953,"Catholic",0.526976744186047,1,0
"3688","No","Female",1.432,18.614,0.405023255813953,"Catholic",1.02697674418605,1,0
"3688","No","Female",-0.078,6.928,0.405023255813953,"Catholic",-0.483023255813954,1,0
"3688","No","Female",-0.058,21.935,0.405023255813953,"Catholic",-0.463023255813953,1,0
"3688","No","Female",0.222,17.308,0.405023255813953,"Catholic",-0.183023255813953,1,0
"3688","No","Female",-0.358,21.444,0.405023255813953,"Catholic",-0.763023255813953,1,0
"3688","No","Female",0.752,19.62,0.405023255813953,"Catholic",0.346976744186047,1,0
"3688","No","Female",1.072,19.566,0.405023255813953,"Catholic",0.666976744186047,1,0
"3688","No","Female",1.262,20.677,0.405023255813953,"Catholic",0.856976744186047,1,0
"3688","No","Female",0.152,1.84,0.405023255813953,"Catholic",-0.253023255813953,1,0
"3688","No","Female",0.952,11.178,0.405023255813953,"Catholic",0.546976744186046,1,0
"3688","No","Female",-0.048,3.078,0.405023255813953,"Catholic",-0.453023255813953,1,0
"3688","No","Female",-1.408,19.906,0.405023255813953,"Catholic",-1.81302325581395,1,0
"3688","No","Female",0.382,15.102,0.405023255813953,"Catholic",-0.0230232558139535,1,0
"3688","No","Female",0.852,10.226,0.405023255813953,"Catholic",0.446976744186046,1,0
"3688","No","Female",0.542,14.372,0.405023255813953,"Catholic",0.136976744186047,1,0
"3688","No","Female",0.532,11.252,0.405023255813953,"Catholic",0.126976744186047,1,0
"3688","No","Female",0.502,13.589,0.405023255813953,"Catholic",0.0969767441860465,1,0
"3688","No","Female",0.502,14.073,0.405023255813953,"Catholic",0.0969767441860465,1,0
"3688","No","Female",0.422,11.021,0.405023255813953,"Catholic",0.0169767441860465,1,0
"3688","No","Female",-0.288,6.938,0.405023255813953,"Catholic",-0.693023255813954,1,0
"3705","No","Male",1.292,18.032,0.234666666666667,"Catholic",1.05733333333333,1,1
"3705","Yes","Male",0.062,3.78,0.234666666666667,"Catholic",-0.172666666666667,1,1
"3705","No","Male",0.072,0.583,0.234666666666667,"Catholic",-0.162666666666667,1,1
"3705","No","Male",0.432,4.215,0.234666666666667,"Catholic",0.197333333333333,1,1
"3705","No","Male",0.612,10.16,0.234666666666667,"Catholic",0.377333333333333,1,1
"3705","No","Male",-0.458,23.152,0.234666666666667,"Catholic",-0.692666666666667,1,1
"3705","No","Female",0.802,16.286,0.234666666666667,"Catholic",0.567333333333333,1,0
"3705","Yes","Male",-0.328,8.147,0.234666666666667,"Catholic",-0.562666666666667,1,1
"3705","Yes","Female",-0.078,4.285,0.234666666666667,"Catholic",-0.312666666666667,1,0
"3705","Yes","Female",-0.288,4.72,0.234666666666667,"Catholic",-0.522666666666667,1,0
"3705","No","Female",1.292,12.963,0.234666666666667,"Catholic",1.05733333333333,1,0
"3705","No","Male",0.302,13.207,0.234666666666667,"Catholic",0.0673333333333333,1,1
"3705","No","Female",1.512,8.845,0.234666666666667,"Catholic",1.27733333333333,1,0
"3705","No","Male",0.412,13.695,0.234666666666667,"Catholic",0.177333333333333,1,1
"3705","No","Female",0.112,10.921,0.234666666666667,"Catholic",-0.122666666666667,1,0
"3705","Yes","Male",0.212,15.469,0.234666666666667,"Catholic",-0.0226666666666667,1,1
"3705","Yes","Male",0.542,15.554,0.234666666666667,"Catholic",0.307333333333333,1,1
"3705","Yes","Female",-1.048,9.283,0.234666666666667,"Catholic",-1.28266666666667,1,0
"3705","No","Male",0.052,10.957,0.234666666666667,"Catholic",-0.182666666666667,1,1
"3705","Yes","Female",-0.748,11.411,0.234666666666667,"Catholic",-0.982666666666667,1,0
"3705","No","Female",0.592,16.918,0.234666666666667,"Catholic",0.357333333333333,1,0
"3705","Yes","Female",0.842,1.133,0.234666666666667,"Catholic",0.607333333333333,1,0
"3705","Yes","Female",0.072,12.889,0.234666666666667,"Catholic",-0.162666666666667,1,0
"3705","Yes","Male",1.012,8.741,0.234666666666667,"Catholic",0.777333333333333,1,1
"3705","Yes","Female",-1.478,0.525,0.234666666666667,"Catholic",-1.71266666666667,1,0
"3705","No","Female",0.752,4.054,0.234666666666667,"Catholic",0.517333333333333,1,0
"3705","Yes","Female",-1.138,10.712,0.234666666666667,"Catholic",-1.37266666666667,1,0
"3705","No","Female",-0.178,16.977,0.234666666666667,"Catholic",-0.412666666666667,1,0
"3705","Yes","Female",1.182,-1.254,0.234666666666667,"Catholic",0.947333333333333,1,0
"3705","Yes","Male",0.382,12.542,0.234666666666667,"Catholic",0.147333333333333,1,1
"3705","Yes","Male",-0.278,11.598,0.234666666666667,"Catholic",-0.512666666666667,1,1
"3705","No","Male",0.712,6.196,0.234666666666667,"Catholic",0.477333333333333,1,1
"3705","Yes","Male",1.012,13.162,0.234666666666667,"Catholic",0.777333333333333,1,1
"3705","Yes","Female",-1.188,9.542,0.234666666666667,"Catholic",-1.42266666666667,1,0
"3705","No","Male",0.372,12.647,0.234666666666667,"Catholic",0.137333333333333,1,1
"3705","No","Female",0.182,17.57,0.234666666666667,"Catholic",-0.0526666666666667,1,0
"3705","No","Male",0.122,-2.832,0.234666666666667,"Catholic",-0.112666666666667,1,1
"3705","No","Female",1.452,17.517,0.234666666666667,"Catholic",1.21733333333333,1,0
"3705","Yes","Female",-0.138,4.522,0.234666666666667,"Catholic",-0.372666666666667,1,0
"3705","Yes","Female",-0.098,17.241,0.234666666666667,"Catholic",-0.332666666666667,1,0
"3705","No","Female",0.192,-0.128,0.234666666666667,"Catholic",-0.0426666666666667,1,0
"3705","No","Female",0.622,20.067,0.234666666666667,"Catholic",0.387333333333333,1,0
"3705","Yes","Male",0.372,17.701,0.234666666666667,"Catholic",0.137333333333333,1,1
"3705","Yes","Male",0.192,12.223,0.234666666666667,"Catholic",-0.0426666666666667,1,1
"3705","Yes","Male",0.232,8.998,0.234666666666667,"Catholic",-0.00266666666666668,1,1
"3716","No","Male",-0.018,23.14,-0.420682926829268,"Public",0.402682926829268,1,1
"3716","Yes","Male",-0.678,-2.832,-0.420682926829268,"Public",-0.257317073170732,1,1
"3716","Yes","Female",-1.578,6.189,-0.420682926829268,"Public",-1.15731707317073,1,0
"3716","No","Female",0.502,15.271,-0.420682926829268,"Public",0.922682926829268,1,0
"3716","No","Male",0.042,8.067,-0.420682926829268,"Public",0.462682926829268,1,1
"3716","No","Male",0.212,13.131,-0.420682926829268,"Public",0.632682926829268,1,1
"3716","No","Female",-0.358,5.206,-0.420682926829268,"Public",0.0626829268292683,1,0
"3716","Yes","Female",-1.498,-1.922,-0.420682926829268,"Public",-1.07731707317073,1,0
"3716","No","Female",-0.508,20.271,-0.420682926829268,"Public",-0.0873170731707317,1,0
"3716","Yes","Male",-2.128,-0.568,-0.420682926829268,"Public",-1.70731707317073,1,1
"3716","No","Male",0.282,23.855,-0.420682926829268,"Public",0.702682926829268,1,1
"3716","Yes","Male",0.202,19.359,-0.420682926829268,"Public",0.622682926829268,1,1
"3716","No","Female",-0.188,8.052,-0.420682926829268,"Public",0.232682926829268,1,0
"3716","No","Female",0.482,23.912,-0.420682926829268,"Public",0.902682926829268,1,0
"3716","Yes","Male",-0.918,9.431,-0.420682926829268,"Public",-0.497317073170732,1,1
"3716","No","Male",-0.568,14.477,-0.420682926829268,"Public",-0.147317073170732,1,1
"3716","Yes","Female",-1.498,5.902,-0.420682926829268,"Public",-1.07731707317073,1,0
"3716","Yes","Male",0.832,17.321,-0.420682926829268,"Public",1.25268292682927,1,1
"3716","Yes","Female",-1.048,-2.559,-0.420682926829268,"Public",-0.627317073170732,1,0
"3716","No","Male",0.462,19.716,-0.420682926829268,"Public",0.882682926829268,1,1
"3716","No","Male",0.212,11.522,-0.420682926829268,"Public",0.632682926829268,1,1
"3716","No","Male",1.062,21.964,-0.420682926829268,"Public",1.48268292682927,1,1
"3716","Yes","Female",-1.068,10.911,-0.420682926829268,"Public",-0.647317073170732,1,0
"3716","Yes","Female",-1.128,1.242,-0.420682926829268,"Public",-0.707317073170732,1,0
"3716","Yes","Female",-0.808,8.494,-0.420682926829268,"Public",-0.387317073170732,1,0
"3716","Yes","Female",-1.208,3.115,-0.420682926829268,"Public",-0.787317073170732,1,0
"3716","Yes","Female",-0.338,0.066,-0.420682926829268,"Public",0.0826829268292683,1,0
"3716","Yes","Female",-1.218,4.418,-0.420682926829268,"Public",-0.797317073170732,1,0
"3716","No","Male",0.002,18.031,-0.420682926829268,"Public",0.422682926829268,1,1
"3716","Yes","Male",-1.308,13.74,-0.420682926829268,"Public",-0.887317073170732,1,1
"3716","No","Male",-0.318,4.521,-0.420682926829268,"Public",0.102682926829268,1,1
"3716","No","Female",-0.418,20.579,-0.420682926829268,"Public",0.00268292682926835,1,0
"3716","Yes","Female",-1.208,8.494,-0.420682926829268,"Public",-0.787317073170732,1,0
"3716","Yes","Male",-1.058,1.248,-0.420682926829268,"Public",-0.637317073170732,1,1
"3716","Yes","Female",0.942,1.316,-0.420682926829268,"Public",1.36268292682927,1,0
"3716","No","Male",0.482,16.706,-0.420682926829268,"Public",0.902682926829268,1,1
"3716","No","Female",1.262,21.512,-0.420682926829268,"Public",1.68268292682927,1,0
"3716","Yes","Female",-0.508,3.441,-0.420682926829268,"Public",-0.0873170731707317,1,0
"3716","Yes","Male",-1.158,22.894,-0.420682926829268,"Public",-0.737317073170732,1,1
"3716","Yes","Female",-0.538,-0.167,-0.420682926829268,"Public",-0.117317073170732,1,0
"3716","Yes","Female",-0.958,5.649,-0.420682926829268,"Public",-0.537317073170732,1,0
"3838","No","Male",-0.898,8.291,0.145333333333333,"Catholic",-1.04333333333333,1,1
"3838","Yes","Male",0.432,22.805,0.145333333333333,"Catholic",0.286666666666667,1,1
"3838","Yes","Male",0.792,10.294,0.145333333333333,"Catholic",0.646666666666667,1,1
"3838","Yes","Female",-0.178,8.57,0.145333333333333,"Catholic",-0.323333333333333,1,0
"3838","No","Male",1.182,9.137,0.145333333333333,"Catholic",1.03666666666667,1,1
"3838","No","Female",0.642,10.041,0.145333333333333,"Catholic",0.496666666666667,1,0
"3838","No","Male",0.592,24.133,0.145333333333333,"Catholic",0.446666666666667,1,1
"3838","Yes","Male",-0.528,16.83,0.145333333333333,"Catholic",-0.673333333333333,1,1
"3838","No","Male",0.982,21.067,0.145333333333333,"Catholic",0.836666666666667,1,1
"3838","Yes","Female",0.392,10.882,0.145333333333333,"Catholic",0.246666666666667,1,0
"3838","No","Female",-0.318,9.545,0.145333333333333,"Catholic",-0.463333333333333,1,0
"3838","No","Female",1.072,16.25,0.145333333333333,"Catholic",0.926666666666667,1,0
"3838","Yes","Male",-0.178,17.068,0.145333333333333,"Catholic",-0.323333333333333,1,1
"3838","Yes","Male",0.052,11.128,0.145333333333333,"Catholic",-0.0933333333333334,1,1
"3838","Yes","Male",0.502,9.478,0.145333333333333,"Catholic",0.356666666666667,1,1
"3838","Yes","Male",-1.218,12.112,0.145333333333333,"Catholic",-1.36333333333333,1,1
"3838","No","Female",1.132,17.645,0.145333333333333,"Catholic",0.986666666666667,1,0
"3838","Yes","Female",-0.848,9.79,0.145333333333333,"Catholic",-0.993333333333333,1,0
"3838","Yes","Male",0.772,13.003,0.145333333333333,"Catholic",0.626666666666667,1,1
"3838","Yes","Female",-0.068,8.949,0.145333333333333,"Catholic",-0.213333333333333,1,0
"3838","Yes","Female",-1.448,16.003,0.145333333333333,"Catholic",-1.59333333333333,1,0
"3838","No","Male",0.232,23.371,0.145333333333333,"Catholic",0.0866666666666667,1,1
"3838","Yes","Male",-0.768,16.158,0.145333333333333,"Catholic",-0.913333333333333,1,1
"3838","Yes","Male",0.202,21.923,0.145333333333333,"Catholic",0.0566666666666667,1,1
"3838","Yes","Female",0.162,20.116,0.145333333333333,"Catholic",0.0166666666666667,1,0
"3838","No","Male",1.022,23.443,0.145333333333333,"Catholic",0.876666666666667,1,1
"3838","No","Female",0.952,17.732,0.145333333333333,"Catholic",0.806666666666667,1,0
"3838","Yes","Male",0.422,10.112,0.145333333333333,"Catholic",0.276666666666667,1,1
"3838","No","Female",0.812,20.322,0.145333333333333,"Catholic",0.666666666666667,1,0
"3838","No","Female",0.532,13.402,0.145333333333333,"Catholic",0.386666666666667,1,0
"3838","Yes","Male",-1.208,13.697,0.145333333333333,"Catholic",-1.35333333333333,1,1
"3838","No","Female",0.342,12.424,0.145333333333333,"Catholic",0.196666666666667,1,0
"3838","Yes","Male",0.312,16.261,0.145333333333333,"Catholic",0.166666666666667,1,1
"3838","No","Female",0.102,20.583,0.145333333333333,"Catholic",-0.0433333333333333,1,0
"3838","No","Female",-0.578,22.365,0.145333333333333,"Catholic",-0.723333333333333,1,0
"3838","No","Female",0.142,12.05,0.145333333333333,"Catholic",-0.00333333333333335,1,0
"3838","No","Male",-0.288,18.182,0.145333333333333,"Catholic",-0.433333333333333,1,1
"3838","No","Male",0.902,20.305,0.145333333333333,"Catholic",0.756666666666667,1,1
"3838","Yes","Male",0.152,12.176,0.145333333333333,"Catholic",0.00666666666666665,1,1
"3838","No","Female",-0.388,24.623,0.145333333333333,"Catholic",-0.533333333333333,1,0
"3838","No","Male",0.452,11.715,0.145333333333333,"Catholic",0.306666666666667,1,1
"3838","No","Female",0.212,12.005,0.145333333333333,"Catholic",0.0666666666666667,1,0
"3838","No","Female",0.682,15.513,0.145333333333333,"Catholic",0.536666666666667,1,0
"3838","No","Male",-0.118,21.2,0.145333333333333,"Catholic",-0.263333333333333,1,1
"3838","No","Female",-0.728,23.053,0.145333333333333,"Catholic",-0.873333333333333,1,0
"3838","No","Male",-0.548,22.284,0.145333333333333,"Catholic",-0.693333333333333,1,1
"3838","No","Female",-0.108,19.685,0.145333333333333,"Catholic",-0.253333333333333,1,0
"3838","No","Male",0.812,18.325,0.145333333333333,"Catholic",0.666666666666667,1,1
"3838","Yes","Male",-0.958,14.045,0.145333333333333,"Catholic",-1.10333333333333,1,1
"3838","No","Male",0.612,22.735,0.145333333333333,"Catholic",0.466666666666667,1,1
"3838","No","Female",0.942,8.675,0.145333333333333,"Catholic",0.796666666666667,1,0
"3838","Yes","Female",-0.538,14.401,0.145333333333333,"Catholic",-0.683333333333333,1,0
"3838","No","Male",0.662,18.628,0.145333333333333,"Catholic",0.516666666666667,1,1
"3838","No","Female",0.552,22.862,0.145333333333333,"Catholic",0.406666666666667,1,0
"3881","No","Female",0.042,0.785,0.127609756097561,"Public",-0.085609756097561,1,0
"3881","No","Female",0.712,7.293,0.127609756097561,"Public",0.584390243902439,1,0
"3881","Yes","Female",0.112,2.543,0.127609756097561,"Public",-0.015609756097561,1,0
"3881","No","Female",-0.008,16.815,0.127609756097561,"Public",-0.135609756097561,1,0
"3881","No","Male",-0.068,13.392,0.127609756097561,"Public",-0.195609756097561,1,1
"3881","No","Female",0.762,15.85,0.127609756097561,"Public",0.634390243902439,1,0
"3881","No","Female",0.162,10.853,0.127609756097561,"Public",0.034390243902439,1,0
"3881","No","Female",-0.138,5.29,0.127609756097561,"Public",-0.265609756097561,1,0
"3881","No","Male",-0.348,4.723,0.127609756097561,"Public",-0.475609756097561,1,1
"3881","No","Male",-0.048,5.816,0.127609756097561,"Public",-0.175609756097561,1,1
"3881","No","Male",-0.408,4.765,0.127609756097561,"Public",-0.535609756097561,1,1
"3881","No","Female",-0.468,15.77,0.127609756097561,"Public",-0.595609756097561,1,0
"3881","No","Male",-0.358,22.835,0.127609756097561,"Public",-0.485609756097561,1,1
"3881","No","Female",-0.208,2.875,0.127609756097561,"Public",-0.335609756097561,1,0
"3881","No","Male",0.192,11.29,0.127609756097561,"Public",0.064390243902439,1,1
"3881","No","Female",0.382,3.631,0.127609756097561,"Public",0.254390243902439,1,0
"3881","No","Male",-0.288,6.215,0.127609756097561,"Public",-0.415609756097561,1,1
"3881","No","Male",-0.918,18.368,0.127609756097561,"Public",-1.04560975609756,1,1
"3881","Yes","Male",-0.278,14.728,0.127609756097561,"Public",-0.405609756097561,1,1
"3881","No","Female",-0.238,23.736,0.127609756097561,"Public",-0.365609756097561,1,0
"3881","No","Male",-0.118,14.77,0.127609756097561,"Public",-0.245609756097561,1,1
"3881","No","Male",0.772,18.472,0.127609756097561,"Public",0.644390243902439,1,1
"3881","No","Male",0.392,19.277,0.127609756097561,"Public",0.264390243902439,1,1
"3881","No","Female",1.172,12.535,0.127609756097561,"Public",1.04439024390244,1,0
"3881","No","Male",0.552,5.924,0.127609756097561,"Public",0.424390243902439,1,1
"3881","No","Female",-0.628,8.141,0.127609756097561,"Public",-0.755609756097561,1,0
"3881","No","Male",0.512,19.74,0.127609756097561,"Public",0.384390243902439,1,1
"3881","No","Male",0.972,22.056,0.127609756097561,"Public",0.844390243902439,1,1
"3881","No","Male",0.642,9.178,0.127609756097561,"Public",0.514390243902439,1,1
"3881","No","Male",0.792,21.434,0.127609756097561,"Public",0.664390243902439,1,1
"3881","Yes","Female",-0.118,13.282,0.127609756097561,"Public",-0.245609756097561,1,0
"3881","No","Male",-0.678,7.557,0.127609756097561,"Public",-0.805609756097561,1,1
"3881","No","Female",0.542,6.373,0.127609756097561,"Public",0.414390243902439,1,0
"3881","No","Female",0.992,13.388,0.127609756097561,"Public",0.864390243902439,1,0
"3881","No","Male",-0.298,19.845,0.127609756097561,"Public",-0.425609756097561,1,1
"3881","No","Male",0.302,8.64,0.127609756097561,"Public",0.174390243902439,1,1
"3881","No","Male",0.572,6.098,0.127609756097561,"Public",0.444390243902439,1,1
"3881","No","Female",1.152,24.079,0.127609756097561,"Public",1.02439024390244,1,0
"3881","No","Female",-0.058,14.7,0.127609756097561,"Public",-0.185609756097561,1,0
"3881","Yes","Male",-0.358,5.112,0.127609756097561,"Public",-0.485609756097561,1,1
"3881","No","Male",-0.468,11.744,0.127609756097561,"Public",-0.595609756097561,1,1
"3967","No","Female",-0.498,14.543,-0.225115384615385,"Public",-0.272884615384615,1,0
"3967","No","Female",-0.798,13.424,-0.225115384615385,"Public",-0.572884615384615,1,0
"3967","No","Male",-0.548,9.408,-0.225115384615385,"Public",-0.322884615384615,1,1
"3967","No","Male",-0.368,0.492,-0.225115384615385,"Public",-0.142884615384615,1,1
"3967","No","Female",-0.948,9.09,-0.225115384615385,"Public",-0.722884615384615,1,0
"3967","No","Female",-0.538,14.43,-0.225115384615385,"Public",-0.312884615384615,1,0
"3967","No","Male",-0.988,9.086,-0.225115384615385,"Public",-0.762884615384615,1,1
"3967","No","Female",-0.388,11.489,-0.225115384615385,"Public",-0.162884615384615,1,0
"3967","No","Female",-0.858,10.613,-0.225115384615385,"Public",-0.632884615384615,1,0
"3967","No","Male",-0.678,9.66,-0.225115384615385,"Public",-0.452884615384615,1,1
"3967","No","Female",-0.208,14.805,-0.225115384615385,"Public",0.0171153846153846,1,0
"3967","No","Female",1.082,23.664,-0.225115384615385,"Public",1.30711538461538,1,0
"3967","No","Female",-0.808,10.786,-0.225115384615385,"Public",-0.582884615384615,1,0
"3967","No","Male",0.502,22.677,-0.225115384615385,"Public",0.727115384615385,1,1
"3967","No","Male",-0.628,15.041,-0.225115384615385,"Public",-0.402884615384615,1,1
"3967","No","Female",0.552,15.241,-0.225115384615385,"Public",0.777115384615385,1,0
"3967","No","Female",0.782,12.924,-0.225115384615385,"Public",1.00711538461538,1,0
"3967","No","Female",-0.248,17.995,-0.225115384615385,"Public",-0.0228846153846154,1,0
"3967","No","Male",0.592,1.918,-0.225115384615385,"Public",0.817115384615385,1,1
"3967","No","Male",0.232,23.696,-0.225115384615385,"Public",0.457115384615385,1,1
"3967","No","Male",-0.368,21.386,-0.225115384615385,"Public",-0.142884615384615,1,1
"3967","No","Female",-1.328,-0.052,-0.225115384615385,"Public",-1.10288461538462,1,0
"3967","No","Male",-0.198,11.376,-0.225115384615385,"Public",0.0271153846153846,1,1
"3967","No","Male",-0.968,7.944,-0.225115384615385,"Public",-0.742884615384615,1,1
"3967","No","Male",0.272,9.008,-0.225115384615385,"Public",0.497115384615385,1,1
"3967","No","Male",0.102,3.693,-0.225115384615385,"Public",0.327115384615385,1,1
"3967","No","Male",-0.708,15.008,-0.225115384615385,"Public",-0.482884615384615,1,1
"3967","No","Female",-1.048,8.199,-0.225115384615385,"Public",-0.822884615384615,1,0
"3967","No","Male",-0.778,0.023,-0.225115384615385,"Public",-0.552884615384615,1,1
"3967","No","Male",0.452,17.075,-0.225115384615385,"Public",0.677115384615385,1,1
"3967","No","Male",-0.288,11.198,-0.225115384615385,"Public",-0.0628846153846154,1,1
"3967","No","Female",-0.038,19.423,-0.225115384615385,"Public",0.187115384615385,1,0
"3967","No","Female",-0.278,2.913,-0.225115384615385,"Public",-0.0528846153846154,1,0
"3967","No","Male",-0.208,3.197,-0.225115384615385,"Public",0.0171153846153846,1,1
"3967","No","Male",1.132,7.264,-0.225115384615385,"Public",1.35711538461538,1,1
"3967","No","Female",-0.158,16.354,-0.225115384615385,"Public",0.0671153846153846,1,0
"3967","No","Male",0.322,19.654,-0.225115384615385,"Public",0.547115384615385,1,1
"3967","No","Male",-0.278,20.518,-0.225115384615385,"Public",-0.0528846153846154,1,1
"3967","No","Male",0.752,10.313,-0.225115384615385,"Public",0.977115384615385,1,1
"3967","No","Male",-0.208,2.558,-0.225115384615385,"Public",0.0171153846153846,1,1
"3967","No","Male",-0.538,19.956,-0.225115384615385,"Public",-0.312884615384615,1,1
"3967","No","Female",-1.128,19.138,-0.225115384615385,"Public",-0.902884615384615,1,0
"3967","No","Male",-0.828,5.924,-0.225115384615385,"Public",-0.602884615384615,1,1
"3967","No","Male",-0.688,3.036,-0.225115384615385,"Public",-0.462884615384615,1,1
"3967","No","Male",-0.438,13.352,-0.225115384615385,"Public",-0.212884615384615,1,1
"3967","No","Male",-0.288,19.056,-0.225115384615385,"Public",-0.0628846153846154,1,1
"3967","No","Female",-0.358,-1.476,-0.225115384615385,"Public",-0.132884615384615,1,0
"3967","No","Male",1.032,15.802,-0.225115384615385,"Public",1.25711538461538,1,1
"3967","No","Female",-0.498,5.253,-0.225115384615385,"Public",-0.272884615384615,1,0
"3967","No","Male",1.282,19.612,-0.225115384615385,"Public",1.50711538461538,1,1
"3967","No","Male",-0.168,20.99,-0.225115384615385,"Public",0.0571153846153846,1,1
"3967","No","Female",-0.508,17.147,-0.225115384615385,"Public",-0.282884615384615,1,0
"3992","No","Male",0.002,23.339,0.365396226415094,"Catholic",-0.363396226415094,1,1
"3992","Yes","Male",0.082,3.158,0.365396226415094,"Catholic",-0.283396226415094,1,1
"3992","No","Female",0.502,13.568,0.365396226415094,"Catholic",0.136603773584906,1,0
"3992","Yes","Female",-0.298,8.769,0.365396226415094,"Catholic",-0.663396226415094,1,0
"3992","No","Male",0.392,5.092,0.365396226415094,"Catholic",0.0266037735849057,1,1
"3992","No","Male",-0.488,12.847,0.365396226415094,"Catholic",-0.853396226415094,1,1
"3992","No","Female",0.292,17.031,0.365396226415094,"Catholic",-0.0733962264150944,1,0
"3992","Yes","Female",0.912,4.875,0.365396226415094,"Catholic",0.546603773584906,1,0
"3992","No","Male",0.702,15.753,0.365396226415094,"Catholic",0.336603773584906,1,1
"3992","No","Male",-0.988,8.693,0.365396226415094,"Catholic",-1.35339622641509,1,1
"3992","Yes","Female",-1.398,21.469,0.365396226415094,"Catholic",-1.76339622641509,1,0
"3992","Yes","Male",-0.488,22.804,0.365396226415094,"Catholic",-0.853396226415094,1,1
"3992","Yes","Male",-0.188,16.301,0.365396226415094,"Catholic",-0.553396226415094,1,1
"3992","No","Female",1.452,22.708,0.365396226415094,"Catholic",1.08660377358491,1,0
"3992","Yes","Female",0.072,9.989,0.365396226415094,"Catholic",-0.293396226415094,1,0
"3992","No","Male",0.832,16.865,0.365396226415094,"Catholic",0.466603773584906,1,1
"3992","No","Male",0.592,12.145,0.365396226415094,"Catholic",0.226603773584906,1,1
"3992","Yes","Male",-0.088,13.835,0.365396226415094,"Catholic",-0.453396226415094,1,1
"3992","Yes","Male",0.112,21.684,0.365396226415094,"Catholic",-0.253396226415094,1,1
"3992","Yes","Male",0.192,14.913,0.365396226415094,"Catholic",-0.173396226415094,1,1
"3992","Yes","Female",1.062,9.533,0.365396226415094,"Catholic",0.696603773584906,1,0
"3992","No","Male",0.402,21.605,0.365396226415094,"Catholic",0.0366037735849057,1,1
"3992","Yes","Male",0.752,17.043,0.365396226415094,"Catholic",0.386603773584906,1,1
"3992","Yes","Female",0.732,19.989,0.365396226415094,"Catholic",0.366603773584906,1,0
"3992","Yes","Male",0.152,10.863,0.365396226415094,"Catholic",-0.213396226415094,1,1
"3992","Yes","Male",-0.118,9.947,0.365396226415094,"Catholic",-0.483396226415094,1,1
"3992","Yes","Male",0.132,13.715,0.365396226415094,"Catholic",-0.233396226415094,1,1
"3992","No","Female",1.272,18.596,0.365396226415094,"Catholic",0.906603773584906,1,0
"3992","No","Female",-0.048,19.798,0.365396226415094,"Catholic",-0.413396226415094,1,0
"3992","No","Male",1.102,22.906,0.365396226415094,"Catholic",0.736603773584906,1,1
"3992","No","Female",0.462,24.479,0.365396226415094,"Catholic",0.0966037735849057,1,0
"3992","No","Male",0.022,-0.425,0.365396226415094,"Catholic",-0.343396226415094,1,1
"3992","Yes","Male",0.912,8.531,0.365396226415094,"Catholic",0.546603773584906,1,1
"3992","No","Female",1.422,13.492,0.365396226415094,"Catholic",1.05660377358491,1,0
"3992","Yes","Male",0.812,15.828,0.365396226415094,"Catholic",0.446603773584906,1,1
"3992","No","Female",-0.178,14.083,0.365396226415094,"Catholic",-0.543396226415094,1,0
"3992","No","Male",0.532,14.265,0.365396226415094,"Catholic",0.166603773584906,1,1
"3992","No","Female",1.122,16.165,0.365396226415094,"Catholic",0.756603773584906,1,0
"3992","No","Male",0.832,4.842,0.365396226415094,"Catholic",0.466603773584906,1,1
"3992","Yes","Male",0.932,16.585,0.365396226415094,"Catholic",0.566603773584906,1,1
"3992","No","Male",-0.648,15.206,0.365396226415094,"Catholic",-1.01339622641509,1,1
"3992","No","Male",0.292,15.102,0.365396226415094,"Catholic",-0.0733962264150944,1,1
"3992","No","Female",1.312,13.056,0.365396226415094,"Catholic",0.946603773584906,1,0
"3992","No","Male",0.172,17.33,0.365396226415094,"Catholic",-0.193396226415094,1,1
"3992","No","Female",0.842,22.443,0.365396226415094,"Catholic",0.476603773584906,1,0
"3992","No","Male",0.702,16.921,0.365396226415094,"Catholic",0.336603773584906,1,1
"3992","No","Female",0.682,16.498,0.365396226415094,"Catholic",0.316603773584906,1,0
"3992","No","Female",0.452,16.331,0.365396226415094,"Catholic",0.0866037735849057,1,0
"3992","Yes","Female",-0.108,16.344,0.365396226415094,"Catholic",-0.473396226415094,1,0
"3992","Yes","Male",0.052,11.747,0.365396226415094,"Catholic",-0.313396226415094,1,1
"3992","No","Female",0.252,18.595,0.365396226415094,"Catholic",-0.113396226415094,1,0
"3992","Yes","Male",1.082,10.205,0.365396226415094,"Catholic",0.716603773584906,1,1
"3992","Yes","Male",-0.228,8.74,0.365396226415094,"Catholic",-0.593396226415094,1,1
"3999","Yes","Female",-0.688,19.007,-0.0910434782608696,"Public",-0.59695652173913,1,0
"3999","Yes","Female",-1.768,2.649,-0.0910434782608696,"Public",-1.67695652173913,1,0
"3999","Yes","Male",-1.068,-1.231,-0.0910434782608696,"Public",-0.97695652173913,1,1
"3999","Yes","Male",-1.708,12.769,-0.0910434782608696,"Public",-1.61695652173913,1,1
"3999","Yes","Female",-0.538,3.356,-0.0910434782608696,"Public",-0.44695652173913,1,0
"3999","Yes","Female",0.502,18.256,-0.0910434782608696,"Public",0.59304347826087,1,0
"3999","Yes","Male",0.382,11.662,-0.0910434782608696,"Public",0.47304347826087,1,1
"3999","Yes","Male",-0.408,22.519,-0.0910434782608696,"Public",-0.31695652173913,1,1
"3999","Yes","Male",-1.048,20.148,-0.0910434782608696,"Public",-0.95695652173913,1,1
"3999","No","Female",-0.408,8.878,-0.0910434782608696,"Public",-0.31695652173913,1,0
"3999","Yes","Female",-0.428,14.613,-0.0910434782608696,"Public",-0.33695652173913,1,0
"3999","Yes","Male",-1.218,2.91,-0.0910434782608696,"Public",-1.12695652173913,1,1
"3999","No","Female",0.172,14.054,-0.0910434782608696,"Public",0.26304347826087,1,0
"3999","Yes","Female",-0.528,7.24,-0.0910434782608696,"Public",-0.43695652173913,1,0
"3999","Yes","Male",0.142,-1.775,-0.0910434782608696,"Public",0.23304347826087,1,1
"3999","Yes","Female",1.292,7.32,-0.0910434782608696,"Public",1.38304347826087,1,0
"3999","No","Male",1.222,18.057,-0.0910434782608696,"Public",1.31304347826087,1,1
"3999","No","Female",0.322,19.493,-0.0910434782608696,"Public",0.41304347826087,1,0
"3999","No","Female",0.102,4.178,-0.0910434782608696,"Public",0.19304347826087,1,0
"3999","Yes","Female",0.982,4.722,-0.0910434782608696,"Public",1.07304347826087,1,0
"3999","Yes","Female",-0.248,-0.562,-0.0910434782608696,"Public",-0.15695652173913,1,0
"3999","Yes","Male",-1.368,1.12,-0.0910434782608696,"Public",-1.27695652173913,1,1
"3999","Yes","Female",0.622,16.955,-0.0910434782608696,"Public",0.71304347826087,1,0
"3999","Yes","Female",-1.308,12.144,-0.0910434782608696,"Public",-1.21695652173913,1,0
"3999","Yes","Female",0.982,10.325,-0.0910434782608696,"Public",1.07304347826087,1,0
"3999","No","Male",0.432,12.909,-0.0910434782608696,"Public",0.52304347826087,1,1
"3999","Yes","Female",0.062,14.807,-0.0910434782608696,"Public",0.15304347826087,1,0
"3999","Yes","Female",-0.708,8.462,-0.0910434782608696,"Public",-0.61695652173913,1,0
"3999","Yes","Male",-0.138,5.545,-0.0910434782608696,"Public",-0.0469565217391305,1,1
"3999","Yes","Female",-0.258,10.869,-0.0910434782608696,"Public",-0.16695652173913,1,0
"3999","No","Male",0.702,5.376,-0.0910434782608696,"Public",0.79304347826087,1,1
"3999","Yes","Female",-1.088,8.96,-0.0910434782608696,"Public",-0.99695652173913,1,0
"3999","No","Female",1.222,10.092,-0.0910434782608696,"Public",1.31304347826087,1,0
"3999","No","Male",0.222,23.723,-0.0910434782608696,"Public",0.31304347826087,1,1
"3999","No","Male",-1.208,13.259,-0.0910434782608696,"Public",-1.11695652173913,1,1
"3999","Yes","Male",0.002,6.293,-0.0910434782608696,"Public",0.0930434782608696,1,1
"3999","Yes","Male",0.742,22.461,-0.0910434782608696,"Public",0.83304347826087,1,1
"3999","No","Male",1.372,24.479,-0.0910434782608696,"Public",1.46304347826087,1,1
"3999","No","Male",-1.618,1.505,-0.0910434782608696,"Public",-1.52695652173913,1,1
"3999","Yes","Female",-1.378,4.172,-0.0910434782608696,"Public",-1.28695652173913,1,0
"3999","Yes","Male",0.302,21.445,-0.0910434782608696,"Public",0.39304347826087,1,1
"3999","Yes","Female",-0.228,0.976,-0.0910434782608696,"Public",-0.13695652173913,1,0
"3999","No","Male",1.012,22.723,-0.0910434782608696,"Public",1.10304347826087,1,1
"3999","No","Female",-0.208,-1.646,-0.0910434782608696,"Public",-0.11695652173913,1,0
"3999","No","Male",1.362,20.682,-0.0910434782608696,"Public",1.45304347826087,1,1
"3999","No","Female",1.222,17.527,-0.0910434782608696,"Public",1.31304347826087,1,0
"4042","No","Male",-0.268,19.706,0.402,"Catholic",-0.67,1,1
"4042","No","Female",0.932,19.666,0.402,"Catholic",0.53,1,0
"4042","No","Female",0.242,18.506,0.402,"Catholic",-0.16,1,0
"4042","No","Male",0.812,22.732,0.402,"Catholic",0.41,1,1
"4042","No","Male",-0.008,11.429,0.402,"Catholic",-0.41,1,1
"4042","No","Female",0.732,23.172,0.402,"Catholic",0.33,1,0
"4042","No","Female",1.372,18.269,0.402,"Catholic",0.97,1,0
"4042","No","Male",0.752,23.057,0.402,"Catholic",0.35,1,1
"4042","No","Male",0.852,18.577,0.402,"Catholic",0.45,1,1
"4042","No","Female",0.772,22.923,0.402,"Catholic",0.37,1,0
"4042","No","Female",1.282,14.311,0.402,"Catholic",0.88,1,0
"4042","No","Male",0.232,22.963,0.402,"Catholic",-0.17,1,1
"4042","No","Male",1.072,9.212,0.402,"Catholic",0.67,1,1
"4042","No","Female",0.462,12.055,0.402,"Catholic",0.06,1,0
"4042","No","Male",1.082,15.297,0.402,"Catholic",0.68,1,1
"4042","No","Male",1.202,15.205,0.402,"Catholic",0.8,1,1
"4042","No","Female",0.702,16.001,0.402,"Catholic",0.3,1,0
"4042","No","Female",-0.328,13.684,0.402,"Catholic",-0.73,1,0
"4042","No","Female",0.452,24.364,0.402,"Catholic",0.05,1,0
"4042","No","Male",0.212,14.148,0.402,"Catholic",-0.19,1,1
"4042","No","Female",0.892,23.468,0.402,"Catholic",0.49,1,0
"4042","No","Male",-0.988,4.54,0.402,"Catholic",-1.39,1,1
"4042","No","Male",0.292,20.672,0.402,"Catholic",-0.11,1,1
"4042","No","Male",-0.478,10.081,0.402,"Catholic",-0.88,1,1
"4042","No","Male",0.012,4.65,0.402,"Catholic",-0.39,1,1
"4042","No","Female",-0.108,3.454,0.402,"Catholic",-0.51,1,0
"4042","No","Female",0.792,14.5,0.402,"Catholic",0.39,1,0
"4042","No","Male",-0.098,2.245,0.402,"Catholic",-0.5,1,1
"4042","No","Female",0.512,16.003,0.402,"Catholic",0.11,1,0
"4042","No","Male",0.952,5.658,0.402,"Catholic",0.55,1,1
"4042","No","Female",0.802,6.16,0.402,"Catholic",0.4,1,0
"4042","No","Male",1.132,14.27,0.402,"Catholic",0.73,1,1
"4042","No","Female",-0.498,11.843,0.402,"Catholic",-0.9,1,0
"4042","No","Male",0.832,11.214,0.402,"Catholic",0.43,1,1
"4042","No","Male",0.782,14.669,0.402,"Catholic",0.38,1,1
"4042","No","Male",0.982,9.296,0.402,"Catholic",0.58,1,1
"4042","No","Male",0.942,3.457,0.402,"Catholic",0.54,1,1
"4042","No","Male",0.622,12.369,0.402,"Catholic",0.22,1,1
"4042","No","Female",1.062,18.708,0.402,"Catholic",0.66,1,0
"4042","No","Female",0.792,18.872,0.402,"Catholic",0.39,1,0
"4042","No","Female",-0.338,22.676,0.402,"Catholic",-0.74,1,0
"4042","No","Male",-0.548,17.503,0.402,"Catholic",-0.95,1,1
"4042","No","Female",0.412,20.427,0.402,"Catholic",0.00999999999999995,1,0
"4042","No","Female",0.312,22.489,0.402,"Catholic",-0.09,1,0
"4042","No","Male",-1.058,16.375,0.402,"Catholic",-1.46,1,1
"4042","No","Male",1.202,17.773,0.402,"Catholic",0.8,1,1
"4042","No","Female",-0.478,12.206,0.402,"Catholic",-0.88,1,0
"4042","No","Male",1.022,19.447,0.402,"Catholic",0.62,1,1
"4042","No","Female",-0.118,6.24,0.402,"Catholic",-0.52,1,0
"4042","No","Male",0.482,3.687,0.402,"Catholic",0.08,1,1
"4042","No","Female",0.952,11.733,0.402,"Catholic",0.55,1,0
"4042","No","Female",-0.588,22.419,0.402,"Catholic",-0.99,1,0
"4042","No","Female",-0.568,5.962,0.402,"Catholic",-0.97,1,0
"4042","No","Male",1.072,13.91,0.402,"Catholic",0.67,1,1
"4042","No","Female",-0.338,8.638,0.402,"Catholic",-0.74,1,0
"4042","No","Male",0.252,3.319,0.402,"Catholic",-0.15,1,1
"4042","No","Female",-0.418,-0.164,0.402,"Catholic",-0.82,1,0
"4042","No","Male",0.132,19.429,0.402,"Catholic",-0.27,1,1
"4042","No","Male",1.262,15.45,0.402,"Catholic",0.86,1,1
"4042","No","Male",0.532,12.781,0.402,"Catholic",0.13,1,1
"4042","No","Female",0.252,18.19,0.402,"Catholic",-0.15,1,0
"4042","No","Male",0.372,9.948,0.402,"Catholic",-0.03,1,1
"4042","No","Male",-0.888,22.236,0.402,"Catholic",-1.29,1,1
"4042","No","Male",1.022,12.107,0.402,"Catholic",0.62,1,1
"4173","No","Male",0.982,20.592,0.032,"Catholic",0.95,1,1
"4173","No","Male",0.782,9.83,0.032,"Catholic",0.75,1,1
"4173","No","Male",-0.118,12.885,0.032,"Catholic",-0.15,1,1
"4173","No","Female",0.142,6.958,0.032,"Catholic",0.11,1,0
"4173","No","Female",0.492,20.706,0.032,"Catholic",0.46,1,0
"4173","No","Female",0.222,21.58,0.032,"Catholic",0.19,1,0
"4173","No","Female",0.032,12.632,0.032,"Catholic",-6.93889390390723e-18,1,0
"4173","No","Male",0.612,18.334,0.032,"Catholic",0.58,1,1
"4173","No","Female",-0.218,11.399,0.032,"Catholic",-0.25,1,0
"4173","No","Female",0.792,21.323,0.032,"Catholic",0.76,1,0
"4173","Yes","Male",-0.298,4.387,0.032,"Catholic",-0.33,1,1
"4173","No","Female",0.912,12.531,0.032,"Catholic",0.88,1,0
"4173","No","Male",-0.298,15.017,0.032,"Catholic",-0.33,1,1
"4173","No","Female",0.132,-2.016,0.032,"Catholic",0.1,1,0
"4173","No","Male",-1.088,3.355,0.032,"Catholic",-1.12,1,1
"4173","No","Male",0.652,7.454,0.032,"Catholic",0.62,1,1
"4173","No","Female",0.652,19.731,0.032,"Catholic",0.62,1,0
"4173","No","Female",-0.338,18.336,0.032,"Catholic",-0.37,1,0
"4173","No","Female",-0.298,19.589,0.032,"Catholic",-0.33,1,0
"4173","No","Male",0.142,15.192,0.032,"Catholic",0.11,1,1
"4173","No","Male",0.482,10.872,0.032,"Catholic",0.45,1,1
"4173","No","Female",-1.198,11.555,0.032,"Catholic",-1.23,1,0
"4173","No","Female",-0.858,3.316,0.032,"Catholic",-0.89,1,0
"4173","No","Female",-0.178,14.684,0.032,"Catholic",-0.21,1,0
"4173","No","Female",-0.878,7.971,0.032,"Catholic",-0.91,1,0
"4173","No","Female",0.232,24.479,0.032,"Catholic",0.2,1,0
"4173","No","Female",-0.188,2.429,0.032,"Catholic",-0.22,1,0
"4173","No","Female",-1.128,20.173,0.032,"Catholic",-1.16,1,0
"4173","No","Male",1.262,9.411,0.032,"Catholic",1.23,1,1
"4173","No","Female",0.252,22.967,0.032,"Catholic",0.22,1,0
"4173","No","Female",-0.748,11.126,0.032,"Catholic",-0.78,1,0
"4173","No","Female",-0.538,9.247,0.032,"Catholic",-0.57,1,0
"4173","No","Male",-0.278,10.413,0.032,"Catholic",-0.31,1,1
"4173","No","Female",0.842,10.582,0.032,"Catholic",0.81,1,0
"4173","No","Male",-0.958,-0.203,0.032,"Catholic",-0.99,1,1
"4173","No","Female",-0.028,1.356,0.032,"Catholic",-0.06,1,0
"4173","Yes","Female",1.122,10.257,0.032,"Catholic",1.09,1,0
"4173","No","Female",0.642,24.247,0.032,"Catholic",0.61,1,0
"4173","No","Female",0.022,17.737,0.032,"Catholic",-0.01,1,0
"4173","Yes","Female",-0.628,9.955,0.032,"Catholic",-0.66,1,0
"4173","No","Female",0.002,8.26,0.032,"Catholic",-0.03,1,0
"4173","No","Female",-0.048,7.51,0.032,"Catholic",-0.08,1,0
"4173","No","Female",0.432,18.328,0.032,"Catholic",0.4,1,0
"4173","No","Male",-0.118,23.398,0.032,"Catholic",-0.15,1,1
"4223","No","Male",0.522,19.211,-0.094,"Catholic",0.616,1,1
"4223","No","Male",-0.218,18.509,-0.094,"Catholic",-0.124,1,1
"4223","No","Female",-0.298,6.193,-0.094,"Catholic",-0.204,1,0
"4223","No","Male",-0.448,23.56,-0.094,"Catholic",-0.354,1,1
"4223","No","Female",-0.418,18.582,-0.094,"Catholic",-0.324,1,0
"4223","No","Female",-0.898,12.179,-0.094,"Catholic",-0.804,1,0
"4223","No","Male",0.002,17.343,-0.094,"Catholic",0.096,1,1
"4223","No","Female",0.242,13.119,-0.094,"Catholic",0.336,1,0
"4223","No","Male",-0.178,19.125,-0.094,"Catholic",-0.084,1,1
"4223","No","Female",0.502,22.318,-0.094,"Catholic",0.596,1,0
"4223","No","Female",-0.268,21.978,-0.094,"Catholic",-0.174,1,0
"4223","Yes","Male",-1.318,4.427,-0.094,"Catholic",-1.224,1,1
"4223","No","Male",0.542,14.98,-0.094,"Catholic",0.636,1,1
"4223","No","Male",0.762,15.522,-0.094,"Catholic",0.856,1,1
"4223","Yes","Female",-0.468,21.606,-0.094,"Catholic",-0.374,1,0
"4223","Yes","Female",-1.578,3.034,-0.094,"Catholic",-1.484,1,0
"4223","No","Female",-0.078,13.444,-0.094,"Catholic",0.016,1,0
"4223","No","Female",-0.408,22.947,-0.094,"Catholic",-0.314,1,0
"4223","No","Male",-0.548,18.891,-0.094,"Catholic",-0.454,1,1
"4223","No","Male",-0.328,18.228,-0.094,"Catholic",-0.234,1,1
"4223","No","Female",-0.188,17.984,-0.094,"Catholic",-0.094,1,0
"4223","No","Male",1.242,20.375,-0.094,"Catholic",1.336,1,1
"4223","No","Female",-0.038,5.758,-0.094,"Catholic",0.056,1,0
"4223","No","Male",0.352,21.813,-0.094,"Catholic",0.446,1,1
"4223","No","Female",-0.078,6.129,-0.094,"Catholic",0.016,1,0
"4223","No","Male",-0.098,18.234,-0.094,"Catholic",-0.00399999999999999,1,1
"4223","No","Female",-0.878,1.5,-0.094,"Catholic",-0.784,1,0
"4223","No","Male",-0.638,17.309,-0.094,"Catholic",-0.544,1,1
"4223","No","Male",0.702,4.578,-0.094,"Catholic",0.796,1,1
"4223","No","Female",-1.138,15.275,-0.094,"Catholic",-1.044,1,0
"4223","No","Male",-0.298,21.95,-0.094,"Catholic",-0.204,1,1
"4223","No","Female",0.012,12.957,-0.094,"Catholic",0.106,1,0
"4223","No","Male",0.302,13.734,-0.094,"Catholic",0.396,1,1
"4223","No","Male",-0.078,4.858,-0.094,"Catholic",0.016,1,1
"4223","No","Female",0.602,13.853,-0.094,"Catholic",0.696,1,0
"4223","No","Male",0.662,19.254,-0.094,"Catholic",0.756,1,1
"4223","Yes","Male",-0.918,5.684,-0.094,"Catholic",-0.824,1,1
"4223","No","Male",-0.568,8.636,-0.094,"Catholic",-0.474,1,1
"4223","No","Male",0.932,12.071,-0.094,"Catholic",1.026,1,1
"4223","No","Female",-0.088,12.1,-0.094,"Catholic",0.00600000000000002,1,0
"4223","No","Female",0.432,5.662,-0.094,"Catholic",0.526,1,0
"4223","No","Female",0.502,10.779,-0.094,"Catholic",0.596,1,0
"4223","No","Male",0.482,20.005,-0.094,"Catholic",0.576,1,1
"4223","No","Male",-0.058,23.814,-0.094,"Catholic",0.036,1,1
"4223","No","Male",-0.508,18.51,-0.094,"Catholic",-0.414,1,1
"4253","Yes","Male",-0.768,10.703,-0.373689655172414,"Catholic",-0.394310344827586,1,1
"4253","Yes","Male",0.442,14.47,-0.373689655172414,"Catholic",0.815689655172414,1,1
"4253","Yes","Male",0.292,12.769,-0.373689655172414,"Catholic",0.665689655172414,1,1
"4253","Yes","Male",-0.208,4.89,-0.373689655172414,"Catholic",0.165689655172414,1,1
"4253","Yes","Male",0.702,8.439,-0.373689655172414,"Catholic",1.07568965517241,1,1
"4253","No","Male",0.712,2.47,-0.373689655172414,"Catholic",1.08568965517241,1,1
"4253","Yes","Male",0.632,1.129,-0.373689655172414,"Catholic",1.00568965517241,1,1
"4253","Yes","Male",-1.568,14.495,-0.373689655172414,"Catholic",-1.19431034482759,1,1
"4253","Yes","Male",-0.658,16.063,-0.373689655172414,"Catholic",-0.284310344827586,1,1
"4253","Yes","Male",-0.708,0.28,-0.373689655172414,"Catholic",-0.334310344827586,1,1
"4253","Yes","Male",0.292,0.179,-0.373689655172414,"Catholic",0.665689655172414,1,1
"4253","No","Male",0.722,-1.853,-0.373689655172414,"Catholic",1.09568965517241,1,1
"4253","Yes","Male",-1.568,14.934,-0.373689655172414,"Catholic",-1.19431034482759,1,1
"4253","Yes","Male",-0.288,10.809,-0.373689655172414,"Catholic",0.0856896551724138,1,1
"4253","Yes","Male",-0.748,12.809,-0.373689655172414,"Catholic",-0.374310344827586,1,1
"4253","Yes","Male",-1.348,1.813,-0.373689655172414,"Catholic",-0.974310344827586,1,1
"4253","Yes","Male",-0.008,5.023,-0.373689655172414,"Catholic",0.365689655172414,1,1
"4253","Yes","Male",-0.898,6.045,-0.373689655172414,"Catholic",-0.524310344827586,1,1
"4253","Yes","Male",-0.898,14.992,-0.373689655172414,"Catholic",-0.524310344827586,1,1
"4253","Yes","Male",0.482,8.663,-0.373689655172414,"Catholic",0.855689655172414,1,1
"4253","Yes","Male",0.012,8.511,-0.373689655172414,"Catholic",0.385689655172414,1,1
"4253","Yes","Male",-0.388,13.88,-0.373689655172414,"Catholic",-0.0143103448275863,1,1
"4253","Yes","Male",0.052,9.871,-0.373689655172414,"Catholic",0.425689655172414,1,1
"4253","Yes","Male",-0.358,11.868,-0.373689655172414,"Catholic",0.0156896551724138,1,1
"4253","Yes","Male",-0.338,8.168,-0.373689655172414,"Catholic",0.0356896551724137,1,1
"4253","Yes","Male",-0.508,0.772,-0.373689655172414,"Catholic",-0.134310344827586,1,1
"4253","Yes","Male",-1.078,11.785,-0.373689655172414,"Catholic",-0.704310344827586,1,1
"4253","Yes","Male",-0.618,2.51,-0.373689655172414,"Catholic",-0.244310344827586,1,1
"4253","Yes","Male",-0.658,7.289,-0.373689655172414,"Catholic",-0.284310344827586,1,1
"4253","Yes","Male",-0.278,6.549,-0.373689655172414,"Catholic",0.0956896551724137,1,1
"4253","Yes","Male",-0.808,1.012,-0.373689655172414,"Catholic",-0.434310344827586,1,1
"4253","Yes","Male",-1.018,5.009,-0.373689655172414,"Catholic",-0.644310344827586,1,1
"4253","Yes","Male",0.002,11.698,-0.373689655172414,"Catholic",0.375689655172414,1,1
"4253","Yes","Male",-0.578,16.339,-0.373689655172414,"Catholic",-0.204310344827586,1,1
"4253","Yes","Male",-0.678,3.907,-0.373689655172414,"Catholic",-0.304310344827586,1,1
"4253","Yes","Male",-0.578,7.424,-0.373689655172414,"Catholic",-0.204310344827586,1,1
"4253","Yes","Male",-0.068,11.02,-0.373689655172414,"Catholic",0.305689655172414,1,1
"4253","Yes","Male",0.412,12.782,-0.373689655172414,"Catholic",0.785689655172414,1,1
"4253","Yes","Male",-1.388,8.854,-0.373689655172414,"Catholic",-1.01431034482759,1,1
"4253","Yes","Male",-1.208,7.538,-0.373689655172414,"Catholic",-0.834310344827586,1,1
"4253","Yes","Male",0.982,20.468,-0.373689655172414,"Catholic",1.35568965517241,1,1
"4253","Yes","Male",0.582,16.209,-0.373689655172414,"Catholic",0.955689655172414,1,1
"4253","Yes","Male",-1.008,16.654,-0.373689655172414,"Catholic",-0.634310344827586,1,1
"4253","Yes","Male",-1.138,2.69,-0.373689655172414,"Catholic",-0.764310344827586,1,1
"4253","Yes","Male",0.832,3.023,-0.373689655172414,"Catholic",1.20568965517241,1,1
"4253","Yes","Male",-0.668,6.207,-0.373689655172414,"Catholic",-0.294310344827586,1,1
"4253","Yes","Male",-1.238,23.239,-0.373689655172414,"Catholic",-0.864310344827586,1,1
"4253","Yes","Male",-1.048,11.969,-0.373689655172414,"Catholic",-0.674310344827586,1,1
"4253","Yes","Male",0.142,12.017,-0.373689655172414,"Catholic",0.515689655172414,1,1
"4253","Yes","Male",-0.998,13.47,-0.373689655172414,"Catholic",-0.624310344827586,1,1
"4253","Yes","Male",0.402,14.526,-0.373689655172414,"Catholic",0.775689655172414,1,1
"4253","Yes","Male",-1.288,6.848,-0.373689655172414,"Catholic",-0.914310344827586,1,1
"4253","Yes","Male",-0.548,18.808,-0.373689655172414,"Catholic",-0.174310344827586,1,1
"4253","Yes","Male",-0.428,9.751,-0.373689655172414,"Catholic",-0.0543103448275862,1,1
"4253","Yes","Male",0.322,7.957,-0.373689655172414,"Catholic",0.695689655172414,1,1
"4253","Yes","Male",-0.218,17.519,-0.373689655172414,"Catholic",0.155689655172414,1,1
"4253","Yes","Male",0.622,13.102,-0.373689655172414,"Catholic",0.995689655172414,1,1
"4253","Yes","Male",-1.518,5.581,-0.373689655172414,"Catholic",-1.14431034482759,1,1
"4292","Yes","Male",-0.778,2.057,-0.486153846153846,"Catholic",-0.291846153846154,1,1
"4292","Yes","Male",0.972,9.255,-0.486153846153846,"Catholic",1.45815384615385,1,1
"4292","Yes","Male",-0.658,3.248,-0.486153846153846,"Catholic",-0.171846153846154,1,1
"4292","Yes","Male",-0.338,21.754,-0.486153846153846,"Catholic",0.148153846153846,1,1
"4292","No","Male",-0.028,18.5,-0.486153846153846,"Catholic",0.458153846153846,1,1
"4292","No","Male",-0.888,18.416,-0.486153846153846,"Catholic",-0.401846153846154,1,1
"4292","Yes","Male",-1.308,13.502,-0.486153846153846,"Catholic",-0.821846153846154,1,1
"4292","Yes","Male",0.152,15.362,-0.486153846153846,"Catholic",0.638153846153846,1,1
"4292","Yes","Male",-0.378,13.331,-0.486153846153846,"Catholic",0.108153846153846,1,1
"4292","Yes","Male",-0.468,5.427,-0.486153846153846,"Catholic",0.0181538461538461,1,1
"4292","Yes","Male",-0.858,20.972,-0.486153846153846,"Catholic",-0.371846153846154,1,1
"4292","Yes","Male",0.032,5.216,-0.486153846153846,"Catholic",0.518153846153846,1,1
"4292","Yes","Male",-0.448,2.826,-0.486153846153846,"Catholic",0.0381538461538461,1,1
"4292","Yes","Male",0.042,12.165,-0.486153846153846,"Catholic",0.528153846153846,1,1
"4292","Yes","Male",0.032,11.934,-0.486153846153846,"Catholic",0.518153846153846,1,1
"4292","No","Male",-1.318,3.42,-0.486153846153846,"Catholic",-0.831846153846154,1,1
"4292","Yes","Male",0.492,8.694,-0.486153846153846,"Catholic",0.978153846153846,1,1
"4292","Yes","Male",-1.098,8.489,-0.486153846153846,"Catholic",-0.611846153846154,1,1
"4292","Yes","Male",-1.208,-0.287,-0.486153846153846,"Catholic",-0.721846153846154,1,1
"4292","Yes","Male",0.592,7.482,-0.486153846153846,"Catholic",1.07815384615385,1,1
"4292","Yes","Male",-1.808,10.169,-0.486153846153846,"Catholic",-1.32184615384615,1,1
"4292","Yes","Male",-0.248,7.167,-0.486153846153846,"Catholic",0.238153846153846,1,1
"4292","Yes","Male",0.192,19.79,-0.486153846153846,"Catholic",0.678153846153846,1,1
"4292","No","Male",0.482,12.801,-0.486153846153846,"Catholic",0.968153846153846,1,1
"4292","Yes","Male",-1.848,18.781,-0.486153846153846,"Catholic",-1.36184615384615,1,1
"4292","No","Male",-1.698,15.051,-0.486153846153846,"Catholic",-1.21184615384615,1,1
"4292","No","Male",0.462,11.824,-0.486153846153846,"Catholic",0.948153846153846,1,1
"4292","Yes","Male",-0.328,5.698,-0.486153846153846,"Catholic",0.158153846153846,1,1
"4292","Yes","Male",-0.418,21.605,-0.486153846153846,"Catholic",0.0681538461538462,1,1
"4292","Yes","Male",-1.008,9.792,-0.486153846153846,"Catholic",-0.521846153846154,1,1
"4292","Yes","Male",-0.678,9.609,-0.486153846153846,"Catholic",-0.191846153846154,1,1
"4292","No","Male",0.762,21.272,-0.486153846153846,"Catholic",1.24815384615385,1,1
"4292","Yes","Male",-0.728,15.665,-0.486153846153846,"Catholic",-0.241846153846154,1,1
"4292","Yes","Male",-0.348,16.638,-0.486153846153846,"Catholic",0.138153846153846,1,1
"4292","Yes","Male",-0.298,12.514,-0.486153846153846,"Catholic",0.188153846153846,1,1
"4292","No","Male",-1.098,18.022,-0.486153846153846,"Catholic",-0.611846153846154,1,1
"4292","Yes","Male",-0.138,6.703,-0.486153846153846,"Catholic",0.348153846153846,1,1
"4292","Yes","Male",0.852,12.956,-0.486153846153846,"Catholic",1.33815384615385,1,1
"4292","Yes","Male",-0.808,14.3,-0.486153846153846,"Catholic",-0.321846153846154,1,1
"4292","Yes","Male",-0.328,12.001,-0.486153846153846,"Catholic",0.158153846153846,1,1
"4292","Yes","Male",-0.538,2.911,-0.486153846153846,"Catholic",-0.0518461538461539,1,1
"4292","Yes","Male",-0.558,3.931,-0.486153846153846,"Catholic",-0.0718461538461539,1,1
"4292","Yes","Male",0.282,4.95,-0.486153846153846,"Catholic",0.768153846153846,1,1
"4292","Yes","Male",-0.728,9.975,-0.486153846153846,"Catholic",-0.241846153846154,1,1
"4292","Yes","Male",0.122,2.985,-0.486153846153846,"Catholic",0.608153846153846,1,1
"4292","Yes","Male",-0.108,21.536,-0.486153846153846,"Catholic",0.378153846153846,1,1
"4292","Yes","Male",-1.318,23.619,-0.486153846153846,"Catholic",-0.831846153846154,1,1
"4292","Yes","Male",-1.538,15.164,-0.486153846153846,"Catholic",-1.05184615384615,1,1
"4292","Yes","Male",0.292,23.619,-0.486153846153846,"Catholic",0.778153846153846,1,1
"4292","No","Male",-0.678,16.278,-0.486153846153846,"Catholic",-0.191846153846154,1,1
"4292","Yes","Male",-0.908,18.318,-0.486153846153846,"Catholic",-0.421846153846154,1,1
"4292","Yes","Male",-1.148,7.128,-0.486153846153846,"Catholic",-0.661846153846154,1,1
"4292","No","Male",-0.568,17.088,-0.486153846153846,"Catholic",-0.0818461538461538,1,1
"4292","Yes","Male",-0.408,18.042,-0.486153846153846,"Catholic",0.0781538461538462,1,1
"4292","Yes","Male",-0.048,16.442,-0.486153846153846,"Catholic",0.438153846153846,1,1
"4292","Yes","Male",-0.128,14.241,-0.486153846153846,"Catholic",0.358153846153846,1,1
"4292","Yes","Male",-0.768,7.821,-0.486153846153846,"Catholic",-0.281846153846154,1,1
"4292","Yes","Male",-1.608,12.431,-0.486153846153846,"Catholic",-1.12184615384615,1,1
"4292","No","Male",-1.018,17.378,-0.486153846153846,"Catholic",-0.531846153846154,1,1
"4292","Yes","Male",-0.598,17.294,-0.486153846153846,"Catholic",-0.111846153846154,1,1
"4292","No","Male",-0.298,18.504,-0.486153846153846,"Catholic",0.188153846153846,1,1
"4292","Yes","Male",-0.498,19.03,-0.486153846153846,"Catholic",-0.0118461538461538,1,1
"4292","No","Male",-0.278,21.19,-0.486153846153846,"Catholic",0.208153846153846,1,1
"4292","Yes","Male",-1.148,20.588,-0.486153846153846,"Catholic",-0.661846153846154,1,1
"4292","Yes","Male",-0.918,11.599,-0.486153846153846,"Catholic",-0.431846153846154,1,1
"4325","No","Male",1.152,16.421,-0.0491320754716981,"Public",1.2011320754717,1,1
"4325","No","Female",1.512,22.56,-0.0491320754716981,"Public",1.5611320754717,1,0
"4325","No","Male",0.522,11.659,-0.0491320754716981,"Public",0.571132075471698,1,1
"4325","Yes","Male",0.252,8.001,-0.0491320754716981,"Public",0.301132075471698,1,1
"4325","No","Male",-1.568,13.608,-0.0491320754716981,"Public",-1.5188679245283,1,1
"4325","No","Male",-0.988,7.514,-0.0491320754716981,"Public",-0.938867924528302,1,1
"4325","Yes","Male",-0.208,18.049,-0.0491320754716981,"Public",-0.158867924528302,1,1
"4325","No","Female",0.582,11.182,-0.0491320754716981,"Public",0.631132075471698,1,0
"4325","No","Male",-1.598,20.717,-0.0491320754716981,"Public",-1.5488679245283,1,1
"4325","No","Male",-0.308,6.946,-0.0491320754716981,"Public",-0.258867924528302,1,1
"4325","No","Female",0.342,3.552,-0.0491320754716981,"Public",0.391132075471698,1,0
"4325","No","Female",0.122,11.735,-0.0491320754716981,"Public",0.171132075471698,1,0
"4325","No","Female",-0.918,4.101,-0.0491320754716981,"Public",-0.868867924528302,1,0
"4325","No","Female",1.072,20.658,-0.0491320754716981,"Public",1.1211320754717,1,0
"4325","No","Female",0.192,14.194,-0.0491320754716981,"Public",0.241132075471698,1,0
"4325","No","Female",0.022,19.443,-0.0491320754716981,"Public",0.0711320754716981,1,0
"4325","No","Female",-0.368,22.127,-0.0491320754716981,"Public",-0.318867924528302,1,0
"4325","No","Male",-0.248,16.549,-0.0491320754716981,"Public",-0.198867924528302,1,1
"4325","No","Male",0.252,15.476,-0.0491320754716981,"Public",0.301132075471698,1,1
"4325","No","Male",0.562,10.211,-0.0491320754716981,"Public",0.611132075471698,1,1
"4325","No","Female",1.002,18.792,-0.0491320754716981,"Public",1.0511320754717,1,0
"4325","No","Male",0.812,15.441,-0.0491320754716981,"Public",0.861132075471698,1,1
"4325","No","Male",0.212,19.082,-0.0491320754716981,"Public",0.261132075471698,1,1
"4325","No","Female",0.202,14.259,-0.0491320754716981,"Public",0.251132075471698,1,0
"4325","No","Male",0.352,4.073,-0.0491320754716981,"Public",0.401132075471698,1,1
"4325","No","Female",-0.278,8.804,-0.0491320754716981,"Public",-0.228867924528302,1,0
"4325","No","Female",-0.548,12.982,-0.0491320754716981,"Public",-0.498867924528302,1,0
"4325","No","Female",-1.458,7.484,-0.0491320754716981,"Public",-1.4088679245283,1,0
"4325","Yes","Female",-0.648,4.23,-0.0491320754716981,"Public",-0.598867924528302,1,0
"4325","No","Male",0.002,13.112,-0.0491320754716981,"Public",0.0511320754716981,1,1
"4325","No","Male",0.942,17.931,-0.0491320754716981,"Public",0.991132075471698,1,1
"4325","No","Male",1.392,22.783,-0.0491320754716981,"Public",1.4411320754717,1,1
"4325","No","Female",0.302,10.386,-0.0491320754716981,"Public",0.351132075471698,1,0
"4325","No","Female",-0.778,7.039,-0.0491320754716981,"Public",-0.728867924528302,1,0
"4325","No","Male",-0.678,17.359,-0.0491320754716981,"Public",-0.628867924528302,1,1
"4325","No","Female",-0.328,15.902,-0.0491320754716981,"Public",-0.278867924528302,1,0
"4325","No","Female",-0.528,7.128,-0.0491320754716981,"Public",-0.478867924528302,1,0
"4325","No","Male",0.682,7.306,-0.0491320754716981,"Public",0.731132075471698,1,1
"4325","No","Female",-0.008,3.923,-0.0491320754716981,"Public",0.0411320754716981,1,0
"4325","No","Female",0.692,24.479,-0.0491320754716981,"Public",0.741132075471698,1,0
"4325","No","Female",0.832,8.938,-0.0491320754716981,"Public",0.881132075471698,1,0
"4325","No","Female",0.052,18.002,-0.0491320754716981,"Public",0.101132075471698,1,0
"4325","No","Male",-0.618,22.055,-0.0491320754716981,"Public",-0.568867924528302,1,1
"4325","No","Female",-0.148,15.924,-0.0491320754716981,"Public",-0.0988679245283019,1,0
"4325","No","Female",0.302,9.116,-0.0491320754716981,"Public",0.351132075471698,1,0
"4325","No","Female",0.842,19.25,-0.0491320754716981,"Public",0.891132075471698,1,0
"4325","No","Female",-0.318,19.521,-0.0491320754716981,"Public",-0.268867924528302,1,0
"4325","No","Male",-0.258,12.76,-0.0491320754716981,"Public",-0.208867924528302,1,1
"4325","No","Male",0.352,21.318,-0.0491320754716981,"Public",0.401132075471698,1,1
"4325","No","Male",-1.388,6.333,-0.0491320754716981,"Public",-1.3388679245283,1,1
"4325","No","Male",-1.968,3.723,-0.0491320754716981,"Public",-1.9188679245283,1,1
"4325","No","Male",-0.198,8.43,-0.0491320754716981,"Public",-0.148867924528302,1,1
"4325","No","Male",-1.808,9.152,-0.0491320754716981,"Public",-1.7588679245283,1,1
"4350","No","Male",0.252,21.564,0.152606060606061,"Public",0.0993939393939394,1,1
"4350","No","Male",-0.008,-2.832,0.152606060606061,"Public",-0.160606060606061,1,1
"4350","No","Male",-1.128,7.756,0.152606060606061,"Public",-1.28060606060606,1,1
"4350","No","Female",-0.768,8.807,0.152606060606061,"Public",-0.920606060606061,1,0
"4350","No","Male",-1.368,12.253,0.152606060606061,"Public",-1.52060606060606,1,1
"4350","No","Male",-0.688,3.484,0.152606060606061,"Public",-0.840606060606061,1,1
"4350","Yes","Female",-0.008,8.889,0.152606060606061,"Public",-0.160606060606061,1,0
"4350","Yes","Male",-0.618,3.342,0.152606060606061,"Public",-0.770606060606061,1,1
"4350","No","Female",0.562,11.597,0.152606060606061,"Public",0.409393939393939,1,0
"4350","Yes","Female",0.152,17.874,0.152606060606061,"Public",-0.000606060606060638,1,0
"4350","No","Male",0.292,-0.818,0.152606060606061,"Public",0.139393939393939,1,1
"4350","No","Male",0.912,20.141,0.152606060606061,"Public",0.759393939393939,1,1
"4350","No","Male",0.272,14.1,0.152606060606061,"Public",0.119393939393939,1,1
"4350","No","Female",0.442,16.447,0.152606060606061,"Public",0.289393939393939,1,0
"4350","No","Female",0.852,19.751,0.152606060606061,"Public",0.699393939393939,1,0
"4350","No","Male",0.182,5.941,0.152606060606061,"Public",0.0293939393939394,1,1
"4350","No","Male",0.402,6.289,0.152606060606061,"Public",0.249393939393939,1,1
"4350","Yes","Male",1.022,13.092,0.152606060606061,"Public",0.869393939393939,1,1
"4350","Yes","Female",0.562,14.518,0.152606060606061,"Public",0.409393939393939,1,0
"4350","Yes","Female",-1.168,-2.535,0.152606060606061,"Public",-1.32060606060606,1,0
"4350","No","Male",0.902,11.751,0.152606060606061,"Public",0.749393939393939,1,1
"4350","No","Male",1.132,18.359,0.152606060606061,"Public",0.979393939393939,1,1
"4350","Yes","Female",-0.328,15.033,0.152606060606061,"Public",-0.480606060606061,1,0
"4350","No","Male",0.382,5.005,0.152606060606061,"Public",0.229393939393939,1,1
"4350","No","Male",0.842,16.846,0.152606060606061,"Public",0.689393939393939,1,1
"4350","Yes","Male",-0.118,2.827,0.152606060606061,"Public",-0.270606060606061,1,1
"4350","No","Female",1.062,13.146,0.152606060606061,"Public",0.909393939393939,1,0
"4350","No","Male",-0.268,23.231,0.152606060606061,"Public",-0.420606060606061,1,1
"4350","No","Female",0.452,12.753,0.152606060606061,"Public",0.299393939393939,1,0
"4350","No","Male",0.932,17.394,0.152606060606061,"Public",0.779393939393939,1,1
"4350","No","Male",-0.048,22.285,0.152606060606061,"Public",-0.200606060606061,1,1
"4350","No","Female",0.112,19.52,0.152606060606061,"Public",-0.0406060606060606,1,0
"4350","No","Female",-0.168,13.419,0.152606060606061,"Public",-0.320606060606061,1,0
"4383","Yes","Male",0.352,1.886,0.0732,"Public",0.2788,1,1
"4383","Yes","Female",-0.988,1.13,0.0732,"Public",-1.0612,1,0
"4383","No","Female",-0.468,2.49,0.0732,"Public",-0.5412,1,0
"4383","No","Female",-0.348,17.506,0.0732,"Public",-0.4212,1,0
"4383","Yes","Female",-0.598,6.219,0.0732,"Public",-0.6712,1,0
"4383","Yes","Male",-1.138,5.176,0.0732,"Public",-1.2112,1,1
"4383","No","Male",0.522,5.334,0.0732,"Public",0.4488,1,1
"4383","No","Female",0.022,13.031,0.0732,"Public",-0.0512,1,0
"4383","No","Female",0.572,20.272,0.0732,"Public",0.4988,1,0
"4383","No","Male",0.862,19.755,0.0732,"Public",0.7888,1,1
"4383","Yes","Male",0.532,10.994,0.0732,"Public",0.4588,1,1
"4383","No","Male",-0.278,20.631,0.0732,"Public",-0.3512,1,1
"4383","No","Male",-0.368,7.042,0.0732,"Public",-0.4412,1,1
"4383","Yes","Male",0.282,2.871,0.0732,"Public",0.2088,1,1
"4383","No","Male",0.802,13.21,0.0732,"Public",0.7288,1,1
"4383","No","Male",0.372,15.452,0.0732,"Public",0.2988,1,1
"4383","No","Female",-0.728,8.624,0.0732,"Public",-0.8012,1,0
"4383","No","Female",0.222,5.946,0.0732,"Public",0.1488,1,0
"4383","No","Male",0.322,16.158,0.0732,"Public",0.2488,1,1
"4383","No","Female",0.062,18.708,0.0732,"Public",-0.0112,1,0
"4383","No","Female",0.082,19.133,0.0732,"Public",0.0088,1,0
"4383","No","Male",-0.258,-2.832,0.0732,"Public",-0.3312,1,1
"4383","No","Male",0.622,21.254,0.0732,"Public",0.5488,1,1
"4383","No","Male",1.162,18.865,0.0732,"Public",1.0888,1,1
"4383","No","Male",0.212,17.787,0.0732,"Public",0.1388,1,1
"4410","No","Female",0.042,6.356,0.096390243902439,"Public",-0.054390243902439,1,0
"4410","No","Male",1.342,17.041,0.096390243902439,"Public",1.24560975609756,1,1
"4410","No","Male",1.262,13.708,0.096390243902439,"Public",1.16560975609756,1,1
"4410","No","Female",-0.168,15.79,0.096390243902439,"Public",-0.264390243902439,1,0
"4410","No","Male",0.962,19.224,0.096390243902439,"Public",0.865609756097561,1,1
"4410","No","Female",-0.608,11.45,0.096390243902439,"Public",-0.704390243902439,1,0
"4410","No","Male",0.952,19.194,0.096390243902439,"Public",0.855609756097561,1,1
"4410","No","Male",-0.578,3.489,0.096390243902439,"Public",-0.674390243902439,1,1
"4410","No","Male",0.902,10.516,0.096390243902439,"Public",0.805609756097561,1,1
"4410","No","Female",-0.618,10.971,0.096390243902439,"Public",-0.714390243902439,1,0
"4410","No","Male",-0.138,14.641,0.096390243902439,"Public",-0.234390243902439,1,1
"4410","No","Male",-0.278,8.512,0.096390243902439,"Public",-0.374390243902439,1,1
"4410","No","Male",0.922,21.487,0.096390243902439,"Public",0.825609756097561,1,1
"4410","No","Female",0.752,11.464,0.096390243902439,"Public",0.655609756097561,1,0
"4410","No","Male",-0.868,18.873,0.096390243902439,"Public",-0.964390243902439,1,1
"4410","No","Male",0.142,17.84,0.096390243902439,"Public",0.045609756097561,1,1
"4410","No","Male",-0.498,5.662,0.096390243902439,"Public",-0.594390243902439,1,1
"4410","No","Male",-0.658,14.814,0.096390243902439,"Public",-0.754390243902439,1,1
"4410","No","Male",0.162,6.653,0.096390243902439,"Public",0.065609756097561,1,1
"4410","No","Female",0.522,20.237,0.096390243902439,"Public",0.425609756097561,1,0
"4410","No","Male",0.812,23.498,0.096390243902439,"Public",0.715609756097561,1,1
"4410","No","Female",0.372,7.29,0.096390243902439,"Public",0.275609756097561,1,0
"4410","No","Male",0.442,16.285,0.096390243902439,"Public",0.345609756097561,1,1
"4410","No","Male",-0.228,12.081,0.096390243902439,"Public",-0.324390243902439,1,1
"4410","No","Female",-0.628,17.005,0.096390243902439,"Public",-0.724390243902439,1,0
"4410","No","Male",0.222,1.568,0.096390243902439,"Public",0.125609756097561,1,1
"4410","No","Male",0.762,17.306,0.096390243902439,"Public",0.665609756097561,1,1
"4410","No","Female",0.882,18.886,0.096390243902439,"Public",0.785609756097561,1,0
"4410","No","Female",-0.528,18.026,0.096390243902439,"Public",-0.624390243902439,1,0
"4410","Yes","Male",-0.468,2.336,0.096390243902439,"Public",-0.564390243902439,1,1
"4410","No","Male",-0.258,22.255,0.096390243902439,"Public",-0.354390243902439,1,1
"4410","No","Male",-0.438,22.194,0.096390243902439,"Public",-0.534390243902439,1,1
"4410","No","Male",-0.408,8.286,0.096390243902439,"Public",-0.504390243902439,1,1
"4410","No","Female",-0.388,6.426,0.096390243902439,"Public",-0.484390243902439,1,0
"4410","No","Male",-0.618,7.177,0.096390243902439,"Public",-0.714390243902439,1,1
"4410","No","Male",0.592,3.479,0.096390243902439,"Public",0.495609756097561,1,1
"4410","No","Female",-0.388,16.684,0.096390243902439,"Public",-0.484390243902439,1,0
"4410","No","Female",0.232,20.663,0.096390243902439,"Public",0.135609756097561,1,0
"4410","No","Male",-0.088,8.49,0.096390243902439,"Public",-0.184390243902439,1,1
"4410","No","Female",0.032,18.442,0.096390243902439,"Public",-0.064390243902439,1,0
"4410","No","Female",0.492,16.093,0.096390243902439,"Public",0.395609756097561,1,0
"4420","No","Male",-0.208,24.457,-0.22425,"Public",0.01625,1,1
"4420","No","Female",-0.248,11.877,-0.22425,"Public",-0.02375,1,0
"4420","No","Female",-0.468,19.046,-0.22425,"Public",-0.24375,1,0
"4420","No","Male",-0.558,13.848,-0.22425,"Public",-0.33375,1,1
"4420","No","Male",-0.068,23.558,-0.22425,"Public",0.15625,1,1
"4420","No","Male",0.322,18.191,-0.22425,"Public",0.54625,1,1
"4420","No","Male",0.542,17.118,-0.22425,"Public",0.76625,1,1
"4420","No","Female",-1.128,12.309,-0.22425,"Public",-0.90375,1,0
"4420","No","Male",0.092,22.916,-0.22425,"Public",0.31625,1,1
"4420","No","Male",-0.208,5.982,-0.22425,"Public",0.01625,1,1
"4420","No","Female",-0.478,8.721,-0.22425,"Public",-0.25375,1,0
"4420","No","Female",-1.158,1.878,-0.22425,"Public",-0.93375,1,0
"4420","No","Male",-0.938,7.509,-0.22425,"Public",-0.71375,1,1
"4420","No","Female",1.042,11.036,-0.22425,"Public",1.26625,1,0
"4420","No","Male",-0.708,11.738,-0.22425,"Public",-0.48375,1,1
"4420","No","Female",0.262,12.14,-0.22425,"Public",0.48625,1,0
"4420","No","Female",-0.358,16.752,-0.22425,"Public",-0.13375,1,0
"4420","No","Female",-0.418,4.298,-0.22425,"Public",-0.19375,1,0
"4420","No","Female",0.702,18.057,-0.22425,"Public",0.92625,1,0
"4420","No","Male",0.852,8.733,-0.22425,"Public",1.07625,1,1
"4420","No","Female",-0.898,15.1,-0.22425,"Public",-0.67375,1,0
"4420","No","Male",-0.208,20.974,-0.22425,"Public",0.01625,1,1
"4420","No","Female",-0.558,4.123,-0.22425,"Public",-0.33375,1,0
"4420","No","Male",-0.928,20.612,-0.22425,"Public",-0.70375,1,1
"4420","No","Female",-0.718,4.935,-0.22425,"Public",-0.49375,1,0
"4420","No","Male",0.712,16.07,-0.22425,"Public",0.93625,1,1
"4420","No","Female",-1.188,6.341,-0.22425,"Public",-0.96375,1,0
"4420","No","Male",0.892,21.795,-0.22425,"Public",1.11625,1,1
"4420","No","Male",-0.088,16.076,-0.22425,"Public",0.13625,1,1
"4420","No","Female",-1.638,17.306,-0.22425,"Public",-1.41375,1,0
"4420","No","Male",0.112,6.972,-0.22425,"Public",0.33625,1,1
"4420","No","Male",0.462,23.505,-0.22425,"Public",0.68625,1,1
"4458","Yes","Female",-0.338,5.272,-1.04945833333333,"Public",0.711458333333333,1,0
"4458","No","Male",-1.008,15.397,-1.04945833333333,"Public",0.0414583333333334,1,1
"4458","Yes","Female",-1.038,2.929,-1.04945833333333,"Public",0.0114583333333333,1,0
"4458","Yes","Female",-1.598,7.304,-1.04945833333333,"Public",-0.548541666666667,1,0
"4458","Yes","Male",-1.578,9.123,-1.04945833333333,"Public",-0.528541666666667,1,1
"4458","No","Male",-1.188,2.88,-1.04945833333333,"Public",-0.138541666666667,1,1
"4458","Yes","Female",-1.548,4.588,-1.04945833333333,"Public",-0.498541666666667,1,0
"4458","Yes","Male",0.002,0.33,-1.04945833333333,"Public",1.05145833333333,1,1
"4458","Yes","Female",-2.148,6.796,-1.04945833333333,"Public",-1.09854166666667,1,0
"4458","Yes","Female",-0.568,5.843,-1.04945833333333,"Public",0.481458333333333,1,0
"4458","Yes","Male",-1.118,4.641,-1.04945833333333,"Public",-0.0685416666666667,1,1
"4458","Yes","Male",-1.998,9.454,-1.04945833333333,"Public",-0.948541666666667,1,1
"4458","No","Male",0.552,8.496,-1.04945833333333,"Public",1.60145833333333,1,1
"4458","No","Male",0.312,4.532,-1.04945833333333,"Public",1.36145833333333,1,1
"4458","Yes","Female",-1.118,1.698,-1.04945833333333,"Public",-0.0685416666666667,1,0
"4458","Yes","Female",-1.298,5.397,-1.04945833333333,"Public",-0.248541666666667,1,0
"4458","No","Male",-0.578,5.983,-1.04945833333333,"Public",0.471458333333333,1,1
"4458","Yes","Male",-1.828,1.832,-1.04945833333333,"Public",-0.778541666666667,1,1
"4458","Yes","Male",-1.118,1.343,-1.04945833333333,"Public",-0.0685416666666667,1,1
"4458","No","Female",-1.338,12.206,-1.04945833333333,"Public",-0.288541666666667,1,0
"4458","No","Female",-1.198,11.123,-1.04945833333333,"Public",-0.148541666666667,1,0
"4458","Yes","Female",-1.858,-1.334,-1.04945833333333,"Public",-0.808541666666667,1,0
"4458","Yes","Male",-0.948,6.545,-1.04945833333333,"Public",0.101458333333333,1,1
"4458","Yes","Female",-1.108,4.63,-1.04945833333333,"Public",-0.0585416666666667,1,0
"4458","Yes","Male",-1.488,3.876,-1.04945833333333,"Public",-0.438541666666667,1,1
"4458","Yes","Male",0.372,10.671,-1.04945833333333,"Public",1.42145833333333,1,1
"4458","Yes","Male",-0.408,2.077,-1.04945833333333,"Public",0.641458333333333,1,1
"4458","Yes","Male",-2.498,1.927,-1.04945833333333,"Public",-1.44854166666667,1,1
"4458","Yes","Female",-0.888,-1.506,-1.04945833333333,"Public",0.161458333333333,1,0
"4458","Yes","Female",-0.448,7.628,-1.04945833333333,"Public",0.601458333333333,1,0
"4458","Yes","Female",-1.968,2.109,-1.04945833333333,"Public",-0.918541666666667,1,0
"4458","Yes","Female",-0.238,4.233,-1.04945833333333,"Public",0.811458333333333,1,0
"4458","No","Female",-0.598,18.781,-1.04945833333333,"Public",0.451458333333333,1,0
"4458","Yes","Female",-1.248,7.723,-1.04945833333333,"Public",-0.198541666666667,1,0
"4458","Yes","Female",-1.408,1.78,-1.04945833333333,"Public",-0.358541666666667,1,0
"4458","Yes","Female",-1.208,6.682,-1.04945833333333,"Public",-0.158541666666667,1,0
"4458","Yes","Female",-0.918,15.474,-1.04945833333333,"Public",0.131458333333333,1,0
"4458","Yes","Female",-1.018,8.918,-1.04945833333333,"Public",0.0314583333333334,1,0
"4458","Yes","Female",-0.978,11.436,-1.04945833333333,"Public",0.0714583333333334,1,0
"4458","Yes","Female",-0.818,9.108,-1.04945833333333,"Public",0.231458333333333,1,0
"4458","Yes","Male",-1.688,8.117,-1.04945833333333,"Public",-0.638541666666667,1,1
"4458","Yes","Female",-1.608,0.397,-1.04945833333333,"Public",-0.558541666666667,1,0
"4458","No","Male",-0.458,5.229,-1.04945833333333,"Public",0.591458333333333,1,1
"4458","Yes","Female",-1.308,4.24,-1.04945833333333,"Public",-0.258541666666667,1,0
"4458","Yes","Female",-1.278,2.356,-1.04945833333333,"Public",-0.228541666666667,1,0
"4458","No","Male",-1.308,5.634,-1.04945833333333,"Public",-0.258541666666667,1,1
"4458","Yes","Male",-0.858,-2.632,-1.04945833333333,"Public",0.191458333333333,1,1
"4458","Yes","Female",-0.458,7.681,-1.04945833333333,"Public",0.591458333333333,1,0
"4511","No","Female",-0.188,14.186,-0.107137931034483,"Catholic",-0.0808620689655172,1,0
"4511","No","Female",-0.278,4.324,-0.107137931034483,"Catholic",-0.170862068965517,1,0
"4511","No","Female",-0.278,8.64,-0.107137931034483,"Catholic",-0.170862068965517,1,0
"4511","No","Female",1.012,9.783,-0.107137931034483,"Catholic",1.11913793103448,1,0
"4511","No","Female",-0.538,7.459,-0.107137931034483,"Catholic",-0.430862068965517,1,0
"4511","No","Female",0.212,18.342,-0.107137931034483,"Catholic",0.319137931034483,1,0
"4511","No","Female",-0.418,6.701,-0.107137931034483,"Catholic",-0.310862068965517,1,0
"4511","No","Female",0.352,11.062,-0.107137931034483,"Catholic",0.459137931034483,1,0
"4511","No","Female",0.072,15.35,-0.107137931034483,"Catholic",0.179137931034483,1,0
"4511","No","Female",-0.238,2.444,-0.107137931034483,"Catholic",-0.130862068965517,1,0
"4511","No","Female",0.792,13.563,-0.107137931034483,"Catholic",0.899137931034483,1,0
"4511","No","Female",-0.788,9.272,-0.107137931034483,"Catholic",-0.680862068965517,1,0
"4511","Yes","Female",-0.778,12.184,-0.107137931034483,"Catholic",-0.670862068965517,1,0
"4511","No","Female",-0.178,15.55,-0.107137931034483,"Catholic",-0.0708620689655172,1,0
"4511","No","Female",-1.058,18.632,-0.107137931034483,"Catholic",-0.950862068965517,1,0
"4511","No","Female",0.172,5.627,-0.107137931034483,"Catholic",0.279137931034483,1,0
"4511","No","Female",-1.038,13.397,-0.107137931034483,"Catholic",-0.930862068965517,1,0
"4511","No","Female",-0.788,20.318,-0.107137931034483,"Catholic",-0.680862068965517,1,0
"4511","No","Female",-0.438,12.396,-0.107137931034483,"Catholic",-0.330862068965517,1,0
"4511","Yes","Female",0.592,7.802,-0.107137931034483,"Catholic",0.699137931034483,1,0
"4511","No","Female",-0.508,22.94,-0.107137931034483,"Catholic",-0.400862068965517,1,0
"4511","No","Female",-0.768,14.742,-0.107137931034483,"Catholic",-0.660862068965517,1,0
"4511","Yes","Female",1.022,12.872,-0.107137931034483,"Catholic",1.12913793103448,1,0
"4511","No","Female",-0.078,23.04,-0.107137931034483,"Catholic",0.0291379310344828,1,0
"4511","No","Female",0.582,20.487,-0.107137931034483,"Catholic",0.689137931034483,1,0
"4511","No","Female",-1.218,9.253,-0.107137931034483,"Catholic",-1.11086206896552,1,0
"4511","No","Female",0.742,10.871,-0.107137931034483,"Catholic",0.849137931034483,1,0
"4511","Yes","Female",-0.108,6.221,-0.107137931034483,"Catholic",-0.000862068965517229,1,0
"4511","No","Female",-0.548,9.341,-0.107137931034483,"Catholic",-0.440862068965517,1,0
"4511","No","Female",-0.598,7.035,-0.107137931034483,"Catholic",-0.490862068965517,1,0
"4511","No","Female",0.202,16.808,-0.107137931034483,"Catholic",0.309137931034483,1,0
"4511","No","Female",-0.258,20.566,-0.107137931034483,"Catholic",-0.150862068965517,1,0
"4511","No","Female",0.342,15.291,-0.107137931034483,"Catholic",0.449137931034483,1,0
"4511","No","Female",-0.988,13.565,-0.107137931034483,"Catholic",-0.880862068965517,1,0
"4511","No","Female",-0.398,21.006,-0.107137931034483,"Catholic",-0.290862068965517,1,0
"4511","No","Female",-0.748,4.588,-0.107137931034483,"Catholic",-0.640862068965517,1,0
"4511","No","Female",-0.298,19.995,-0.107137931034483,"Catholic",-0.190862068965517,1,0
"4511","No","Female",0.032,17.82,-0.107137931034483,"Catholic",0.139137931034483,1,0
"4511","No","Female",-0.128,5.894,-0.107137931034483,"Catholic",-0.0208620689655172,1,0
"4511","No","Female",0.372,4.576,-0.107137931034483,"Catholic",0.479137931034483,1,0
"4511","No","Female",-0.618,5.762,-0.107137931034483,"Catholic",-0.510862068965517,1,0
"4511","No","Female",-1.178,18.571,-0.107137931034483,"Catholic",-1.07086206896552,1,0
"4511","No","Female",0.262,16.607,-0.107137931034483,"Catholic",0.369137931034483,1,0
"4511","No","Female",0.692,8.366,-0.107137931034483,"Catholic",0.799137931034483,1,0
"4511","No","Female",0.042,7.184,-0.107137931034483,"Catholic",0.149137931034483,1,0
"4511","No","Female",0.132,18.042,-0.107137931034483,"Catholic",0.239137931034483,1,0
"4511","Yes","Female",0.502,5.613,-0.107137931034483,"Catholic",0.609137931034483,1,0
"4511","No","Female",-0.128,22.601,-0.107137931034483,"Catholic",-0.0208620689655172,1,0
"4511","No","Female",0.272,19.888,-0.107137931034483,"Catholic",0.379137931034483,1,0
"4511","Yes","Female",0.702,15.456,-0.107137931034483,"Catholic",0.809137931034483,1,0
"4511","No","Female",-0.278,9.142,-0.107137931034483,"Catholic",-0.170862068965517,1,0
"4511","No","Female",0.612,19.91,-0.107137931034483,"Catholic",0.719137931034483,1,0
"4511","No","Female",0.342,7.447,-0.107137931034483,"Catholic",0.449137931034483,1,0
"4511","No","Female",-0.568,21.481,-0.107137931034483,"Catholic",-0.460862068965517,1,0
"4511","No","Female",0.682,18.069,-0.107137931034483,"Catholic",0.789137931034483,1,0
"4511","No","Female",-0.338,20.405,-0.107137931034483,"Catholic",-0.230862068965517,1,0
"4511","No","Female",-0.798,16.241,-0.107137931034483,"Catholic",-0.690862068965517,1,0
"4511","No","Female",0.602,22.996,-0.107137931034483,"Catholic",0.709137931034483,1,0
"4523","Yes","Female",-0.158,16.093,-0.0537446808510638,"Catholic",-0.104255319148936,1,0
"4523","Yes","Female",0.692,10.18,-0.0537446808510638,"Catholic",0.745744680851064,1,0
"4523","Yes","Female",-0.258,9.647,-0.0537446808510638,"Catholic",-0.204255319148936,1,0
"4523","Yes","Female",-0.038,1.059,-0.0537446808510638,"Catholic",0.0157446808510638,1,0
"4523","Yes","Female",-0.788,4.145,-0.0537446808510638,"Catholic",-0.734255319148936,1,0
"4523","Yes","Female",0.372,12.17,-0.0537446808510638,"Catholic",0.425744680851064,1,0
"4523","Yes","Female",1.212,8.26,-0.0537446808510638,"Catholic",1.26574468085106,1,0
"4523","Yes","Female",1.032,5.454,-0.0537446808510638,"Catholic",1.08574468085106,1,0
"4523","Yes","Female",0.802,6.857,-0.0537446808510638,"Catholic",0.855744680851064,1,0
"4523","Yes","Female",-0.748,11.914,-0.0537446808510638,"Catholic",-0.694255319148936,1,0
"4523","Yes","Female",-0.258,4.454,-0.0537446808510638,"Catholic",-0.204255319148936,1,0
"4523","Yes","Female",-0.098,7.451,-0.0537446808510638,"Catholic",-0.0442553191489362,1,0
"4523","Yes","Female",1.152,22.523,-0.0537446808510638,"Catholic",1.20574468085106,1,0
"4523","Yes","Female",-0.718,4.241,-0.0537446808510638,"Catholic",-0.664255319148936,1,0
"4523","Yes","Female",-0.138,12.68,-0.0537446808510638,"Catholic",-0.0842553191489362,1,0
"4523","Yes","Female",0.252,12.383,-0.0537446808510638,"Catholic",0.305744680851064,1,0
"4523","Yes","Female",-0.168,7.452,-0.0537446808510638,"Catholic",-0.114255319148936,1,0
"4523","Yes","Female",-0.088,12.324,-0.0537446808510638,"Catholic",-0.0342553191489362,1,0
"4523","Yes","Female",-1.848,-0.912,-0.0537446808510638,"Catholic",-1.79425531914894,1,0
"4523","Yes","Female",0.512,11.535,-0.0537446808510638,"Catholic",0.565744680851064,1,0
"4523","Yes","Female",0.692,17.602,-0.0537446808510638,"Catholic",0.745744680851064,1,0
"4523","Yes","Female",-1.218,7.204,-0.0537446808510638,"Catholic",-1.16425531914894,1,0
"4523","Yes","Female",0.572,-0.672,-0.0537446808510638,"Catholic",0.625744680851064,1,0
"4523","Yes","Female",-0.458,17.448,-0.0537446808510638,"Catholic",-0.404255319148936,1,0
"4523","Yes","Female",0.762,6.57,-0.0537446808510638,"Catholic",0.815744680851064,1,0
"4523","Yes","Female",0.192,11.104,-0.0537446808510638,"Catholic",0.245744680851064,1,0
"4523","Yes","Female",0.552,11.583,-0.0537446808510638,"Catholic",0.605744680851064,1,0
"4523","Yes","Female",-0.688,8.327,-0.0537446808510638,"Catholic",-0.634255319148936,1,0
"4523","Yes","Female",-0.718,-2.282,-0.0537446808510638,"Catholic",-0.664255319148936,1,0
"4523","Yes","Female",1.122,10.045,-0.0537446808510638,"Catholic",1.17574468085106,1,0
"4523","Yes","Female",-0.318,10.469,-0.0537446808510638,"Catholic",-0.264255319148936,1,0
"4523","Yes","Female",-0.188,3.964,-0.0537446808510638,"Catholic",-0.134255319148936,1,0
"4523","Yes","Female",-0.348,3.565,-0.0537446808510638,"Catholic",-0.294255319148936,1,0
"4523","Yes","Female",-0.128,16.474,-0.0537446808510638,"Catholic",-0.0742553191489362,1,0
"4523","Yes","Female",-0.258,4.468,-0.0537446808510638,"Catholic",-0.204255319148936,1,0
"4523","Yes","Female",-0.048,14.27,-0.0537446808510638,"Catholic",0.00574468085106383,1,0
"4523","Yes","Female",-1.038,8.159,-0.0537446808510638,"Catholic",-0.984255319148936,1,0
"4523","Yes","Female",-0.428,-2.426,-0.0537446808510638,"Catholic",-0.374255319148936,1,0
"4523","Yes","Female",-0.138,2.777,-0.0537446808510638,"Catholic",-0.0842553191489362,1,0
"4523","Yes","Female",-0.208,0.424,-0.0537446808510638,"Catholic",-0.154255319148936,1,0
"4523","No","Female",0.582,9.219,-0.0537446808510638,"Catholic",0.635744680851064,1,0
"4523","Yes","Female",-0.868,12.471,-0.0537446808510638,"Catholic",-0.814255319148936,1,0
"4523","Yes","Female",-1.448,6.646,-0.0537446808510638,"Catholic",-1.39425531914894,1,0
"4523","Yes","Female",-0.258,3.483,-0.0537446808510638,"Catholic",-0.204255319148936,1,0
"4523","Yes","Female",-0.818,12.079,-0.0537446808510638,"Catholic",-0.764255319148936,1,0
"4523","Yes","Female",1.082,13.766,-0.0537446808510638,"Catholic",1.13574468085106,1,0
"4523","Yes","Female",0.772,5.885,-0.0537446808510638,"Catholic",0.825744680851064,1,0
"4530","No","Female",-0.418,5.026,-0.596888888888889,"Catholic",0.178888888888889,1,0
"4530","Yes","Female",-0.108,0.073,-0.596888888888889,"Catholic",0.488888888888889,1,0
"4530","No","Female",-1.688,9.916,-0.596888888888889,"Catholic",-1.09111111111111,1,0
"4530","No","Female",-1.008,15.939,-0.596888888888889,"Catholic",-0.411111111111111,1,0
"4530","No","Female",-0.678,15.201,-0.596888888888889,"Catholic",-0.0811111111111111,1,0
"4530","No","Female",-1.128,8.254,-0.596888888888889,"Catholic",-0.531111111111111,1,0
"4530","Yes","Female",-0.248,5.209,-0.596888888888889,"Catholic",0.348888888888889,1,0
"4530","No","Female",-0.118,3.556,-0.596888888888889,"Catholic",0.478888888888889,1,0
"4530","Yes","Female",-0.308,15.025,-0.596888888888889,"Catholic",0.288888888888889,1,0
"4530","Yes","Female",-0.918,4.564,-0.596888888888889,"Catholic",-0.321111111111111,1,0
"4530","Yes","Female",-1.788,5.922,-0.596888888888889,"Catholic",-1.19111111111111,1,0
"4530","Yes","Female",-0.388,14.602,-0.596888888888889,"Catholic",0.208888888888889,1,0
"4530","Yes","Female",-1.438,0.595,-0.596888888888889,"Catholic",-0.841111111111111,1,0
"4530","No","Female",-0.498,6.585,-0.596888888888889,"Catholic",0.0988888888888889,1,0
"4530","Yes","Female",-0.738,6.295,-0.596888888888889,"Catholic",-0.141111111111111,1,0
"4530","Yes","Female",-1.098,6.649,-0.596888888888889,"Catholic",-0.501111111111111,1,0
"4530","No","Female",0.152,20.479,-0.596888888888889,"Catholic",0.748888888888889,1,0
"4530","No","Female",-0.928,14.939,-0.596888888888889,"Catholic",-0.331111111111111,1,0
"4530","No","Female",-0.698,9.801,-0.596888888888889,"Catholic",-0.101111111111111,1,0
"4530","Yes","Female",-1.498,11.841,-0.596888888888889,"Catholic",-0.901111111111111,1,0
"4530","No","Female",-1.258,3.968,-0.596888888888889,"Catholic",-0.661111111111111,1,0
"4530","No","Female",-0.098,12.961,-0.596888888888889,"Catholic",0.498888888888889,1,0
"4530","Yes","Female",-1.848,8.898,-0.596888888888889,"Catholic",-1.25111111111111,1,0
"4530","Yes","Female",1.122,18.776,-0.596888888888889,"Catholic",1.71888888888889,1,0
"4530","No","Female",-0.048,18.013,-0.596888888888889,"Catholic",0.548888888888889,1,0
"4530","No","Female",-1.788,9.58,-0.596888888888889,"Catholic",-1.19111111111111,1,0
"4530","No","Female",-1.488,1.155,-0.596888888888889,"Catholic",-0.891111111111111,1,0
"4530","No","Female",0.062,16.785,-0.596888888888889,"Catholic",0.658888888888889,1,0
"4530","Yes","Female",-0.008,9.497,-0.596888888888889,"Catholic",0.588888888888889,1,0
"4530","No","Female",-0.808,4.219,-0.596888888888889,"Catholic",-0.211111111111111,1,0
"4530","Yes","Female",-0.178,3.131,-0.596888888888889,"Catholic",0.418888888888889,1,0
"4530","Yes","Female",-0.128,7,-0.596888888888889,"Catholic",0.468888888888889,1,0
"4530","No","Female",-0.958,15.256,-0.596888888888889,"Catholic",-0.361111111111111,1,0
"4530","No","Female",-0.428,9.659,-0.596888888888889,"Catholic",0.168888888888889,1,0
"4530","Yes","Female",-0.798,11.162,-0.596888888888889,"Catholic",-0.201111111111111,1,0
"4530","Yes","Female",-0.788,-1.671,-0.596888888888889,"Catholic",-0.191111111111111,1,0
"4530","Yes","Female",-0.088,4.4,-0.596888888888889,"Catholic",0.508888888888889,1,0
"4530","No","Female",0.042,6.276,-0.596888888888889,"Catholic",0.638888888888889,1,0
"4530","No","Female",-0.868,10.821,-0.596888888888889,"Catholic",-0.271111111111111,1,0
"4530","No","Female",0.072,9.666,-0.596888888888889,"Catholic",0.668888888888889,1,0
"4530","No","Female",-0.248,4.264,-0.596888888888889,"Catholic",0.348888888888889,1,0
"4530","No","Female",-0.988,15.636,-0.596888888888889,"Catholic",-0.391111111111111,1,0
"4530","Yes","Female",0.452,12.453,-0.596888888888889,"Catholic",1.04888888888889,1,0
"4530","No","Female",-0.898,14.873,-0.596888888888889,"Catholic",-0.301111111111111,1,0
"4530","No","Female",-0.188,22.943,-0.596888888888889,"Catholic",0.408888888888889,1,0
"4530","Yes","Female",-0.308,14.424,-0.596888888888889,"Catholic",0.288888888888889,1,0
"4530","Yes","Female",-1.168,6.911,-0.596888888888889,"Catholic",-0.571111111111111,1,0
"4530","No","Female",-1.128,17.45,-0.596888888888889,"Catholic",-0.531111111111111,1,0
"4530","No","Female",-1.148,2.237,-0.596888888888889,"Catholic",-0.551111111111111,1,0
"4530","Yes","Female",-0.708,16.717,-0.596888888888889,"Catholic",-0.111111111111111,1,0
"4530","No","Female",-0.618,5.564,-0.596888888888889,"Catholic",-0.0211111111111111,1,0
"4530","No","Female",-0.938,7.252,-0.596888888888889,"Catholic",-0.341111111111111,1,0
"4530","No","Female",-0.278,5.147,-0.596888888888889,"Catholic",0.318888888888889,1,0
"4530","No","Female",-1.338,-0.762,-0.596888888888889,"Catholic",-0.741111111111111,1,0
"4530","No","Female",0.222,10.257,-0.596888888888889,"Catholic",0.818888888888889,1,0
"4530","No","Female",-0.488,3.97,-0.596888888888889,"Catholic",0.108888888888889,1,0
"4530","No","Female",0.132,8.248,-0.596888888888889,"Catholic",0.728888888888889,1,0
"4530","Yes","Female",0.302,1.747,-0.596888888888889,"Catholic",0.898888888888889,1,0
"4530","Yes","Female",0.082,5.436,-0.596888888888889,"Catholic",0.678888888888889,1,0
"4530","No","Female",0.212,7.304,-0.596888888888889,"Catholic",0.808888888888889,1,0
"4530","Yes","Female",-0.658,10.133,-0.596888888888889,"Catholic",-0.0611111111111111,1,0
"4530","Yes","Female",-0.728,8.472,-0.596888888888889,"Catholic",-0.131111111111111,1,0
"4530","Yes","Female",-1.358,9.81,-0.596888888888889,"Catholic",-0.761111111111111,1,0
"4642","No","Female",-0.468,22.518,0.11544262295082,"Public",-0.58344262295082,1,0
"4642","No","Female",0.202,14.419,0.11544262295082,"Public",0.0865573770491803,1,0
"4642","No","Female",0.132,23.69,0.11544262295082,"Public",0.0165573770491803,1,0
"4642","No","Female",0.762,14.309,0.11544262295082,"Public",0.64655737704918,1,0
"4642","No","Female",-0.638,10.88,0.11544262295082,"Public",-0.75344262295082,1,0
"4642","No","Male",-0.508,8.109,0.11544262295082,"Public",-0.62344262295082,1,1
"4642","No","Male",0.662,13.698,0.11544262295082,"Public",0.54655737704918,1,1
"4642","No","Female",-0.188,16.36,0.11544262295082,"Public",-0.30344262295082,1,0
"4642","No","Male",0.972,21.609,0.11544262295082,"Public",0.85655737704918,1,1
"4642","No","Male",0.822,15.937,0.11544262295082,"Public",0.70655737704918,1,1
"4642","No","Male",0.782,24.138,0.11544262295082,"Public",0.66655737704918,1,1
"4642","No","Male",0.872,22.613,0.11544262295082,"Public",0.75655737704918,1,1
"4642","No","Male",0.902,11.176,0.11544262295082,"Public",0.78655737704918,1,1
"4642","No","Male",0.772,15.103,0.11544262295082,"Public",0.65655737704918,1,1
"4642","No","Female",0.322,23.89,0.11544262295082,"Public",0.20655737704918,1,0
"4642","No","Female",-0.748,17.467,0.11544262295082,"Public",-0.86344262295082,1,0
"4642","No","Female",0.422,20.293,0.11544262295082,"Public",0.30655737704918,1,0
"4642","No","Female",-0.078,12.052,0.11544262295082,"Public",-0.19344262295082,1,0
"4642","No","Female",0.242,12.094,0.11544262295082,"Public",0.12655737704918,1,0
"4642","No","Female",0.682,8.107,0.11544262295082,"Public",0.56655737704918,1,0
"4642","No","Male",-0.148,11.605,0.11544262295082,"Public",-0.26344262295082,1,1
"4642","No","Male",-0.288,6.734,0.11544262295082,"Public",-0.40344262295082,1,1
"4642","No","Female",0.232,17.102,0.11544262295082,"Public",0.11655737704918,1,0
"4642","No","Female",0.102,7.701,0.11544262295082,"Public",-0.0134426229508197,1,0
"4642","No","Male",0.212,11.134,0.11544262295082,"Public",0.0965573770491803,1,1
"4642","No","Female",-0.168,20.986,0.11544262295082,"Public",-0.28344262295082,1,0
"4642","Yes","Male",-0.118,10.124,0.11544262295082,"Public",-0.23344262295082,1,1
"4642","No","Female",-0.058,8.178,0.11544262295082,"Public",-0.17344262295082,1,0
"4642","No","Female",-0.278,-0.365,0.11544262295082,"Public",-0.39344262295082,1,0
"4642","No","Male",0.892,24.993,0.11544262295082,"Public",0.77655737704918,1,1
"4642","No","Female",1.222,16.606,0.11544262295082,"Public",1.10655737704918,1,0
"4642","No","Male",0.892,19.103,0.11544262295082,"Public",0.77655737704918,1,1
"4642","No","Male",0.422,9.03,0.11544262295082,"Public",0.30655737704918,1,1
"4642","No","Female",0.542,19.141,0.11544262295082,"Public",0.42655737704918,1,0
"4642","No","Male",-0.338,7.071,0.11544262295082,"Public",-0.45344262295082,1,1
"4642","No","Male",0.482,24.421,0.11544262295082,"Public",0.36655737704918,1,1
"4642","No","Female",-0.338,9.223,0.11544262295082,"Public",-0.45344262295082,1,0
"4642","Yes","Male",-0.678,6.88,0.11544262295082,"Public",-0.79344262295082,1,1
"4642","No","Male",0.012,10.252,0.11544262295082,"Public",-0.10344262295082,1,1
"4642","No","Female",0.442,11.86,0.11544262295082,"Public",0.32655737704918,1,0
"4642","No","Female",-0.618,3.085,0.11544262295082,"Public",-0.73344262295082,1,0
"4642","No","Male",0.762,16.919,0.11544262295082,"Public",0.64655737704918,1,1
"4642","No","Female",1.312,18.829,0.11544262295082,"Public",1.19655737704918,1,0
"4642","No","Male",-1.198,8.644,0.11544262295082,"Public",-1.31344262295082,1,1
"4642","No","Female",0.142,19.521,0.11544262295082,"Public",0.0265573770491803,1,0
"4642","No","Male",1.152,15.12,0.11544262295082,"Public",1.03655737704918,1,1
"4642","No","Female",-0.498,23.238,0.11544262295082,"Public",-0.61344262295082,1,0
"4642","No","Female",-1.168,5.507,0.11544262295082,"Public",-1.28344262295082,1,0
"4642","No","Female",-0.048,14.832,0.11544262295082,"Public",-0.16344262295082,1,0
"4642","No","Female",0.232,8.738,0.11544262295082,"Public",0.11655737704918,1,0
"4642","No","Female",-2.218,17.326,0.11544262295082,"Public",-2.33344262295082,1,0
"4642","No","Female",-0.238,3.812,0.11544262295082,"Public",-0.35344262295082,1,0
"4642","No","Female",-0.768,19.685,0.11544262295082,"Public",-0.88344262295082,1,0
"4642","No","Female",0.342,20.136,0.11544262295082,"Public",0.22655737704918,1,0
"4642","No","Male",-0.478,9.209,0.11544262295082,"Public",-0.59344262295082,1,1
"4642","No","Female",0.622,16.225,0.11544262295082,"Public",0.50655737704918,1,0
"4642","No","Female",0.502,18.846,0.11544262295082,"Public",0.38655737704918,1,0
"4642","No","Female",0.712,22.07,0.11544262295082,"Public",0.59655737704918,1,0
"4642","No","Male",0.382,15.776,0.11544262295082,"Public",0.26655737704918,1,1
"4642","No","Female",-0.478,14.918,0.11544262295082,"Public",-0.59344262295082,1,0
"4642","No","Female",-0.368,17.864,0.11544262295082,"Public",-0.48344262295082,1,0
"4868","No","Female",0.942,18.308,0.361117647058824,"Catholic",0.580882352941176,1,0
"4868","No","Female",0.622,6.968,0.361117647058824,"Catholic",0.260882352941176,1,0
"4868","No","Female",0.902,19.078,0.361117647058824,"Catholic",0.540882352941176,1,0
"4868","Yes","Male",-1.048,10.261,0.361117647058824,"Catholic",-1.40911764705882,1,1
"4868","Yes","Male",-0.718,13.335,0.361117647058824,"Catholic",-1.07911764705882,1,1
"4868","Yes","Male",0.952,8.91,0.361117647058824,"Catholic",0.590882352941176,1,1
"4868","Yes","Male",1.342,10.724,0.361117647058824,"Catholic",0.980882352941177,1,1
"4868","No","Male",0.242,12.68,0.361117647058824,"Catholic",-0.119117647058824,1,1
"4868","No","Male",0.582,17.77,0.361117647058824,"Catholic",0.220882352941176,1,1
"4868","Yes","Female",0.852,16.411,0.361117647058824,"Catholic",0.490882352941176,1,0
"4868","Yes","Male",0.522,12.298,0.361117647058824,"Catholic",0.160882352941176,1,1
"4868","No","Male",0.462,13.816,0.361117647058824,"Catholic",0.100882352941176,1,1
"4868","No","Female",1.512,15.524,0.361117647058824,"Catholic",1.15088235294118,1,0
"4868","No","Male",1.112,15.352,0.361117647058824,"Catholic",0.750882352941177,1,1
"4868","Yes","Male",-0.928,16.163,0.361117647058824,"Catholic",-1.28911764705882,1,1
"4868","No","Female",0.862,16.413,0.361117647058824,"Catholic",0.500882352941176,1,0
"4868","No","Female",0.342,8.425,0.361117647058824,"Catholic",-0.0191176470588235,1,0
"4868","Yes","Male",-1.058,8.874,0.361117647058824,"Catholic",-1.41911764705882,1,1
"4868","No","Male",0.852,20.69,0.361117647058824,"Catholic",0.490882352941176,1,1
"4868","No","Male",0.772,18.53,0.361117647058824,"Catholic",0.410882352941176,1,1
"4868","Yes","Female",-0.248,7.358,0.361117647058824,"Catholic",-0.609117647058824,1,0
"4868","No","Male",1.342,12.694,0.361117647058824,"Catholic",0.980882352941177,1,1
"4868","Yes","Male",-0.228,18.399,0.361117647058824,"Catholic",-0.589117647058824,1,1
"4868","Yes","Male",0.562,13.879,0.361117647058824,"Catholic",0.200882352941177,1,1
"4868","No","Male",0.172,18.479,0.361117647058824,"Catholic",-0.189117647058824,1,1
"4868","No","Male",0.802,4.102,0.361117647058824,"Catholic",0.440882352941177,1,1
"4868","Yes","Male",-0.058,9.101,0.361117647058824,"Catholic",-0.419117647058824,1,1
"4868","Yes","Male",-0.338,10.405,0.361117647058824,"Catholic",-0.699117647058824,1,1
"4868","No","Female",0.352,14.209,0.361117647058824,"Catholic",-0.00911764705882356,1,0
"4868","No","Male",1.322,-1.607,0.361117647058824,"Catholic",0.960882352941177,1,1
"4868","Yes","Male",-0.158,9.368,0.361117647058824,"Catholic",-0.519117647058824,1,1
"4868","No","Female",-0.198,0.098,0.361117647058824,"Catholic",-0.559117647058823,1,0
"4868","Yes","Female",-0.528,5.071,0.361117647058824,"Catholic",-0.889117647058824,1,0
"4868","No","Male",0.362,16.46,0.361117647058824,"Catholic",0.000882352941176445,1,1
"4931","No","Female",0.992,11.731,0.364758620689655,"Catholic",0.627241379310345,1,0
"4931","No","Female",0.902,19.996,0.364758620689655,"Catholic",0.537241379310345,1,0
"4931","No","Male",0.572,13.938,0.364758620689655,"Catholic",0.207241379310345,1,1
"4931","No","Female",-0.678,12.188,0.364758620689655,"Catholic",-1.04275862068966,1,0
"4931","No","Female",0.142,7.914,0.364758620689655,"Catholic",-0.222758620689655,1,0
"4931","Yes","Female",1.262,17.168,0.364758620689655,"Catholic",0.897241379310345,1,0
"4931","No","Male",0.952,23.528,0.364758620689655,"Catholic",0.587241379310345,1,1
"4931","No","Female",-0.038,23.878,0.364758620689655,"Catholic",-0.402758620689655,1,0
"4931","No","Female",0.652,20.876,0.364758620689655,"Catholic",0.287241379310345,1,0
"4931","No","Male",0.632,5.982,0.364758620689655,"Catholic",0.267241379310345,1,1
"4931","No","Male",0.412,9.801,0.364758620689655,"Catholic",0.0472413793103448,1,1
"4931","No","Male",-1.058,23.023,0.364758620689655,"Catholic",-1.42275862068966,1,1
"4931","No","Female",1.512,8.075,0.364758620689655,"Catholic",1.14724137931034,1,0
"4931","No","Female",0.602,13.499,0.364758620689655,"Catholic",0.237241379310345,1,0
"4931","No","Female",0.162,9.112,0.364758620689655,"Catholic",-0.202758620689655,1,0
"4931","No","Female",0.142,18.617,0.364758620689655,"Catholic",-0.222758620689655,1,0
"4931","No","Female",0.442,11.966,0.364758620689655,"Catholic",0.0772413793103449,1,0
"4931","No","Female",0.922,5.592,0.364758620689655,"Catholic",0.557241379310345,1,0
"4931","No","Male",-0.118,21.358,0.364758620689655,"Catholic",-0.482758620689655,1,1
"4931","No","Male",1.142,9.792,0.364758620689655,"Catholic",0.777241379310345,1,1
"4931","No","Female",0.142,10.018,0.364758620689655,"Catholic",-0.222758620689655,1,0
"4931","No","Female",-0.018,12.89,0.364758620689655,"Catholic",-0.382758620689655,1,0
"4931","No","Male",-0.298,21.037,0.364758620689655,"Catholic",-0.662758620689655,1,1
"4931","No","Male",0.392,16.75,0.364758620689655,"Catholic",0.0272413793103449,1,1
"4931","No","Female",0.162,12.406,0.364758620689655,"Catholic",-0.202758620689655,1,0
"4931","No","Female",0.282,22.432,0.364758620689655,"Catholic",-0.0827586206896552,1,0
"4931","Yes","Female",-0.148,14.492,0.364758620689655,"Catholic",-0.512758620689655,1,0
"4931","No","Female",0.732,10.421,0.364758620689655,"Catholic",0.367241379310345,1,0
"4931","No","Female",0.792,15.168,0.364758620689655,"Catholic",0.427241379310345,1,0
"4931","No","Female",-0.278,4.447,0.364758620689655,"Catholic",-0.642758620689655,1,0
"4931","No","Male",0.102,10.62,0.364758620689655,"Catholic",-0.262758620689655,1,1
"4931","No","Female",-0.748,11.435,0.364758620689655,"Catholic",-1.11275862068966,1,0
"4931","No","Female",0.922,18.775,0.364758620689655,"Catholic",0.557241379310345,1,0
"4931","No","Male",0.022,12.858,0.364758620689655,"Catholic",-0.342758620689655,1,1
"4931","No","Male",-1.788,3.033,0.364758620689655,"Catholic",-2.15275862068966,1,1
"4931","No","Male",0.762,21.534,0.364758620689655,"Catholic",0.397241379310345,1,1
"4931","No","Female",1.452,22.846,0.364758620689655,"Catholic",1.08724137931034,1,0
"4931","No","Female",1.362,12.577,0.364758620689655,"Catholic",0.997241379310345,1,0
"4931","No","Female",0.822,13.272,0.364758620689655,"Catholic",0.457241379310345,1,0
"4931","No","Male",0.162,12.773,0.364758620689655,"Catholic",-0.202758620689655,1,1
"4931","No","Male",0.742,15.267,0.364758620689655,"Catholic",0.377241379310345,1,1
"4931","No","Female",-0.398,19.21,0.364758620689655,"Catholic",-0.762758620689655,1,0
"4931","No","Male",0.052,15.758,0.364758620689655,"Catholic",-0.312758620689655,1,1
"4931","No","Female",-0.678,8.39,0.364758620689655,"Catholic",-1.04275862068966,1,0
"4931","No","Female",0.132,8.463,0.364758620689655,"Catholic",-0.232758620689655,1,0
"4931","No","Female",1.212,11.085,0.364758620689655,"Catholic",0.847241379310345,1,0
"4931","No","Male",0.932,12.201,0.364758620689655,"Catholic",0.567241379310345,1,1
"4931","No","Male",1.192,17.529,0.364758620689655,"Catholic",0.827241379310345,1,1
"4931","No","Female",-0.618,9.183,0.364758620689655,"Catholic",-0.982758620689655,1,0
"4931","No","Male",0.712,15.265,0.364758620689655,"Catholic",0.347241379310345,1,1
"4931","No","Female",0.972,9.276,0.364758620689655,"Catholic",0.607241379310345,1,0
"4931","No","Female",1.082,20.194,0.364758620689655,"Catholic",0.717241379310345,1,0
"4931","No","Female",0.622,7.125,0.364758620689655,"Catholic",0.257241379310345,1,0
"4931","No","Female",-0.018,7.555,0.364758620689655,"Catholic",-0.382758620689655,1,0
"4931","No","Male",-0.208,17.332,0.364758620689655,"Catholic",-0.572758620689655,1,1
"4931","Yes","Male",1.192,7.85,0.364758620689655,"Catholic",0.827241379310345,1,1
"4931","No","Female",0.512,16.616,0.364758620689655,"Catholic",0.147241379310345,1,0
"4931","No","Female",-0.658,13.75,0.364758620689655,"Catholic",-1.02275862068966,1,0
"5192","No","Male",-0.018,2.35,-0.0637142857142857,"Catholic",0.0457142857142857,1,1
"5192","No","Female",1.072,2.839,-0.0637142857142857,"Catholic",1.13571428571429,1,0
"5192","No","Male",-0.358,4.057,-0.0637142857142857,"Catholic",-0.294285714285714,1,1
"5192","No","Male",-1.098,3.418,-0.0637142857142857,"Catholic",-1.03428571428571,1,1
"5192","No","Female",0.392,17.088,-0.0637142857142857,"Catholic",0.455714285714286,1,0
"5192","No","Male",-0.598,15.389,-0.0637142857142857,"Catholic",-0.534285714285714,1,1
"5192","Yes","Female",-0.828,10.63,-0.0637142857142857,"Catholic",-0.764285714285714,1,0
"5192","No","Male",0.262,6.166,-0.0637142857142857,"Catholic",0.325714285714286,1,1
"5192","Yes","Male",1.192,5.043,-0.0637142857142857,"Catholic",1.25571428571429,1,1
"5192","No","Female",1.342,17.913,-0.0637142857142857,"Catholic",1.40571428571429,1,0
"5192","No","Female",-1.278,15.054,-0.0637142857142857,"Catholic",-1.21428571428571,1,0
"5192","No","Female",-0.918,17.072,-0.0637142857142857,"Catholic",-0.854285714285714,1,0
"5192","No","Female",-0.648,19.141,-0.0637142857142857,"Catholic",-0.584285714285714,1,0
"5192","Yes","Male",-0.538,-0.576,-0.0637142857142857,"Catholic",-0.474285714285714,1,1
"5192","Yes","Male",-0.368,4.88,-0.0637142857142857,"Catholic",-0.304285714285714,1,1
"5192","No","Female",-1.218,5.137,-0.0637142857142857,"Catholic",-1.15428571428571,1,0
"5192","Yes","Female",-0.888,4.311,-0.0637142857142857,"Catholic",-0.824285714285714,1,0
"5192","No","Female",0.252,13.482,-0.0637142857142857,"Catholic",0.315714285714286,1,0
"5192","Yes","Male",-0.528,0.313,-0.0637142857142857,"Catholic",-0.464285714285714,1,1
"5192","No","Male",-0.568,17.158,-0.0637142857142857,"Catholic",-0.504285714285714,1,1
"5192","No","Male",0.032,15.37,-0.0637142857142857,"Catholic",0.0957142857142857,1,1
"5192","No","Female",0.352,10.721,-0.0637142857142857,"Catholic",0.415714285714286,1,0
"5192","Yes","Female",1.262,22.451,-0.0637142857142857,"Catholic",1.32571428571429,1,0
"5192","No","Female",0.372,19.575,-0.0637142857142857,"Catholic",0.435714285714286,1,0
"5192","No","Male",0.752,21.91,-0.0637142857142857,"Catholic",0.815714285714286,1,1
"5192","No","Female",-0.468,10.97,-0.0637142857142857,"Catholic",-0.404285714285714,1,0
"5192","No","Male",1.202,3.943,-0.0637142857142857,"Catholic",1.26571428571429,1,1
"5192","No","Female",0.052,5.661,-0.0637142857142857,"Catholic",0.115714285714286,1,0
"5404","No","Female",0.612,24.993,0.824982456140351,"Catholic",-0.212982456140351,1,0
"5404","No","Female",1.182,5.868,0.824982456140351,"Catholic",0.357017543859649,1,0
"5404","No","Female",1.072,15.281,0.824982456140351,"Catholic",0.247017543859649,1,0
"5404","No","Female",1.152,13.555,0.824982456140351,"Catholic",0.327017543859649,1,0
"5404","No","Female",0.842,15.762,0.824982456140351,"Catholic",0.017017543859649,1,0
"5404","No","Female",0.862,20.144,0.824982456140351,"Catholic",0.0370175438596491,1,0
"5404","No","Female",0.622,16.423,0.824982456140351,"Catholic",-0.202982456140351,1,0
"5404","No","Female",0.442,4.072,0.824982456140351,"Catholic",-0.382982456140351,1,0
"5404","No","Female",1.422,16.985,0.824982456140351,"Catholic",0.597017543859649,1,0
"5404","No","Female",1.452,7.204,0.824982456140351,"Catholic",0.627017543859649,1,0
"5404","No","Female",0.992,20.379,0.824982456140351,"Catholic",0.167017543859649,1,0
"5404","No","Female",0.652,24.095,0.824982456140351,"Catholic",-0.172982456140351,1,0
"5404","No","Female",0.542,11.046,0.824982456140351,"Catholic",-0.282982456140351,1,0
"5404","No","Female",0.932,21.524,0.824982456140351,"Catholic",0.107017543859649,1,0
"5404","No","Female",1.122,17.537,0.824982456140351,"Catholic",0.297017543859649,1,0
"5404","No","Female",-0.318,11.833,0.824982456140351,"Catholic",-1.14298245614035,1,0
"5404","No","Female",0.242,19.467,0.824982456140351,"Catholic",-0.582982456140351,1,0
"5404","No","Female",0.802,3.552,0.824982456140351,"Catholic",-0.0229824561403509,1,0
"5404","No","Female",0.732,19.425,0.824982456140351,"Catholic",-0.092982456140351,1,0
"5404","No","Female",1.012,17.994,0.824982456140351,"Catholic",0.187017543859649,1,0
"5404","Yes","Female",0.592,19.859,0.824982456140351,"Catholic",-0.232982456140351,1,0
"5404","No","Female",1.342,15.497,0.824982456140351,"Catholic",0.517017543859649,1,0
"5404","No","Female",0.932,24.138,0.824982456140351,"Catholic",0.107017543859649,1,0
"5404","No","Female",0.392,14.573,0.824982456140351,"Catholic",-0.432982456140351,1,0
"5404","No","Female",-0.358,4.096,0.824982456140351,"Catholic",-1.18298245614035,1,0
"5404","No","Female",0.532,8.47,0.824982456140351,"Catholic",-0.292982456140351,1,0
"5404","Yes","Female",-0.898,20.776,0.824982456140351,"Catholic",-1.72298245614035,1,0
"5404","No","Female",0.832,9.106,0.824982456140351,"Catholic",0.00701754385964903,1,0
"5404","No","Female",1.172,10.713,0.824982456140351,"Catholic",0.347017543859649,1,0
"5404","No","Female",-0.468,10.817,0.824982456140351,"Catholic",-1.29298245614035,1,0
"5404","No","Female",1.172,20.794,0.824982456140351,"Catholic",0.347017543859649,1,0
"5404","No","Female",1.072,7.128,0.824982456140351,"Catholic",0.247017543859649,1,0
"5404","No","Female",1.172,22.896,0.824982456140351,"Catholic",0.347017543859649,1,0
"5404","No","Female",0.422,16.895,0.824982456140351,"Catholic",-0.402982456140351,1,0
"5404","No","Female",0.482,8.215,0.824982456140351,"Catholic",-0.342982456140351,1,0
"5404","No","Female",0.982,4.837,0.824982456140351,"Catholic",0.157017543859649,1,0
"5404","No","Female",1.182,16.713,0.824982456140351,"Catholic",0.357017543859649,1,0
"5404","No","Female",-0.098,14.106,0.824982456140351,"Catholic",-0.922982456140351,1,0
"5404","No","Female",1.242,13.711,0.824982456140351,"Catholic",0.417017543859649,1,0
"5404","No","Female",0.952,17.312,0.824982456140351,"Catholic",0.127017543859649,1,0
"5404","No","Female",1.262,12.411,0.824982456140351,"Catholic",0.437017543859649,1,0
"5404","No","Female",1.072,14.927,0.824982456140351,"Catholic",0.247017543859649,1,0
"5404","No","Female",0.902,18.802,0.824982456140351,"Catholic",0.0770175438596491,1,0
"5404","No","Female",1.512,22.08,0.824982456140351,"Catholic",0.687017543859649,1,0
"5404","Yes","Female",0.762,9.395,0.824982456140351,"Catholic",-0.0629824561403509,1,0
"5404","No","Female",1.072,24.479,0.824982456140351,"Catholic",0.247017543859649,1,0
"5404","No","Female",0.702,9.987,0.824982456140351,"Catholic",-0.122982456140351,1,0
"5404","No","Female",0.902,16.574,0.824982456140351,"Catholic",0.0770175438596491,1,0
"5404","No","Female",0.452,23.81,0.824982456140351,"Catholic",-0.372982456140351,1,0
"5404","No","Female",1.122,17.163,0.824982456140351,"Catholic",0.297017543859649,1,0
"5404","No","Female",1.302,21.819,0.824982456140351,"Catholic",0.477017543859649,1,0
"5404","No","Female",1.182,20.686,0.824982456140351,"Catholic",0.357017543859649,1,0
"5404","No","Female",1.512,19.015,0.824982456140351,"Catholic",0.687017543859649,1,0
"5404","No","Female",1.262,13.664,0.824982456140351,"Catholic",0.437017543859649,1,0
"5404","No","Female",0.932,23.137,0.824982456140351,"Catholic",0.107017543859649,1,0
"5404","No","Female",1.422,4.682,0.824982456140351,"Catholic",0.597017543859649,1,0
"5404","No","Female",0.632,18.232,0.824982456140351,"Catholic",-0.192982456140351,1,0
"5619","No","Female",1.362,22.521,0.420333333333333,"Catholic",0.941666666666667,1,0
"5619","No","Male",0.502,24.133,0.420333333333333,"Catholic",0.0816666666666667,1,1
"5619","No","Female",-0.858,6.756,0.420333333333333,"Catholic",-1.27833333333333,1,0
"5619","No","Male",-0.098,16.338,0.420333333333333,"Catholic",-0.518333333333333,1,1
"5619","No","Female",0.162,4.408,0.420333333333333,"Catholic",-0.258333333333333,1,0
"5619","No","Male",0.542,6.388,0.420333333333333,"Catholic",0.121666666666667,1,1
"5619","No","Male",1.012,23.566,0.420333333333333,"Catholic",0.591666666666667,1,1
"5619","No","Male",0.772,18.315,0.420333333333333,"Catholic",0.351666666666667,1,1
"5619","No","Female",-0.728,16.721,0.420333333333333,"Catholic",-1.14833333333333,1,0
"5619","No","Male",0.842,24.993,0.420333333333333,"Catholic",0.421666666666667,1,1
"5619","No","Male",0.782,19.032,0.420333333333333,"Catholic",0.361666666666667,1,1
"5619","No","Male",0.582,21.031,0.420333333333333,"Catholic",0.161666666666667,1,1
"5619","No","Male",1.422,18.6,0.420333333333333,"Catholic",1.00166666666667,1,1
"5619","No","Male",1.512,21.666,0.420333333333333,"Catholic",1.09166666666667,1,1
"5619","No","Female",-0.288,0.452,0.420333333333333,"Catholic",-0.708333333333333,1,0
"5619","No","Male",-1.258,-0.368,0.420333333333333,"Catholic",-1.67833333333333,1,1
"5619","No","Male",0.182,17.817,0.420333333333333,"Catholic",-0.238333333333333,1,1
"5619","No","Female",0.842,11.827,0.420333333333333,"Catholic",0.421666666666667,1,0
"5619","No","Male",1.182,14.457,0.420333333333333,"Catholic",0.761666666666667,1,1
"5619","No","Male",-0.338,18.272,0.420333333333333,"Catholic",-0.758333333333333,1,1
"5619","No","Female",0.362,12.905,0.420333333333333,"Catholic",-0.0583333333333333,1,0
"5619","No","Female",0.412,15.936,0.420333333333333,"Catholic",-0.00833333333333336,1,0
"5619","No","Male",1.122,23.746,0.420333333333333,"Catholic",0.701666666666667,1,1
"5619","No","Male",0.922,19.757,0.420333333333333,"Catholic",0.501666666666667,1,1
"5619","No","Male",1.292,18.915,0.420333333333333,"Catholic",0.871666666666667,1,1
"5619","No","Female",-0.118,23.124,0.420333333333333,"Catholic",-0.538333333333333,1,0
"5619","No","Male",0.772,17.193,0.420333333333333,"Catholic",0.351666666666667,1,1
"5619","No","Female",-0.098,24.133,0.420333333333333,"Catholic",-0.518333333333333,1,0
"5619","No","Male",0.562,16.703,0.420333333333333,"Catholic",0.141666666666667,1,1
"5619","No","Female",0.972,20.17,0.420333333333333,"Catholic",0.551666666666667,1,0
"5619","No","Male",0.912,15.977,0.420333333333333,"Catholic",0.491666666666667,1,1
"5619","No","Male",0.632,23.043,0.420333333333333,"Catholic",0.211666666666667,1,1
"5619","No","Male",1.062,22.051,0.420333333333333,"Catholic",0.641666666666667,1,1
"5619","No","Female",-0.478,10.506,0.420333333333333,"Catholic",-0.898333333333333,1,0
"5619","No","Female",0.412,21.451,0.420333333333333,"Catholic",-0.00833333333333336,1,0
"5619","No","Male",-0.728,1.135,0.420333333333333,"Catholic",-1.14833333333333,1,1
"5619","No","Male",0.522,18.737,0.420333333333333,"Catholic",0.101666666666667,1,1
"5619","No","Female",0.042,16.443,0.420333333333333,"Catholic",-0.378333333333333,1,0
"5619","No","Male",0.202,7.751,0.420333333333333,"Catholic",-0.218333333333333,1,1
"5619","No","Male",0.932,14.44,0.420333333333333,"Catholic",0.511666666666667,1,1
"5619","No","Female",0.472,1.701,0.420333333333333,"Catholic",0.0516666666666666,1,0
"5619","No","Female",0.542,9.264,0.420333333333333,"Catholic",0.121666666666667,1,0
"5619","No","Male",0.102,18.749,0.420333333333333,"Catholic",-0.318333333333333,1,1
"5619","No","Female",0.312,19.491,0.420333333333333,"Catholic",-0.108333333333333,1,0
"5619","No","Female",0.112,17.474,0.420333333333333,"Catholic",-0.308333333333333,1,0
"5619","No","Male",0.252,3.352,0.420333333333333,"Catholic",-0.168333333333333,1,1
"5619","No","Female",0.792,18.116,0.420333333333333,"Catholic",0.371666666666667,1,0
"5619","No","Male",0.562,22.08,0.420333333333333,"Catholic",0.141666666666667,1,1
"5619","No","Female",0.612,3.254,0.420333333333333,"Catholic",0.191666666666667,1,0
"5619","No","Female",0.642,8.529,0.420333333333333,"Catholic",0.221666666666667,1,0
"5619","No","Female",0.062,24.247,0.420333333333333,"Catholic",-0.358333333333333,1,0
"5619","No","Female",1.282,14.76,0.420333333333333,"Catholic",0.861666666666667,1,0
"5619","No","Male",0.562,24.479,0.420333333333333,"Catholic",0.141666666666667,1,1
"5619","No","Male",-1.048,2.866,0.420333333333333,"Catholic",-1.46833333333333,1,1
"5619","No","Male",0.842,16.236,0.420333333333333,"Catholic",0.421666666666667,1,1
"5619","No","Female",0.932,22.517,0.420333333333333,"Catholic",0.511666666666667,1,0
"5619","No","Male",-0.188,11.755,0.420333333333333,"Catholic",-0.608333333333333,1,1
"5619","No","Female",0.032,24.479,0.420333333333333,"Catholic",-0.388333333333333,1,0
"5619","No","Female",0.372,9.939,0.420333333333333,"Catholic",-0.0483333333333333,1,0
"5619","No","Male",0.932,23.062,0.420333333333333,"Catholic",0.511666666666667,1,1
"5619","No","Male",0.752,9.572,0.420333333333333,"Catholic",0.331666666666667,1,1
"5619","No","Female",0.082,8.647,0.420333333333333,"Catholic",-0.338333333333333,1,0
"5619","No","Male",0.392,17.795,0.420333333333333,"Catholic",-0.0283333333333333,1,1
"5619","No","Female",0.542,-0.988,0.420333333333333,"Catholic",0.121666666666667,1,0
"5619","No","Female",0.172,16.649,0.420333333333333,"Catholic",-0.248333333333333,1,0
"5619","No","Female",-0.218,18.406,0.420333333333333,"Catholic",-0.638333333333333,1,0
"5640","No","Male",0.512,11.876,-0.17659649122807,"Public",0.68859649122807,1,1
"5640","No","Female",-1.068,14.283,-0.17659649122807,"Public",-0.89140350877193,1,0
"5640","No","Female",-0.458,3.714,-0.17659649122807,"Public",-0.28140350877193,1,0
"5640","No","Male",0.632,23.048,-0.17659649122807,"Public",0.80859649122807,1,1
"5640","No","Female",-0.038,18.066,-0.17659649122807,"Public",0.13859649122807,1,0
"5640","No","Female",-0.768,1.427,-0.17659649122807,"Public",-0.59140350877193,1,0
"5640","No","Female",-0.518,7.582,-0.17659649122807,"Public",-0.34140350877193,1,0
"5640","No","Male",0.262,24.107,-0.17659649122807,"Public",0.43859649122807,1,1
"5640","No","Female",-0.798,23.424,-0.17659649122807,"Public",-0.62140350877193,1,0
"5640","No","Female",-0.078,7.261,-0.17659649122807,"Public",0.0985964912280702,1,0
"5640","No","Male",0.252,0.443,-0.17659649122807,"Public",0.42859649122807,1,1
"5640","No","Female",-0.138,12.338,-0.17659649122807,"Public",0.0385964912280702,1,0
"5640","No","Male",-0.058,6.035,-0.17659649122807,"Public",0.11859649122807,1,1
"5640","No","Female",0.532,10.579,-0.17659649122807,"Public",0.70859649122807,1,0
"5640","No","Male",0.332,18.225,-0.17659649122807,"Public",0.50859649122807,1,1
"5640","No","Female",-0.978,10.193,-0.17659649122807,"Public",-0.80140350877193,1,0
"5640","No","Female",0.832,19.16,-0.17659649122807,"Public",1.00859649122807,1,0
"5640","No","Male",-0.548,9.223,-0.17659649122807,"Public",-0.37140350877193,1,1
"5640","No","Female",-0.648,20.145,-0.17659649122807,"Public",-0.47140350877193,1,0
"5640","No","Male",-1.198,7.131,-0.17659649122807,"Public",-1.02140350877193,1,1
"5640","No","Male",-1.168,3.927,-0.17659649122807,"Public",-0.99140350877193,1,1
"5640","No","Male",-0.648,16.722,-0.17659649122807,"Public",-0.47140350877193,1,1
"5640","No","Male",0.972,20.907,-0.17659649122807,"Public",1.14859649122807,1,1
"5640","No","Female",0.072,22.406,-0.17659649122807,"Public",0.24859649122807,1,0
"5640","No","Male",-0.468,24.545,-0.17659649122807,"Public",-0.29140350877193,1,1
"5640","No","Male",-0.658,21.579,-0.17659649122807,"Public",-0.48140350877193,1,1
"5640","No","Female",-0.118,16.509,-0.17659649122807,"Public",0.0585964912280702,1,0
"5640","No","Male",-0.368,11.534,-0.17659649122807,"Public",-0.19140350877193,1,1
"5640","No","Male",0.752,16.197,-0.17659649122807,"Public",0.92859649122807,1,1
"5640","No","Male",-0.508,22.107,-0.17659649122807,"Public",-0.33140350877193,1,1
"5640","No","Male",0.012,23.768,-0.17659649122807,"Public",0.18859649122807,1,1
"5640","No","Female",-0.818,4.037,-0.17659649122807,"Public",-0.64140350877193,1,0
"5640","No","Female",-0.808,9.231,-0.17659649122807,"Public",-0.63140350877193,1,0
"5640","No","Male",-0.748,8.276,-0.17659649122807,"Public",-0.57140350877193,1,1
"5640","No","Female",0.012,17.085,-0.17659649122807,"Public",0.18859649122807,1,0
"5640","No","Male",-0.448,13,-0.17659649122807,"Public",-0.27140350877193,1,1
"5640","No","Female",0.592,22.373,-0.17659649122807,"Public",0.76859649122807,1,0
"5640","No","Male",1.092,11.281,-0.17659649122807,"Public",1.26859649122807,1,1
"5640","No","Male",-0.848,11.11,-0.17659649122807,"Public",-0.67140350877193,1,1
"5640","No","Female",-0.938,2.215,-0.17659649122807,"Public",-0.76140350877193,1,0
"5640","No","Male",-0.068,19.515,-0.17659649122807,"Public",0.10859649122807,1,1
"5640","No","Male",-0.308,16.212,-0.17659649122807,"Public",-0.13140350877193,1,1
"5640","No","Male",-0.078,13.876,-0.17659649122807,"Public",0.0985964912280702,1,1
"5640","No","Female",0.202,0.614,-0.17659649122807,"Public",0.37859649122807,1,0
"5640","No","Male",-0.348,11.116,-0.17659649122807,"Public",-0.17140350877193,1,1
"5640","No","Male",0.892,23.525,-0.17659649122807,"Public",1.06859649122807,1,1
"5640","No","Male",-1.138,8.389,-0.17659649122807,"Public",-0.96140350877193,1,1
"5640","No","Male",0.252,9.056,-0.17659649122807,"Public",0.42859649122807,1,1
"5640","No","Male",-0.268,14.699,-0.17659649122807,"Public",-0.0914035087719298,1,1
"5640","No","Male",0.572,15.758,-0.17659649122807,"Public",0.74859649122807,1,1
"5640","No","Male",0.182,0.718,-0.17659649122807,"Public",0.35859649122807,1,1
"5640","No","Female",-0.078,15.058,-0.17659649122807,"Public",0.0985964912280702,1,0
"5640","No","Female",0.022,4.067,-0.17659649122807,"Public",0.19859649122807,1,0
"5640","No","Female",0.132,11.902,-0.17659649122807,"Public",0.30859649122807,1,0
"5640","No","Female",-0.588,5.915,-0.17659649122807,"Public",-0.41140350877193,1,0
"5640","No","Male",-0.358,9.314,-0.17659649122807,"Public",-0.18140350877193,1,1
"5640","No","Male",-0.108,23.323,-0.17659649122807,"Public",0.0685964912280702,1,1
"5650","Yes","Female",0.292,22.587,0.0224444444444445,"Catholic",0.269555555555556,1,0
"5650","Yes","Male",-0.948,7.633,0.0224444444444445,"Catholic",-0.970444444444444,1,1
"5650","Yes","Female",-0.758,8.49,0.0224444444444445,"Catholic",-0.780444444444444,1,0
"5650","Yes","Female",0.482,4.682,0.0224444444444445,"Catholic",0.459555555555556,1,0
"5650","No","Male",-0.238,14.866,0.0224444444444445,"Catholic",-0.260444444444444,1,1
"5650","Yes","Female",0.152,23.38,0.0224444444444445,"Catholic",0.129555555555556,1,0
"5650","No","Female",1.262,22.067,0.0224444444444445,"Catholic",1.23955555555556,1,0
"5650","Yes","Female",0.812,5.191,0.0224444444444445,"Catholic",0.789555555555556,1,0
"5650","Yes","Female",1.072,4.527,0.0224444444444445,"Catholic",1.04955555555556,1,0
"5650","Yes","Female",-0.618,3.422,0.0224444444444445,"Catholic",-0.640444444444444,1,0
"5650","Yes","Male",-0.048,8.034,0.0224444444444445,"Catholic",-0.0704444444444444,1,1
"5650","Yes","Male",-0.838,6.552,0.0224444444444445,"Catholic",-0.860444444444444,1,1
"5650","Yes","Female",0.092,12.125,0.0224444444444445,"Catholic",0.0695555555555556,1,0
"5650","Yes","Male",-0.508,4.275,0.0224444444444445,"Catholic",-0.530444444444444,1,1
"5650","Yes","Female",0.052,15.026,0.0224444444444445,"Catholic",0.0295555555555555,1,0
"5650","Yes","Female",0.292,22.924,0.0224444444444445,"Catholic",0.269555555555556,1,0
"5650","Yes","Female",1.252,13.331,0.0224444444444445,"Catholic",1.22955555555556,1,0
"5650","No","Female",-0.748,16.641,0.0224444444444445,"Catholic",-0.770444444444444,1,0
"5650","Yes","Female",-0.768,20.907,0.0224444444444445,"Catholic",-0.790444444444445,1,0
"5650","Yes","Female",-0.088,12.525,0.0224444444444445,"Catholic",-0.110444444444444,1,0
"5650","Yes","Female",-0.578,10.527,0.0224444444444445,"Catholic",-0.600444444444444,1,0
"5650","Yes","Female",0.872,17.991,0.0224444444444445,"Catholic",0.849555555555556,1,0
"5650","Yes","Male",-0.868,17.392,0.0224444444444445,"Catholic",-0.890444444444444,1,1
"5650","Yes","Female",-0.868,19.762,0.0224444444444445,"Catholic",-0.890444444444444,1,0
"5650","Yes","Female",-0.528,13.835,0.0224444444444445,"Catholic",-0.550444444444445,1,0
"5650","Yes","Female",-0.198,19.858,0.0224444444444445,"Catholic",-0.220444444444444,1,0
"5650","Yes","Female",-0.288,8.526,0.0224444444444445,"Catholic",-0.310444444444444,1,0
"5650","Yes","Male",-0.378,22.974,0.0224444444444445,"Catholic",-0.400444444444444,1,1
"5650","Yes","Female",0.152,16.722,0.0224444444444445,"Catholic",0.129555555555556,1,0
"5650","Yes","Male",-0.358,19.312,0.0224444444444445,"Catholic",-0.380444444444444,1,1
"5650","Yes","Female",0.302,9.117,0.0224444444444445,"Catholic",0.279555555555556,1,0
"5650","Yes","Female",-0.688,4.294,0.0224444444444445,"Catholic",-0.710444444444444,1,0
"5650","No","Female",1.262,8.507,0.0224444444444445,"Catholic",1.23955555555556,1,0
"5650","No","Female",0.922,12.438,0.0224444444444445,"Catholic",0.899555555555556,1,0
"5650","Yes","Female",1.512,13.508,0.0224444444444445,"Catholic",1.48955555555556,1,0
"5650","Yes","Female",-1.538,8.368,0.0224444444444445,"Catholic",-1.56044444444444,1,0
"5650","Yes","Female",0.482,10.519,0.0224444444444445,"Catholic",0.459555555555556,1,0
"5650","Yes","Female",-0.318,10.958,0.0224444444444445,"Catholic",-0.340444444444444,1,0
"5650","Yes","Female",1.302,18.266,0.0224444444444445,"Catholic",1.27955555555556,1,0
"5650","Yes","Female",1.422,17.392,0.0224444444444445,"Catholic",1.39955555555556,1,0
"5650","Yes","Male",-0.038,23.28,0.0224444444444445,"Catholic",-0.0604444444444445,1,1
"5650","Yes","Male",-0.468,22.229,0.0224444444444445,"Catholic",-0.490444444444444,1,1
"5650","Yes","Male",-1.208,20.789,0.0224444444444445,"Catholic",-1.23044444444444,1,1
"5650","Yes","Male",0.682,23.28,0.0224444444444445,"Catholic",0.659555555555556,1,1
"5650","Yes","Male",0.222,23.28,0.0224444444444445,"Catholic",0.199555555555556,1,1
"5667","No","Female",-0.188,10.697,0.419049180327869,"Catholic",-0.607049180327869,1,0
"5667","No","Male",0.062,14.909,0.419049180327869,"Catholic",-0.357049180327869,1,1
"5667","No","Male",1.062,23.249,0.419049180327869,"Catholic",0.642950819672131,1,1
"5667","No","Male",0.272,15.319,0.419049180327869,"Catholic",-0.147049180327869,1,1
"5667","Yes","Male",-1.328,0.258,0.419049180327869,"Catholic",-1.74704918032787,1,1
"5667","No","Male",1.512,5.902,0.419049180327869,"Catholic",1.09295081967213,1,1
"5667","No","Male",1.002,23.785,0.419049180327869,"Catholic",0.582950819672131,1,1
"5667","No","Female",-0.498,10.478,0.419049180327869,"Catholic",-0.917049180327869,1,0
"5667","No","Male",-0.368,16.752,0.419049180327869,"Catholic",-0.787049180327869,1,1
"5667","No","Female",1.122,18.184,0.419049180327869,"Catholic",0.702950819672131,1,0
"5667","No","Female",-0.098,6.094,0.419049180327869,"Catholic",-0.517049180327869,1,0
"5667","Yes","Male",1.092,16.269,0.419049180327869,"Catholic",0.672950819672131,1,1
"5667","No","Male",0.652,10.989,0.419049180327869,"Catholic",0.232950819672131,1,1
"5667","No","Male",0.632,21.097,0.419049180327869,"Catholic",0.212950819672131,1,1
"5667","No","Male",-0.778,23.033,0.419049180327869,"Catholic",-1.19704918032787,1,1
"5667","No","Male",0.202,22.544,0.419049180327869,"Catholic",-0.217049180327869,1,1
"5667","No","Male",0.862,12.413,0.419049180327869,"Catholic",0.442950819672131,1,1
"5667","Yes","Female",0.792,8.169,0.419049180327869,"Catholic",0.372950819672131,1,0
"5667","No","Female",0.702,10.373,0.419049180327869,"Catholic",0.282950819672131,1,0
"5667","No","Male",0.792,23.882,0.419049180327869,"Catholic",0.372950819672131,1,1
"5667","No","Male",0.332,15.745,0.419049180327869,"Catholic",-0.0870491803278688,1,1
"5667","No","Male",0.232,17.765,0.419049180327869,"Catholic",-0.187049180327869,1,1
"5667","No","Female",1.072,15.826,0.419049180327869,"Catholic",0.652950819672131,1,0
"5667","No","Male",0.092,-2.832,0.419049180327869,"Catholic",-0.327049180327869,1,1
"5667","No","Female",0.532,4.618,0.419049180327869,"Catholic",0.112950819672131,1,0
"5667","No","Male",0.652,22.889,0.419049180327869,"Catholic",0.232950819672131,1,1
"5667","No","Female",-0.888,6.967,0.419049180327869,"Catholic",-1.30704918032787,1,0
"5667","No","Female",1.422,17.9,0.419049180327869,"Catholic",1.00295081967213,1,0
"5667","No","Male",0.832,9.743,0.419049180327869,"Catholic",0.412950819672131,1,1
"5667","No","Male",0.482,11.893,0.419049180327869,"Catholic",0.0629508196721311,1,1
"5667","No","Male",-0.838,10.489,0.419049180327869,"Catholic",-1.25704918032787,1,1
"5667","No","Female",0.762,13.437,0.419049180327869,"Catholic",0.342950819672131,1,0
"5667","No","Male",0.662,8.954,0.419049180327869,"Catholic",0.242950819672131,1,1
"5667","No","Female",0.852,18.773,0.419049180327869,"Catholic",0.432950819672131,1,0
"5667","No","Male",0.462,17.974,0.419049180327869,"Catholic",0.0429508196721312,1,1
"5667","No","Male",0.582,18.454,0.419049180327869,"Catholic",0.162950819672131,1,1
"5667","No","Female",-0.158,21.319,0.419049180327869,"Catholic",-0.577049180327869,1,0
"5667","No","Male",1.122,12.882,0.419049180327869,"Catholic",0.702950819672131,1,1
"5667","No","Male",0.252,21.283,0.419049180327869,"Catholic",-0.167049180327869,1,1
"5667","No","Male",0.292,17.112,0.419049180327869,"Catholic",-0.127049180327869,1,1
"5667","No","Female",1.332,14.859,0.419049180327869,"Catholic",0.912950819672131,1,0
"5667","Yes","Female",-0.388,11.141,0.419049180327869,"Catholic",-0.807049180327869,1,0
"5667","No","Female",-0.648,0.977,0.419049180327869,"Catholic",-1.06704918032787,1,0
"5667","No","Female",0.432,13.138,0.419049180327869,"Catholic",0.0129508196721311,1,0
"5667","No","Female",0.182,7.965,0.419049180327869,"Catholic",-0.237049180327869,1,0
"5667","No","Male",0.582,24.067,0.419049180327869,"Catholic",0.162950819672131,1,1
"5667","No","Male",0.322,15.409,0.419049180327869,"Catholic",-0.0970491803278689,1,1
"5667","No","Male",0.502,9.903,0.419049180327869,"Catholic",0.0829508196721311,1,1
"5667","No","Female",0.892,12.336,0.419049180327869,"Catholic",0.472950819672131,1,0
"5667","No","Male",-0.158,21.533,0.419049180327869,"Catholic",-0.577049180327869,1,1
"5667","No","Female",0.842,11.286,0.419049180327869,"Catholic",0.422950819672131,1,0
"5667","No","Female",0.762,12.331,0.419049180327869,"Catholic",0.342950819672131,1,0
"5667","Yes","Male",-0.298,13.813,0.419049180327869,"Catholic",-0.717049180327869,1,1
"5667","Yes","Male",1.512,23.053,0.419049180327869,"Catholic",1.09295081967213,1,1
"5667","No","Male",0.032,5.812,0.419049180327869,"Catholic",-0.387049180327869,1,1
"5667","No","Male",0.832,17.271,0.419049180327869,"Catholic",0.412950819672131,1,1
"5667","Yes","Female",-0.468,0.767,0.419049180327869,"Catholic",-0.887049180327869,1,0
"5667","No","Male",0.712,4.68,0.419049180327869,"Catholic",0.292950819672131,1,1
"5667","Yes","Male",0.472,14.796,0.419049180327869,"Catholic",0.0529508196721311,1,1
"5667","No","Male",1.202,21.514,0.419049180327869,"Catholic",0.782950819672131,1,1
"5667","No","Male",0.662,8.234,0.419049180327869,"Catholic",0.242950819672131,1,1
"5720","No","Female",0.432,19.196,0.0325660377358491,"Catholic",0.399433962264151,1,0
"5720","No","Female",-0.838,13.754,0.0325660377358491,"Catholic",-0.870566037735849,1,0
"5720","No","Female",-0.068,12.43,0.0325660377358491,"Catholic",-0.100566037735849,1,0
"5720","No","Male",0.502,11.871,0.0325660377358491,"Catholic",0.469433962264151,1,1
"5720","No","Male",-1.228,13.289,0.0325660377358491,"Catholic",-1.26056603773585,1,1
"5720","No","Male",0.302,0.829,0.0325660377358491,"Catholic",0.269433962264151,1,1
"5720","No","Female",0.502,18.8,0.0325660377358491,"Catholic",0.469433962264151,1,0
"5720","No","Female",-0.298,13.086,0.0325660377358491,"Catholic",-0.330566037735849,1,0
"5720","No","Female",0.382,21.361,0.0325660377358491,"Catholic",0.349433962264151,1,0
"5720","No","Female",-0.238,8.259,0.0325660377358491,"Catholic",-0.270566037735849,1,0
"5720","No","Male",-0.528,17.248,0.0325660377358491,"Catholic",-0.560566037735849,1,1
"5720","No","Female",-0.658,9.757,0.0325660377358491,"Catholic",-0.690566037735849,1,0
"5720","No","Female",0.502,20.765,0.0325660377358491,"Catholic",0.469433962264151,1,0
"5720","No","Male",-0.078,15.896,0.0325660377358491,"Catholic",-0.110566037735849,1,1
"5720","No","Male",0.322,23.912,0.0325660377358491,"Catholic",0.289433962264151,1,1
"5720","No","Male",1.182,24.075,0.0325660377358491,"Catholic",1.14943396226415,1,1
"5720","No","Female",-0.498,12.851,0.0325660377358491,"Catholic",-0.530566037735849,1,0
"5720","No","Female",-0.898,14.649,0.0325660377358491,"Catholic",-0.930566037735849,1,0
"5720","No","Male",-0.948,14.477,0.0325660377358491,"Catholic",-0.980566037735849,1,1
"5720","No","Female",0.352,14.68,0.0325660377358491,"Catholic",0.319433962264151,1,0
"5720","No","Female",-0.818,14.966,0.0325660377358491,"Catholic",-0.850566037735849,1,0
"5720","No","Male",-0.318,3.265,0.0325660377358491,"Catholic",-0.350566037735849,1,1
"5720","No","Male",-0.508,12.149,0.0325660377358491,"Catholic",-0.540566037735849,1,1
"5720","No","Male",-0.718,17.187,0.0325660377358491,"Catholic",-0.750566037735849,1,1
"5720","No","Male",0.652,22.829,0.0325660377358491,"Catholic",0.619433962264151,1,1
"5720","No","Female",-0.678,8.342,0.0325660377358491,"Catholic",-0.710566037735849,1,0
"5720","No","Female",-0.038,12.428,0.0325660377358491,"Catholic",-0.0705660377358491,1,0
"5720","No","Female",0.772,10.315,0.0325660377358491,"Catholic",0.739433962264151,1,0
"5720","No","Male",-0.688,7.136,0.0325660377358491,"Catholic",-0.720566037735849,1,1
"5720","No","Female",0.592,20.504,0.0325660377358491,"Catholic",0.559433962264151,1,0
"5720","No","Female",-0.448,10.669,0.0325660377358491,"Catholic",-0.480566037735849,1,0
"5720","No","Female",0.092,9.064,0.0325660377358491,"Catholic",0.0594339622641509,1,0
"5720","No","Male",0.202,15.664,0.0325660377358491,"Catholic",0.169433962264151,1,1
"5720","No","Female",0.512,7.728,0.0325660377358491,"Catholic",0.479433962264151,1,0
"5720","No","Male",0.632,23.525,0.0325660377358491,"Catholic",0.599433962264151,1,1
"5720","No","Male",-0.978,18.493,0.0325660377358491,"Catholic",-1.01056603773585,1,1
"5720","No","Male",-0.628,-1.472,0.0325660377358491,"Catholic",-0.660566037735849,1,1
"5720","No","Male",0.442,18.714,0.0325660377358491,"Catholic",0.409433962264151,1,1
"5720","No","Female",0.792,9.484,0.0325660377358491,"Catholic",0.759433962264151,1,0
"5720","No","Female",0.132,13.265,0.0325660377358491,"Catholic",0.0994339622641509,1,0
"5720","No","Male",0.132,19.945,0.0325660377358491,"Catholic",0.0994339622641509,1,1
"5720","No","Male",1.082,12.012,0.0325660377358491,"Catholic",1.04943396226415,1,1
"5720","No","Male",-0.438,17.221,0.0325660377358491,"Catholic",-0.470566037735849,1,1
"5720","No","Female",-0.468,10.385,0.0325660377358491,"Catholic",-0.500566037735849,1,0
"5720","No","Female",0.012,10.822,0.0325660377358491,"Catholic",-0.0205660377358491,1,0
"5720","No","Male",-0.308,12.55,0.0325660377358491,"Catholic",-0.340566037735849,1,1
"5720","No","Male",0.262,15.371,0.0325660377358491,"Catholic",0.229433962264151,1,1
"5720","No","Male",0.922,22.465,0.0325660377358491,"Catholic",0.889433962264151,1,1
"5720","No","Male",0.572,8.652,0.0325660377358491,"Catholic",0.539433962264151,1,1
"5720","No","Male",-0.888,21.794,0.0325660377358491,"Catholic",-0.920566037735849,1,1
"5720","No","Male",1.132,18.241,0.0325660377358491,"Catholic",1.09943396226415,1,1
"5720","No","Male",1.122,13.712,0.0325660377358491,"Catholic",1.08943396226415,1,1
"5720","No","Male",1.392,18.352,0.0325660377358491,"Catholic",1.35943396226415,1,1
"5761","No","Female",-1.118,2.076,-0.323,"Catholic",-0.795,1,0
"5761","No","Female",0.392,5.797,-0.323,"Catholic",0.715,1,0
"5761","Yes","Female",-0.528,6.037,-0.323,"Catholic",-0.205,1,0
"5761","Yes","Female",1.402,9.889,-0.323,"Catholic",1.725,1,0
"5761","Yes","Female",0.182,11.618,-0.323,"Catholic",0.505,1,0
"5761","No","Female",-0.708,5.364,-0.323,"Catholic",-0.385,1,0
"5761","No","Female",-0.018,14.633,-0.323,"Catholic",0.305,1,0
"5761","No","Female",-1.238,4.153,-0.323,"Catholic",-0.915,1,0
"5761","Yes","Female",-0.938,6.712,-0.323,"Catholic",-0.615,1,0
"5761","Yes","Female",-0.718,17.514,-0.323,"Catholic",-0.395,1,0
"5761","Yes","Female",-0.348,21.233,-0.323,"Catholic",-0.025,1,0
"5761","No","Female",-1.368,9.544,-0.323,"Catholic",-1.045,1,0
"5761","No","Female",-1.758,-1.408,-0.323,"Catholic",-1.435,1,0
"5761","No","Female",-1.278,8.393,-0.323,"Catholic",-0.955,1,0
"5761","Yes","Female",1.252,21.39,-0.323,"Catholic",1.575,1,0
"5761","No","Female",0.472,17.157,-0.323,"Catholic",0.795,1,0
"5761","No","Female",-0.118,7.344,-0.323,"Catholic",0.205,1,0
"5761","No","Female",-0.078,2.407,-0.323,"Catholic",0.245,1,0
"5761","Yes","Female",-0.858,17.042,-0.323,"Catholic",-0.535,1,0
"5761","No","Female",-0.168,14.662,-0.323,"Catholic",0.155,1,0
"5761","No","Female",-0.428,15.794,-0.323,"Catholic",-0.105,1,0
"5761","Yes","Female",-0.198,16.481,-0.323,"Catholic",0.125,1,0
"5761","No","Female",-0.798,20.99,-0.323,"Catholic",-0.475,1,0
"5761","No","Female",0.022,8.794,-0.323,"Catholic",0.345,1,0
"5761","Yes","Female",0.872,8.331,-0.323,"Catholic",1.195,1,0
"5761","No","Female",0.682,24.479,-0.323,"Catholic",1.005,1,0
"5761","No","Female",0.802,13.33,-0.323,"Catholic",1.125,1,0
"5761","No","Female",-0.278,11.342,-0.323,"Catholic",0.045,1,0
"5761","Yes","Female",1.182,16.773,-0.323,"Catholic",1.505,1,0
"5761","No","Female",-0.328,21.633,-0.323,"Catholic",-0.005,1,0
"5761","No","Female",-0.298,17.92,-0.323,"Catholic",0.025,1,0
"5761","No","Female",-0.258,16.784,-0.323,"Catholic",0.065,1,0
"5761","No","Female",0.272,13.7,-0.323,"Catholic",0.595,1,0
"5761","No","Female",-0.598,3.422,-0.323,"Catholic",-0.275,1,0
"5761","No","Female",-0.158,4.462,-0.323,"Catholic",0.165,1,0
"5761","Yes","Female",-0.668,8.118,-0.323,"Catholic",-0.345,1,0
"5761","Yes","Female",-0.768,17.931,-0.323,"Catholic",-0.445,1,0
"5761","Yes","Female",-0.028,1.288,-0.323,"Catholic",0.295,1,0
"5761","No","Female",0.842,14.836,-0.323,"Catholic",1.165,1,0
"5761","No","Female",-0.378,6.861,-0.323,"Catholic",-0.055,1,0
"5761","Yes","Female",-0.278,14.872,-0.323,"Catholic",0.045,1,0
"5761","Yes","Female",0.192,14.73,-0.323,"Catholic",0.515,1,0
"5761","Yes","Female",-0.558,5.076,-0.323,"Catholic",-0.235,1,0
"5761","Yes","Female",-1.128,14.491,-0.323,"Catholic",-0.805,1,0
"5761","Yes","Female",-1.038,-0.493,-0.323,"Catholic",-0.715,1,0
"5761","No","Female",-0.508,10.084,-0.323,"Catholic",-0.185,1,0
"5761","Yes","Female",-1.008,17.565,-0.323,"Catholic",-0.685,1,0
"5761","No","Female",-0.798,5.655,-0.323,"Catholic",-0.475,1,0
"5761","No","Female",-0.838,15.644,-0.323,"Catholic",-0.515,1,0
"5761","Yes","Female",-0.708,-1.559,-0.323,"Catholic",-0.385,1,0
"5761","Yes","Female",-0.898,6.659,-0.323,"Catholic",-0.575,1,0
"5761","No","Female",-1.178,11.629,-0.323,"Catholic",-0.855,1,0
"5762","Yes","Male",-1.308,8.529,-1.19394594594595,"Public",-0.114054054054054,1,1
"5762","Yes","Male",-0.828,13.453,-1.19394594594595,"Public",0.365945945945946,1,1
"5762","Yes","Male",-1.498,10.81,-1.19394594594595,"Public",-0.304054054054054,1,1
"5762","Yes","Female",-1.768,0.585,-1.19394594594595,"Public",-0.574054054054054,1,0
"5762","Yes","Male",-1.028,-2.252,-1.19394594594595,"Public",0.165945945945946,1,1
"5762","Yes","Male",-0.438,2.633,-1.19394594594595,"Public",0.755945945945946,1,1
"5762","Yes","Female",-1.118,-2.55,-1.19394594594595,"Public",0.075945945945946,1,0
"5762","Yes","Female",-1.428,3.284,-1.19394594594595,"Public",-0.234054054054054,1,0
"5762","Yes","Female",-0.858,2.43,-1.19394594594595,"Public",0.335945945945946,1,0
"5762","Yes","Female",-1.758,12.771,-1.19394594594595,"Public",-0.564054054054054,1,0
"5762","No","Female",-1.448,4.888,-1.19394594594595,"Public",-0.254054054054054,1,0
"5762","Yes","Female",-1.358,7.081,-1.19394594594595,"Public",-0.164054054054054,1,0
"5762","Yes","Male",-1.848,5.813,-1.19394594594595,"Public",-0.654054054054054,1,1
"5762","Yes","Male",-1.648,5.037,-1.19394594594595,"Public",-0.454054054054054,1,1
"5762","Yes","Female",-1.358,-2.224,-1.19394594594595,"Public",-0.164054054054054,1,0
"5762","Yes","Male",-0.588,6.524,-1.19394594594595,"Public",0.605945945945946,1,1
"5762","Yes","Male",-1.118,-2.721,-1.19394594594595,"Public",0.075945945945946,1,1
"5762","Yes","Male",-1.948,0.193,-1.19394594594595,"Public",-0.754054054054054,1,1
"5762","Yes","Female",0.052,0.959,-1.19394594594595,"Public",1.24594594594595,1,0
"5762","Yes","Female",-1.608,6.366,-1.19394594594595,"Public",-0.414054054054054,1,0
"5762","Yes","Female",-0.768,4.423,-1.19394594594595,"Public",0.425945945945946,1,0
"5762","Yes","Female",-2.078,3.954,-1.19394594594595,"Public",-0.884054054054054,1,0
"5762","Yes","Male",-1.488,2.572,-1.19394594594595,"Public",-0.294054054054054,1,1
"5762","Yes","Female",-0.838,19.424,-1.19394594594595,"Public",0.355945945945946,1,0
"5762","Yes","Male",-0.988,7.094,-1.19394594594595,"Public",0.205945945945946,1,1
"5762","Yes","Female",-0.898,2.764,-1.19394594594595,"Public",0.295945945945946,1,0
"5762","Yes","Male",-0.208,3.73,-1.19394594594595,"Public",0.985945945945946,1,1
"5762","No","Female",-0.888,-0.754,-1.19394594594595,"Public",0.305945945945946,1,0
"5762","Yes","Female",-1.578,-2.832,-1.19394594594595,"Public",-0.384054054054054,1,0
"5762","Yes","Female",-0.078,1.045,-1.19394594594595,"Public",1.11594594594595,1,0
"5762","No","Female",-1.308,9.385,-1.19394594594595,"Public",-0.114054054054054,1,0
"5762","No","Male",-1.368,2.617,-1.19394594594595,"Public",-0.174054054054054,1,1
"5762","Yes","Female",-1.118,1.083,-1.19394594594595,"Public",0.075945945945946,1,0
"5762","Yes","Female",-1.238,7.722,-1.19394594594595,"Public",-0.0440540540540539,1,0
"5762","Yes","Female",-1.538,5.312,-1.19394594594595,"Public",-0.344054054054054,1,0
"5762","Yes","Male",-0.988,0.569,-1.19394594594595,"Public",0.205945945945946,1,1
"5762","Yes","Male",-1.908,10.303,-1.19394594594595,"Public",-0.714054054054054,1,1
"5783","No","Male",-0.548,4.983,0.173034482758621,"Public",-0.721034482758621,1,1
"5783","No","Female",0.322,9.725,0.173034482758621,"Public",0.148965517241379,1,0
"5783","No","Female",-0.728,21.504,0.173034482758621,"Public",-0.901034482758621,1,0
"5783","No","Female",0.022,11.637,0.173034482758621,"Public",-0.151034482758621,1,0
"5783","No","Female",-0.168,4.858,0.173034482758621,"Public",-0.341034482758621,1,0
"5783","No","Male",0.502,17.53,0.173034482758621,"Public",0.328965517241379,1,1
"5783","Yes","Female",-0.498,0.148,0.173034482758621,"Public",-0.671034482758621,1,0
"5783","No","Female",0.522,17.718,0.173034482758621,"Public",0.348965517241379,1,0
"5783","Yes","Female",0.612,1.288,0.173034482758621,"Public",0.438965517241379,1,0
"5783","Yes","Male",0.762,3.083,0.173034482758621,"Public",0.588965517241379,1,1
"5783","Yes","Female",1.002,18.026,0.173034482758621,"Public",0.828965517241379,1,0
"5783","No","Female",-0.538,10.652,0.173034482758621,"Public",-0.711034482758621,1,0
"5783","No","Female",-0.298,20,0.173034482758621,"Public",-0.471034482758621,1,0
"5783","Yes","Female",1.152,11.593,0.173034482758621,"Public",0.978965517241379,1,0
"5783","No","Female",-0.168,17.416,0.173034482758621,"Public",-0.341034482758621,1,0
"5783","No","Male",0.852,17.059,0.173034482758621,"Public",0.678965517241379,1,1
"5783","No","Female",0.342,9.413,0.173034482758621,"Public",0.168965517241379,1,0
"5783","No","Male",1.152,22.794,0.173034482758621,"Public",0.978965517241379,1,1
"5783","No","Male",-0.188,15.456,0.173034482758621,"Public",-0.361034482758621,1,1
"5783","No","Male",0.982,18.326,0.173034482758621,"Public",0.808965517241379,1,1
"5783","No","Male",0.272,13.009,0.173034482758621,"Public",0.0989655172413793,1,1
"5783","No","Female",-0.528,7.417,0.173034482758621,"Public",-0.701034482758621,1,0
"5783","No","Female",-0.348,14.704,0.173034482758621,"Public",-0.521034482758621,1,0
"5783","No","Male",0.742,10.927,0.173034482758621,"Public",0.568965517241379,1,1
"5783","No","Male",1.122,22.541,0.173034482758621,"Public",0.94896551724138,1,1
"5783","No","Male",0.822,21.141,0.173034482758621,"Public",0.648965517241379,1,1
"5783","No","Female",-2.328,5.499,0.173034482758621,"Public",-2.50103448275862,1,0
"5783","Yes","Female",0.492,17.287,0.173034482758621,"Public",0.318965517241379,1,0
"5783","Yes","Male",-0.318,15.626,0.173034482758621,"Public",-0.491034482758621,1,1
"5815","No","Female",-1.828,5.964,-0.68,"Public",-1.148,1,0
"5815","Yes","Male",-1.478,0.842,-0.68,"Public",-0.798,1,1
"5815","Yes","Male",-1.068,5.271,-0.68,"Public",-0.388,1,1
"5815","No","Male",-0.228,17.43,-0.68,"Public",0.452,1,1
"5815","No","Male",0.292,10.485,-0.68,"Public",0.972,1,1
"5815","No","Female",-0.818,0.371,-0.68,"Public",-0.138,1,0
"5815","No","Male",-0.228,12.521,-0.68,"Public",0.452,1,1
"5815","Yes","Female",-0.718,2.865,-0.68,"Public",-0.0379999999999999,1,0
"5815","No","Female",-0.048,12.484,-0.68,"Public",0.632,1,0
"5815","No","Female",-0.718,14.206,-0.68,"Public",-0.0379999999999999,1,0
"5815","No","Female",-0.588,19.598,-0.68,"Public",0.0920000000000001,1,0
"5815","No","Male",-0.518,6.707,-0.68,"Public",0.162,1,1
"5815","Yes","Male",-0.268,3.9,-0.68,"Public",0.412,1,1
"5815","Yes","Female",-1.768,1.27,-0.68,"Public",-1.088,1,0
"5815","No","Female",-0.918,11.182,-0.68,"Public",-0.238,1,0
"5815","Yes","Female",-0.778,-1.603,-0.68,"Public",-0.098,1,0
"5815","Yes","Male",-1.018,14.165,-0.68,"Public",-0.338,1,1
"5815","Yes","Male",-0.568,2.04,-0.68,"Public",0.112,1,1
"5815","Yes","Female",-0.688,7.123,-0.68,"Public",-0.0079999999999999,1,0
"5815","No","Female",0.182,5.443,-0.68,"Public",0.862,1,0
"5815","No","Female",-0.038,6.44,-0.68,"Public",0.642,1,0
"5815","Yes","Male",-1.488,3.778,-0.68,"Public",-0.808,1,1
"5815","No","Female",-1.018,5.034,-0.68,"Public",-0.338,1,0
"5815","No","Male",-0.008,3.278,-0.68,"Public",0.672,1,1
"5815","No","Female",-0.678,10.99,-0.68,"Public",0.002,1,0
"5819","No","Male",0.332,5.698,0.1816,"Public",0.1504,1,1
"5819","No","Male",-0.768,1.068,0.1816,"Public",-0.9496,1,1
"5819","Yes","Male",-0.238,13.427,0.1816,"Public",-0.4196,1,1
"5819","No","Female",-0.238,13.702,0.1816,"Public",-0.4196,1,0
"5819","No","Male",1.312,11.802,0.1816,"Public",1.1304,1,1
"5819","No","Male",0.822,14.658,0.1816,"Public",0.6404,1,1
"5819","No","Female",-0.188,18.881,0.1816,"Public",-0.3696,1,0
"5819","No","Female",-0.088,2.191,0.1816,"Public",-0.2696,1,0
"5819","No","Male",0.442,5.19,0.1816,"Public",0.2604,1,1
"5819","No","Female",0.332,19.487,0.1816,"Public",0.1504,1,0
"5819","No","Male",0.182,7.381,0.1816,"Public",0.000399999999999984,1,1
"5819","No","Female",0.882,9.741,0.1816,"Public",0.7004,1,0
"5819","No","Female",0.692,11.149,0.1816,"Public",0.5104,1,0
"5819","No","Male",1.212,16.246,0.1816,"Public",1.0304,1,1
"5819","No","Male",0.072,7.782,0.1816,"Public",-0.1096,1,1
"5819","No","Male",-1.078,19.357,0.1816,"Public",-1.2596,1,1
"5819","No","Male",0.792,15.575,0.1816,"Public",0.6104,1,1
"5819","No","Female",1.262,15.669,0.1816,"Public",1.0804,1,0
"5819","Yes","Female",-1.118,15.108,0.1816,"Public",-1.2996,1,0
"5819","No","Female",-0.658,11.933,0.1816,"Public",-0.8396,1,0
"5819","No","Male",-0.888,6.032,0.1816,"Public",-1.0696,1,1
"5819","No","Male",-0.308,23.185,0.1816,"Public",-0.4896,1,1
"5819","No","Male",0.082,1.584,0.1816,"Public",-0.0996,1,1
"5819","No","Male",0.022,2.272,0.1816,"Public",-0.1596,1,1
"5819","No","Female",0.312,16.837,0.1816,"Public",0.1304,1,0
"5819","No","Female",0.692,16.688,0.1816,"Public",0.5104,1,0
"5819","No","Female",0.782,13.652,0.1816,"Public",0.6004,1,0
"5819","No","Male",0.072,5.825,0.1816,"Public",-0.1096,1,1
"5819","No","Male",0.552,24.812,0.1816,"Public",0.3704,1,1
"5819","No","Female",0.142,16.936,0.1816,"Public",-0.0396,1,0
"5819","No","Male",1.072,24.483,0.1816,"Public",0.8904,1,1
"5819","No","Female",1.022,7.492,0.1816,"Public",0.8404,1,0
"5819","No","Male",-0.348,3.886,0.1816,"Public",-0.5296,1,1
"5819","No","Female",0.262,-2.132,0.1816,"Public",0.0804,1,0
"5819","No","Male",0.192,18.62,0.1816,"Public",0.0104,1,1
"5819","No","Female",0.592,16.084,0.1816,"Public",0.4104,1,0
"5819","No","Female",0.592,20.441,0.1816,"Public",0.4104,1,0
"5819","No","Female",0.462,3.237,0.1816,"Public",0.2804,1,0
"5819","No","Female",-0.078,18.142,0.1816,"Public",-0.2596,1,0
"5819","No","Male",0.302,10.165,0.1816,"Public",0.1204,1,1
"5819","No","Female",-0.088,24.479,0.1816,"Public",-0.2696,1,0
"5819","No","Female",-0.608,3.615,0.1816,"Public",-0.7896,1,0
"5819","No","Female",0.152,12.465,0.1816,"Public",-0.0296,1,0
"5819","No","Female",-0.008,14.736,0.1816,"Public",-0.1896,1,0
"5819","No","Male",0.002,13.854,0.1816,"Public",-0.1796,1,1
"5819","No","Female",0.792,18.01,0.1816,"Public",0.6104,1,0
"5819","No","Male",0.302,11.794,0.1816,"Public",0.1204,1,1
"5819","No","Male",-0.088,13.848,0.1816,"Public",-0.2696,1,1
"5819","No","Female",-0.998,12.192,0.1816,"Public",-1.1796,1,0
"5819","No","Male",0.132,-2.334,0.1816,"Public",-0.0496,1,1
"5838","No","Female",-0.038,13.903,0.156516129032258,"Public",-0.194516129032258,1,0
"5838","No","Female",0.772,14.123,0.156516129032258,"Public",0.615483870967742,1,0
"5838","No","Male",0.152,24.133,0.156516129032258,"Public",-0.00451612903225806,1,1
"5838","No","Female",0.842,22.449,0.156516129032258,"Public",0.685483870967742,1,0
"5838","No","Male",-0.188,10.225,0.156516129032258,"Public",-0.344516129032258,1,1
"5838","No","Female",-0.118,5.441,0.156516129032258,"Public",-0.274516129032258,1,0
"5838","No","Female",-0.168,7.477,0.156516129032258,"Public",-0.324516129032258,1,0
"5838","Yes","Male",-0.228,14.707,0.156516129032258,"Public",-0.384516129032258,1,1
"5838","No","Male",-0.828,13.934,0.156516129032258,"Public",-0.984516129032258,1,1
"5838","No","Female",-0.598,10.504,0.156516129032258,"Public",-0.754516129032258,1,0
"5838","No","Female",0.212,14.275,0.156516129032258,"Public",0.0554838709677419,1,0
"5838","No","Male",0.152,21.355,0.156516129032258,"Public",-0.00451612903225806,1,1
"5838","No","Female",-0.888,8.754,0.156516129032258,"Public",-1.04451612903226,1,0
"5838","No","Male",0.932,13.701,0.156516129032258,"Public",0.775483870967742,1,1
"5838","No","Female",-0.958,9.614,0.156516129032258,"Public",-1.11451612903226,1,0
"5838","No","Female",0.982,10.439,0.156516129032258,"Public",0.825483870967742,1,0
"5838","No","Male",-0.248,3.584,0.156516129032258,"Public",-0.404516129032258,1,1
"5838","No","Male",-0.168,20.673,0.156516129032258,"Public",-0.324516129032258,1,1
"5838","No","Female",0.462,12.335,0.156516129032258,"Public",0.305483870967742,1,0
"5838","No","Male",0.502,10.479,0.156516129032258,"Public",0.345483870967742,1,1
"5838","No","Female",-0.148,15.515,0.156516129032258,"Public",-0.304516129032258,1,0
"5838","No","Female",1.072,9.875,0.156516129032258,"Public",0.915483870967742,1,0
"5838","No","Female",0.712,17.327,0.156516129032258,"Public",0.555483870967742,1,0
"5838","No","Male",0.932,7.193,0.156516129032258,"Public",0.775483870967742,1,1
"5838","No","Male",1.512,16.189,0.156516129032258,"Public",1.35548387096774,1,1
"5838","No","Female",-0.038,16.948,0.156516129032258,"Public",-0.194516129032258,1,0
"5838","No","Female",0.732,17.312,0.156516129032258,"Public",0.575483870967742,1,0
"5838","No","Male",-0.038,20.765,0.156516129032258,"Public",-0.194516129032258,1,1
"5838","No","Male",0.242,19.485,0.156516129032258,"Public",0.0854838709677419,1,1
"5838","No","Female",-0.298,19.247,0.156516129032258,"Public",-0.454516129032258,1,0
"5838","No","Female",-0.408,2.417,0.156516129032258,"Public",-0.564516129032258,1,0
"5937","No","Male",1.122,23.88,0.650965517241379,"Public",0.471034482758621,1,1
"5937","No","Male",1.262,23.771,0.650965517241379,"Public",0.611034482758621,1,1
"5937","No","Male",1.042,18.312,0.650965517241379,"Public",0.391034482758621,1,1
"5937","No","Male",0.362,17.539,0.650965517241379,"Public",-0.288965517241379,1,1
"5937","No","Male",-0.018,6.102,0.650965517241379,"Public",-0.668965517241379,1,1
"5937","No","Female",1.512,18.4,0.650965517241379,"Public",0.861034482758621,1,0
"5937","No","Male",0.632,19.4,0.650965517241379,"Public",-0.0189655172413793,1,1
"5937","No","Female",1.202,18.56,0.650965517241379,"Public",0.551034482758621,1,0
"5937","No","Female",1.172,8.631,0.650965517241379,"Public",0.521034482758621,1,0
"5937","No","Female",1.072,18.38,0.650965517241379,"Public",0.421034482758621,1,0
"5937","No","Male",0.662,14.503,0.650965517241379,"Public",0.0110344827586207,1,1
"5937","No","Male",0.482,23.822,0.650965517241379,"Public",-0.168965517241379,1,1
"5937","No","Male",0.952,12.911,0.650965517241379,"Public",0.301034482758621,1,1
"5937","No","Female",-0.148,18.345,0.650965517241379,"Public",-0.798965517241379,1,0
"5937","No","Female",0.612,17.152,0.650965517241379,"Public",-0.0389655172413793,1,0
"5937","No","Female",-0.068,12.846,0.650965517241379,"Public",-0.718965517241379,1,0
"5937","No","Female",0.702,18.358,0.650965517241379,"Public",0.0510344827586207,1,0
"5937","No","Female",-0.568,17.19,0.650965517241379,"Public",-1.21896551724138,1,0
"5937","No","Male",0.822,4.141,0.650965517241379,"Public",0.171034482758621,1,1
"5937","No","Male",0.932,10.045,0.650965517241379,"Public",0.281034482758621,1,1
"5937","No","Male",1.382,20.011,0.650965517241379,"Public",0.731034482758621,1,1
"5937","No","Female",0.202,19.803,0.650965517241379,"Public",-0.448965517241379,1,0
"5937","No","Female",1.122,21.66,0.650965517241379,"Public",0.471034482758621,1,0
"5937","No","Male",0.222,22.717,0.650965517241379,"Public",-0.428965517241379,1,1
"5937","Yes","Female",-0.748,16.219,0.650965517241379,"Public",-1.39896551724138,1,0
"5937","No","Female",0.232,15.92,0.650965517241379,"Public",-0.418965517241379,1,0
"5937","No","Female",0.992,12.853,0.650965517241379,"Public",0.341034482758621,1,0
"5937","No","Male",0.842,17.321,0.650965517241379,"Public",0.191034482758621,1,1
"5937","No","Female",0.892,17.711,0.650965517241379,"Public",0.241034482758621,1,0
"6074","No","Female",-0.438,21.142,-0.27675,"Catholic",-0.16125,1,0
"6074","No","Female",-1.068,4.826,-0.27675,"Catholic",-0.79125,1,0
"6074","No","Female",-0.798,15.473,-0.27675,"Catholic",-0.52125,1,0
"6074","No","Female",0.292,4.472,-0.27675,"Catholic",0.56875,1,0
"6074","No","Female",0.042,12.553,-0.27675,"Catholic",0.31875,1,0
"6074","No","Female",-0.368,19.772,-0.27675,"Catholic",-0.09125,1,0
"6074","No","Female",-0.748,4.176,-0.27675,"Catholic",-0.47125,1,0
"6074","No","Female",-0.438,15.573,-0.27675,"Catholic",-0.16125,1,0
"6074","Yes","Female",-0.708,18.807,-0.27675,"Catholic",-0.43125,1,0
"6074","No","Female",-0.828,8.914,-0.27675,"Catholic",-0.55125,1,0
"6074","No","Female",-0.258,8.005,-0.27675,"Catholic",0.01875,1,0
"6074","No","Female",-0.278,15.241,-0.27675,"Catholic",-0.00125000000000003,1,0
"6074","No","Female",-0.768,19.184,-0.27675,"Catholic",-0.49125,1,0
"6074","No","Female",-0.438,13.302,-0.27675,"Catholic",-0.16125,1,0
"6074","No","Female",0.252,14.818,-0.27675,"Catholic",0.52875,1,0
"6074","No","Female",-0.818,15.502,-0.27675,"Catholic",-0.54125,1,0
"6074","No","Female",-0.038,8.642,-0.27675,"Catholic",0.23875,1,0
"6074","No","Female",-1.098,7.316,-0.27675,"Catholic",-0.82125,1,0
"6074","No","Female",0.022,15.243,-0.27675,"Catholic",0.29875,1,0
"6074","No","Female",-0.798,10.654,-0.27675,"Catholic",-0.52125,1,0
"6074","No","Female",-0.668,15.076,-0.27675,"Catholic",-0.39125,1,0
"6074","No","Female",-0.198,18.324,-0.27675,"Catholic",0.07875,1,0
"6074","No","Female",-0.508,18.875,-0.27675,"Catholic",-0.23125,1,0
"6074","No","Female",0.142,16.89,-0.27675,"Catholic",0.41875,1,0
"6074","No","Female",-0.748,17.681,-0.27675,"Catholic",-0.47125,1,0
"6074","No","Female",-0.028,7.907,-0.27675,"Catholic",0.24875,1,0
"6074","No","Female",0.662,9.38,-0.27675,"Catholic",0.93875,1,0
"6074","No","Female",-0.678,5.236,-0.27675,"Catholic",-0.40125,1,0
"6074","No","Female",-0.748,23.917,-0.27675,"Catholic",-0.47125,1,0
"6074","No","Female",0.442,15.636,-0.27675,"Catholic",0.71875,1,0
"6074","No","Female",0.092,22.427,-0.27675,"Catholic",0.36875,1,0
"6074","No","Female",-0.448,20.075,-0.27675,"Catholic",-0.17125,1,0
"6074","No","Female",-0.608,11.344,-0.27675,"Catholic",-0.33125,1,0
"6074","No","Female",-0.488,17.445,-0.27675,"Catholic",-0.21125,1,0
"6074","No","Female",-1.778,2.124,-0.27675,"Catholic",-1.50125,1,0
"6074","No","Female",0.522,1.099,-0.27675,"Catholic",0.79875,1,0
"6074","No","Female",0.542,20.251,-0.27675,"Catholic",0.81875,1,0
"6074","No","Female",-0.158,12.511,-0.27675,"Catholic",0.11875,1,0
"6074","No","Female",0.692,6.332,-0.27675,"Catholic",0.96875,1,0
"6074","No","Female",-1.608,7.082,-0.27675,"Catholic",-1.33125,1,0
"6074","No","Female",0.672,12.55,-0.27675,"Catholic",0.94875,1,0
"6074","No","Female",-0.258,21.26,-0.27675,"Catholic",0.01875,1,0
"6074","No","Female",0.032,9.377,-0.27675,"Catholic",0.30875,1,0
"6074","No","Female",-1.118,15.842,-0.27675,"Catholic",-0.84125,1,0
"6074","No","Female",0.852,6.963,-0.27675,"Catholic",1.12875,1,0
"6074","No","Female",0.672,21.986,-0.27675,"Catholic",0.94875,1,0
"6074","No","Female",-0.358,20.635,-0.27675,"Catholic",-0.08125,1,0
"6074","Yes","Female",-0.478,2.823,-0.27675,"Catholic",-0.20125,1,0
"6074","No","Female",-0.618,17.173,-0.27675,"Catholic",-0.34125,1,0
"6074","No","Female",-0.358,24.421,-0.27675,"Catholic",-0.08125,1,0
"6074","No","Female",0.562,21.658,-0.27675,"Catholic",0.83875,1,0
"6074","No","Female",-0.568,21.734,-0.27675,"Catholic",-0.29125,1,0
"6074","No","Female",-0.828,5.311,-0.27675,"Catholic",-0.55125,1,0
"6074","No","Female",-0.488,9.831,-0.27675,"Catholic",-0.21125,1,0
"6074","No","Female",1.512,19.882,-0.27675,"Catholic",1.78875,1,0
"6074","No","Female",0.122,16.956,-0.27675,"Catholic",0.39875,1,0
"6089","No","Female",-0.398,20.111,0.085939393939394,"Public",-0.483939393939394,1,0
"6089","No","Female",0.242,16.624,0.085939393939394,"Public",0.156060606060606,1,0
"6089","No","Female",-0.028,15.343,0.085939393939394,"Public",-0.113939393939394,1,0
"6089","No","Male",1.032,20.613,0.085939393939394,"Public",0.946060606060606,1,1
"6089","No","Male",0.172,20.069,0.085939393939394,"Public",0.086060606060606,1,1
"6089","No","Female",0.292,6.761,0.085939393939394,"Public",0.206060606060606,1,0
"6089","No","Female",-0.178,14.498,0.085939393939394,"Public",-0.263939393939394,1,0
"6089","No","Male",-0.138,21.052,0.085939393939394,"Public",-0.223939393939394,1,1
"6089","No","Male",-0.708,15.761,0.085939393939394,"Public",-0.793939393939394,1,1
"6089","No","Female",0.502,19.729,0.085939393939394,"Public",0.416060606060606,1,0
"6089","No","Male",0.152,24.386,0.085939393939394,"Public",0.066060606060606,1,1
"6089","No","Female",0.482,13.833,0.085939393939394,"Public",0.396060606060606,1,0
"6089","No","Female",1.022,17.54,0.085939393939394,"Public",0.936060606060606,1,0
"6089","No","Male",-0.298,-0.111,0.085939393939394,"Public",-0.383939393939394,1,1
"6089","No","Male",0.442,8.726,0.085939393939394,"Public",0.356060606060606,1,1
"6089","No","Female",0.652,5.722,0.085939393939394,"Public",0.566060606060606,1,0
"6089","No","Female",-1.238,11.303,0.085939393939394,"Public",-1.32393939393939,1,0
"6089","No","Male",-0.258,23.259,0.085939393939394,"Public",-0.343939393939394,1,1
"6089","No","Female",0.562,13.337,0.085939393939394,"Public",0.476060606060606,1,0
"6089","No","Male",1.222,6.707,0.085939393939394,"Public",1.13606060606061,1,1
"6089","No","Male",-0.698,22.854,0.085939393939394,"Public",-0.783939393939394,1,1
"6089","No","Female",-0.138,22.521,0.085939393939394,"Public",-0.223939393939394,1,0
"6089","No","Female",-0.288,13.947,0.085939393939394,"Public",-0.373939393939394,1,0
"6089","No","Female",0.892,19.499,0.085939393939394,"Public",0.806060606060606,1,0
"6089","No","Male",0.292,12.577,0.085939393939394,"Public",0.206060606060606,1,1
"6089","No","Female",-0.478,16.761,0.085939393939394,"Public",-0.563939393939394,1,0
"6089","No","Male",-0.718,13.901,0.085939393939394,"Public",-0.803939393939394,1,1
"6089","No","Female",0.642,12.605,0.085939393939394,"Public",0.556060606060606,1,0
"6089","No","Male",0.502,13.544,0.085939393939394,"Public",0.416060606060606,1,1
"6089","No","Female",-2.038,1.199,0.085939393939394,"Public",-2.12393939393939,1,0
"6089","No","Female",0.902,24.707,0.085939393939394,"Public",0.816060606060606,1,0
"6089","No","Female",0.762,21.793,0.085939393939394,"Public",0.676060606060606,1,0
"6089","No","Male",-0.328,22.625,0.085939393939394,"Public",-0.413939393939394,1,1
"6144","No","Male",0.202,13.89,-0.43753488372093,"Public",0.63953488372093,1,1
"6144","No","Female",0.522,21.272,-0.43753488372093,"Public",0.95953488372093,1,0
"6144","No","Male",-0.478,22.091,-0.43753488372093,"Public",-0.0404651162790697,1,1
"6144","Yes","Male",-0.538,6.02,-0.43753488372093,"Public",-0.10046511627907,1,1
"6144","Yes","Male",-0.048,6.868,-0.43753488372093,"Public",0.38953488372093,1,1
"6144","Yes","Male",-0.128,10.037,-0.43753488372093,"Public",0.30953488372093,1,1
"6144","No","Male",1.042,13.639,-0.43753488372093,"Public",1.47953488372093,1,1
"6144","No","Female",-0.078,1.785,-0.43753488372093,"Public",0.35953488372093,1,0
"6144","No","Female",-0.598,16.246,-0.43753488372093,"Public",-0.16046511627907,1,0
"6144","No","Male",-0.058,11.486,-0.43753488372093,"Public",0.37953488372093,1,1
"6144","No","Male",-0.228,-1.852,-0.43753488372093,"Public",0.20953488372093,1,1
"6144","No","Female",0.192,3.001,-0.43753488372093,"Public",0.62953488372093,1,0
"6144","Yes","Male",-1.308,4.239,-0.43753488372093,"Public",-0.87046511627907,1,1
"6144","Yes","Male",-0.848,2.799,-0.43753488372093,"Public",-0.41046511627907,1,1
"6144","No","Female",0.032,21.64,-0.43753488372093,"Public",0.46953488372093,1,0
"6144","No","Female",-0.498,14.616,-0.43753488372093,"Public",-0.0604651162790698,1,0
"6144","Yes","Male",-0.658,6.217,-0.43753488372093,"Public",-0.22046511627907,1,1
"6144","Yes","Female",-1.168,0.251,-0.43753488372093,"Public",-0.73046511627907,1,0
"6144","No","Female",-0.428,16.239,-0.43753488372093,"Public",0.00953488372093025,1,0
"6144","No","Male",-1.778,1.107,-0.43753488372093,"Public",-1.34046511627907,1,1
"6144","No","Male",0.212,5.01,-0.43753488372093,"Public",0.64953488372093,1,1
"6144","No","Female",1.512,12.65,-0.43753488372093,"Public",1.94953488372093,1,0
"6144","Yes","Female",-0.148,3.967,-0.43753488372093,"Public",0.28953488372093,1,0
"6144","No","Male",-0.918,3.605,-0.43753488372093,"Public",-0.48046511627907,1,1
"6144","No","Female",-1.948,3.091,-0.43753488372093,"Public",-1.51046511627907,1,0
"6144","No","Male",-0.558,4.641,-0.43753488372093,"Public",-0.12046511627907,1,1
"6144","No","Female",-1.338,11.389,-0.43753488372093,"Public",-0.90046511627907,1,0
"6144","No","Female",0.282,8.362,-0.43753488372093,"Public",0.71953488372093,1,0
"6144","No","Female",-0.208,4.554,-0.43753488372093,"Public",0.22953488372093,1,0
"6144","Yes","Female",-0.808,13.247,-0.43753488372093,"Public",-0.37046511627907,1,0
"6144","No","Female",-0.258,12.344,-0.43753488372093,"Public",0.17953488372093,1,0
"6144","No","Female",0.072,8.464,-0.43753488372093,"Public",0.50953488372093,1,0
"6144","No","Female",-0.658,0.778,-0.43753488372093,"Public",-0.22046511627907,1,0
"6144","No","Male",0.402,10.84,-0.43753488372093,"Public",0.83953488372093,1,1
"6144","No","Female",-0.958,22.307,-0.43753488372093,"Public",-0.52046511627907,1,0
"6144","No","Male",-0.968,4.085,-0.43753488372093,"Public",-0.53046511627907,1,1
"6144","No","Male",-0.488,12.216,-0.43753488372093,"Public",-0.0504651162790697,1,1
"6144","Yes","Male",-1.248,-0.726,-0.43753488372093,"Public",-0.81046511627907,1,1
"6144","No","Male",0.412,2.503,-0.43753488372093,"Public",0.84953488372093,1,1
"6144","No","Female",-1.508,8.519,-0.43753488372093,"Public",-1.07046511627907,1,0
"6144","No","Male",-0.508,15.139,-0.43753488372093,"Public",-0.0704651162790698,1,1
"6144","No","Male",-0.968,3.719,-0.43753488372093,"Public",-0.53046511627907,1,1
"6144","No","Female",-1.368,5.143,-0.43753488372093,"Public",-0.93046511627907,1,0
"6170","Yes","Female",0.462,8.954,-0.301809523809524,"Public",0.763809523809524,1,0
"6170","No","Female",0.132,20.087,-0.301809523809524,"Public",0.433809523809524,1,0
"6170","Yes","Female",1.002,19.951,-0.301809523809524,"Public",1.30380952380952,1,0
"6170","No","Male",-0.048,22.3,-0.301809523809524,"Public",0.253809523809524,1,1
"6170","No","Female",0.072,14.148,-0.301809523809524,"Public",0.373809523809524,1,0
"6170","No","Female",-0.818,13.626,-0.301809523809524,"Public",-0.516190476190476,1,0
"6170","Yes","Male",-0.398,16.68,-0.301809523809524,"Public",-0.0961904761904762,1,1
"6170","No","Male",-1.298,15.085,-0.301809523809524,"Public",-0.996190476190476,1,1
"6170","No","Female",0.142,1.01,-0.301809523809524,"Public",0.443809523809524,1,0
"6170","No","Male",-0.818,23.917,-0.301809523809524,"Public",-0.516190476190476,1,1
"6170","No","Female",-0.518,4.27,-0.301809523809524,"Public",-0.216190476190476,1,0
"6170","No","Female",0.422,13.298,-0.301809523809524,"Public",0.723809523809524,1,0
"6170","No","Male",-0.538,20.251,-0.301809523809524,"Public",-0.236190476190476,1,1
"6170","No","Male",-0.948,10.991,-0.301809523809524,"Public",-0.646190476190476,1,1
"6170","No","Male",-1.008,3.253,-0.301809523809524,"Public",-0.706190476190476,1,1
"6170","Yes","Female",-2.398,0.379,-0.301809523809524,"Public",-2.09619047619048,1,0
"6170","No","Female",0.532,24.012,-0.301809523809524,"Public",0.833809523809524,1,0
"6170","Yes","Female",-0.778,-0.205,-0.301809523809524,"Public",-0.476190476190476,1,0
"6170","No","Male",-0.258,23.231,-0.301809523809524,"Public",0.0438095238095238,1,1
"6170","No","Female",-0.458,18.317,-0.301809523809524,"Public",-0.156190476190476,1,0
"6170","No","Male",1.182,24.247,-0.301809523809524,"Public",1.48380952380952,1,1
"6291","Yes","Male",-0.228,10.305,-0.521714285714286,"Public",0.293714285714286,1,1
"6291","Yes","Female",-0.688,11.178,-0.521714285714286,"Public",-0.166285714285714,1,0
"6291","Yes","Male",-0.528,17.11,-0.521714285714286,"Public",-0.00628571428571423,1,1
"6291","Yes","Female",-0.838,8.031,-0.521714285714286,"Public",-0.316285714285714,1,0
"6291","Yes","Male",-0.178,17.821,-0.521714285714286,"Public",0.343714285714286,1,1
"6291","Yes","Female",-0.658,4.633,-0.521714285714286,"Public",-0.136285714285714,1,0
"6291","Yes","Female",-0.238,12.085,-0.521714285714286,"Public",0.283714285714286,1,0
"6291","No","Female",-1.098,3.309,-0.521714285714286,"Public",-0.576285714285714,1,0
"6291","Yes","Male",-0.318,0.612,-0.521714285714286,"Public",0.203714285714286,1,1
"6291","Yes","Female",-0.778,1.803,-0.521714285714286,"Public",-0.256285714285714,1,0
"6291","No","Female",-0.388,8.022,-0.521714285714286,"Public",0.133714285714286,1,0
"6291","No","Female",-0.408,4.01,-0.521714285714286,"Public",0.113714285714286,1,0
"6291","Yes","Male",-1.498,5.9,-0.521714285714286,"Public",-0.976285714285714,1,1
"6291","Yes","Male",-0.158,9.182,-0.521714285714286,"Public",0.363714285714286,1,1
"6291","Yes","Female",-1.308,7.133,-0.521714285714286,"Public",-0.786285714285714,1,0
"6291","No","Female",-0.478,6.294,-0.521714285714286,"Public",0.0437142857142858,1,0
"6291","Yes","Female",-0.218,15.823,-0.521714285714286,"Public",0.303714285714286,1,0
"6291","Yes","Female",-0.048,14.38,-0.521714285714286,"Public",0.473714285714286,1,0
"6291","Yes","Female",-1.458,3.326,-0.521714285714286,"Public",-0.936285714285714,1,0
"6291","No","Female",-0.068,5.5,-0.521714285714286,"Public",0.453714285714286,1,0
"6291","Yes","Female",-1.518,3.377,-0.521714285714286,"Public",-0.996285714285714,1,0
"6291","Yes","Female",-1.518,7.026,-0.521714285714286,"Public",-0.996285714285714,1,0
"6291","No","Female",0.482,23.578,-0.521714285714286,"Public",1.00371428571429,1,0
"6291","Yes","Female",0.312,19.619,-0.521714285714286,"Public",0.833714285714286,1,0
"6291","Yes","Male",-0.258,23.137,-0.521714285714286,"Public",0.263714285714286,1,1
"6291","No","Female",-0.158,16.177,-0.521714285714286,"Public",0.363714285714286,1,0
"6291","Yes","Female",-1.858,15.868,-0.521714285714286,"Public",-1.33628571428571,1,0
"6291","No","Male",0.472,17.446,-0.521714285714286,"Public",0.993714285714286,1,1
"6291","Yes","Male",0.122,18.119,-0.521714285714286,"Public",0.643714285714286,1,1
"6291","Yes","Male",-0.468,-2.092,-0.521714285714286,"Public",0.0537142857142858,1,1
"6291","Yes","Female",-1.158,12.663,-0.521714285714286,"Public",-0.636285714285714,1,0
"6291","Yes","Male",-1.048,13.835,-0.521714285714286,"Public",-0.526285714285714,1,1
"6291","Yes","Female",-0.028,3.872,-0.521714285714286,"Public",0.493714285714286,1,0
"6291","Yes","Female",-0.418,10.092,-0.521714285714286,"Public",0.103714285714286,1,0
"6291","No","Female",0.362,4.582,-0.521714285714286,"Public",0.883714285714286,1,0
"6366","No","Female",0.992,19.467,0.309758620689655,"Catholic",0.682241379310345,1,0
"6366","No","Female",0.752,17.715,0.309758620689655,"Catholic",0.442241379310345,1,0
"6366","No","Male",-0.678,14.341,0.309758620689655,"Catholic",-0.987758620689655,1,1
"6366","No","Male",1.432,23.04,0.309758620689655,"Catholic",1.12224137931034,1,1
"6366","No","Male",0.662,24.993,0.309758620689655,"Catholic",0.352241379310345,1,1
"6366","No","Female",0.942,22.943,0.309758620689655,"Catholic",0.632241379310345,1,0
"6366","No","Male",1.212,23.525,0.309758620689655,"Catholic",0.902241379310345,1,1
"6366","No","Male",-0.518,24.133,0.309758620689655,"Catholic",-0.827758620689655,1,1
"6366","No","Male",0.662,21.689,0.309758620689655,"Catholic",0.352241379310345,1,1
"6366","No","Female",0.142,10.158,0.309758620689655,"Catholic",-0.167758620689655,1,0
"6366","No","Female",0.582,20.761,0.309758620689655,"Catholic",0.272241379310345,1,0
"6366","No","Female",0.482,22.055,0.309758620689655,"Catholic",0.172241379310345,1,0
"6366","Yes","Male",-0.238,8.933,0.309758620689655,"Catholic",-0.547758620689655,1,1
"6366","No","Female",1.092,24.252,0.309758620689655,"Catholic",0.782241379310345,1,0
"6366","No","Female",0.802,10.477,0.309758620689655,"Catholic",0.492241379310345,1,0
"6366","No","Female",0.842,12.082,0.309758620689655,"Catholic",0.532241379310345,1,0
"6366","No","Female",-0.438,20.619,0.309758620689655,"Catholic",-0.747758620689655,1,0
"6366","No","Female",0.422,3.745,0.309758620689655,"Catholic",0.112241379310345,1,0
"6366","Yes","Male",-1.428,7.292,0.309758620689655,"Catholic",-1.73775862068966,1,1
"6366","No","Female",0.902,14.516,0.309758620689655,"Catholic",0.592241379310345,1,0
"6366","No","Female",0.092,22.827,0.309758620689655,"Catholic",-0.217758620689655,1,0
"6366","No","Female",0.032,12.211,0.309758620689655,"Catholic",-0.277758620689655,1,0
"6366","Yes","Male",0.172,15.183,0.309758620689655,"Catholic",-0.137758620689655,1,1
"6366","No","Male",0.402,9.178,0.309758620689655,"Catholic",0.0922413793103448,1,1
"6366","No","Female",0.072,19.704,0.309758620689655,"Catholic",-0.237758620689655,1,0
"6366","No","Female",0.362,19.685,0.309758620689655,"Catholic",0.0522413793103448,1,0
"6366","Yes","Female",0.702,12.565,0.309758620689655,"Catholic",0.392241379310345,1,0
"6366","No","Male",0.762,22.572,0.309758620689655,"Catholic",0.452241379310345,1,1
"6366","Yes","Female",-0.718,5.932,0.309758620689655,"Catholic",-1.02775862068966,1,0
"6366","No","Male",-0.098,8.34,0.309758620689655,"Catholic",-0.407758620689655,1,1
"6366","No","Male",0.542,15.712,0.309758620689655,"Catholic",0.232241379310345,1,1
"6366","No","Male",0.222,15.415,0.309758620689655,"Catholic",-0.0877586206896552,1,1
"6366","No","Male",1.122,19.41,0.309758620689655,"Catholic",0.812241379310345,1,1
"6366","No","Male",-0.138,18.12,0.309758620689655,"Catholic",-0.447758620689655,1,1
"6366","No","Male",-0.738,8.317,0.309758620689655,"Catholic",-1.04775862068966,1,1
"6366","No","Female",0.692,12.723,0.309758620689655,"Catholic",0.382241379310345,1,0
"6366","No","Female",0.542,22.311,0.309758620689655,"Catholic",0.232241379310345,1,0
"6366","No","Male",0.672,18.33,0.309758620689655,"Catholic",0.362241379310345,1,1
"6366","No","Female",-0.218,15.019,0.309758620689655,"Catholic",-0.527758620689655,1,0
"6366","No","Female",0.232,10.79,0.309758620689655,"Catholic",-0.0777586206896552,1,0
"6366","No","Female",0.062,16.491,0.309758620689655,"Catholic",-0.247758620689655,1,0
"6366","No","Female",0.152,18.028,0.309758620689655,"Catholic",-0.157758620689655,1,0
"6366","No","Female",-0.388,21.264,0.309758620689655,"Catholic",-0.697758620689655,1,0
"6366","No","Female",-0.028,14.318,0.309758620689655,"Catholic",-0.337758620689655,1,0
"6366","No","Male",1.152,15.572,0.309758620689655,"Catholic",0.842241379310345,1,1
"6366","No","Male",-0.328,21.755,0.309758620689655,"Catholic",-0.637758620689655,1,1
"6366","No","Female",-0.038,19.327,0.309758620689655,"Catholic",-0.347758620689655,1,0
"6366","Yes","Male",-0.678,13.882,0.309758620689655,"Catholic",-0.987758620689655,1,1
"6366","No","Female",0.642,3.706,0.309758620689655,"Catholic",0.332241379310345,1,0
"6366","No","Male",0.852,10.186,0.309758620689655,"Catholic",0.542241379310345,1,1
"6366","No","Male",1.342,-0.799,0.309758620689655,"Catholic",1.03224137931034,1,1
"6366","Yes","Male",1.102,12.971,0.309758620689655,"Catholic",0.792241379310345,1,1
"6366","No","Female",-1.068,14.084,0.309758620689655,"Catholic",-1.37775862068966,1,0
"6366","No","Female",1.282,12.104,0.309758620689655,"Catholic",0.972241379310345,1,0
"6366","Yes","Female",0.192,3.57,0.309758620689655,"Catholic",-0.117758620689655,1,0
"6366","No","Male",1.262,24.418,0.309758620689655,"Catholic",0.952241379310345,1,1
"6366","No","Female",-0.458,11.635,0.309758620689655,"Catholic",-0.767758620689655,1,0
"6366","No","Female",-0.418,24.479,0.309758620689655,"Catholic",-0.727758620689655,1,0
"6397","No","Male",1.042,-1.483,-0.2165,"Public",1.2585,1,1
"6397","No","Female",0.522,13.327,-0.2165,"Public",0.7385,1,0
"6397","No","Female",1.152,10.873,-0.2165,"Public",1.3685,1,0
"6397","Yes","Male",0.322,15.109,-0.2165,"Public",0.5385,1,1
"6397","Yes","Female",-1.048,6.886,-0.2165,"Public",-0.8315,1,0
"6397","Yes","Male",-2.058,4.233,-0.2165,"Public",-1.8415,1,1
"6397","No","Male",0.772,12.774,-0.2165,"Public",0.9885,1,1
"6397","No","Male",-0.018,13.581,-0.2165,"Public",0.1985,1,1
"6397","No","Male",0.472,3.344,-0.2165,"Public",0.6885,1,1
"6397","Yes","Male",-1.388,3.834,-0.2165,"Public",-1.1715,1,1
"6397","No","Male",-0.598,23.388,-0.2165,"Public",-0.3815,1,1
"6397","Yes","Female",-1.788,3.457,-0.2165,"Public",-1.5715,1,0
"6397","No","Male",0.142,20.658,-0.2165,"Public",0.3585,1,1
"6397","Yes","Male",-0.928,6.842,-0.2165,"Public",-0.7115,1,1
"6397","No","Male",-0.158,8.559,-0.2165,"Public",0.0585,1,1
"6397","Yes","Female",-0.568,4.918,-0.2165,"Public",-0.3515,1,0
"6397","No","Male",-1.448,14.09,-0.2165,"Public",-1.2315,1,1
"6397","No","Female",0.262,10.284,-0.2165,"Public",0.4785,1,0
"6397","No","Male",-0.018,6.76,-0.2165,"Public",0.1985,1,1
"6397","Yes","Female",0.382,4.496,-0.2165,"Public",0.5985,1,0
"6397","No","Male",1.242,21.663,-0.2165,"Public",1.4585,1,1
"6397","No","Female",-0.288,19.411,-0.2165,"Public",-0.0715,1,0
"6397","No","Female",0.042,15.241,-0.2165,"Public",0.2585,1,0
"6397","No","Female",-0.088,18.314,-0.2165,"Public",0.1285,1,0
"6397","No","Female",0.072,14.82,-0.2165,"Public",0.2885,1,0
"6397","No","Female",-0.438,11.505,-0.2165,"Public",-0.2215,1,0
"6397","Yes","Male",-0.748,4.987,-0.2165,"Public",-0.5315,1,1
"6397","No","Female",-1.368,5.641,-0.2165,"Public",-1.1515,1,0
"6397","Yes","Female",-0.228,2.679,-0.2165,"Public",-0.0115,1,0
"6397","Yes","Male",-0.098,0.67,-0.2165,"Public",0.1185,1,1
"6397","No","Female",-1.178,15.045,-0.2165,"Public",-0.9615,1,0
"6397","No","Male",-0.338,20.828,-0.2165,"Public",-0.1215,1,1
"6397","No","Female",-0.118,8.826,-0.2165,"Public",0.0985,1,0
"6397","No","Male",0.552,15.79,-0.2165,"Public",0.7685,1,1
"6397","No","Male",0.792,19.724,-0.2165,"Public",1.0085,1,1
"6397","No","Male",-0.868,20.222,-0.2165,"Public",-0.6515,1,1
"6397","No","Female",-0.208,5.688,-0.2165,"Public",0.00850000000000001,1,0
"6397","No","Female",1.222,23.261,-0.2165,"Public",1.4385,1,0
"6397","Yes","Male",-0.988,10.856,-0.2165,"Public",-0.7715,1,1
"6397","No","Male",-0.248,17.857,-0.2165,"Public",-0.0315,1,1
"6397","Yes","Female",-0.568,3.335,-0.2165,"Public",-0.3515,1,0
"6397","Yes","Male",-1.308,6.572,-0.2165,"Public",-1.0915,1,1
"6397","No","Female",-0.118,7.387,-0.2165,"Public",0.0985,1,0
"6397","No","Male",0.272,24.869,-0.2165,"Public",0.4885,1,1
"6397","Yes","Male",-0.028,19.833,-0.2165,"Public",0.1885,1,1
"6397","No","Female",-0.068,21.334,-0.2165,"Public",0.1485,1,0
"6397","No","Male",1.062,17.267,-0.2165,"Public",1.2785,1,1
"6397","No","Male",-0.288,21.887,-0.2165,"Public",-0.0715,1,1
"6397","No","Male",-0.188,18.07,-0.2165,"Public",0.0285,1,1
"6397","No","Female",-0.478,12.869,-0.2165,"Public",-0.2615,1,0
"6397","Yes","Male",-1.308,9.659,-0.2165,"Public",-1.0915,1,1
"6397","Yes","Female",0.012,6.211,-0.2165,"Public",0.2285,1,0
"6397","Yes","Female",0.042,10.388,-0.2165,"Public",0.2585,1,0
"6397","No","Male",-0.498,14.898,-0.2165,"Public",-0.2815,1,1
"6397","No","Male",-0.418,17.669,-0.2165,"Public",-0.2015,1,1
"6397","No","Male",0.982,21.897,-0.2165,"Public",1.1985,1,1
"6397","No","Female",0.172,24.434,-0.2165,"Public",0.3885,1,0
"6397","No","Male",-0.928,21.557,-0.2165,"Public",-0.7115,1,1
"6397","Yes","Male",-1.098,11.861,-0.2165,"Public",-0.8815,1,1
"6397","No","Male",-0.008,16.811,-0.2165,"Public",0.2085,1,1
"6415","No","Female",-0.588,21.594,-0.187259259259259,"Public",-0.400740740740741,1,0
"6415","No","Male",-0.808,13.752,-0.187259259259259,"Public",-0.620740740740741,1,1
"6415","No","Male",-0.998,10.266,-0.187259259259259,"Public",-0.810740740740741,1,1
"6415","No","Female",0.412,6.46,-0.187259259259259,"Public",0.599259259259259,1,0
"6415","No","Male",0.002,23.108,-0.187259259259259,"Public",0.189259259259259,1,1
"6415","No","Male",-1.488,2.187,-0.187259259259259,"Public",-1.30074074074074,1,1
"6415","No","Male",-1.188,12.877,-0.187259259259259,"Public",-1.00074074074074,1,1
"6415","No","Female",0.082,23.717,-0.187259259259259,"Public",0.269259259259259,1,0
"6415","No","Female",-0.268,21.857,-0.187259259259259,"Public",-0.0807407407407408,1,0
"6415","No","Female",0.052,11.85,-0.187259259259259,"Public",0.239259259259259,1,0
"6415","No","Male",0.262,21.877,-0.187259259259259,"Public",0.449259259259259,1,1
"6415","No","Male",0.372,12.51,-0.187259259259259,"Public",0.559259259259259,1,1
"6415","No","Female",-0.058,0.965,-0.187259259259259,"Public",0.129259259259259,1,0
"6415","No","Male",0.782,16.623,-0.187259259259259,"Public",0.969259259259259,1,1
"6415","No","Female",-0.158,4.653,-0.187259259259259,"Public",0.0292592592592593,1,0
"6415","No","Female",0.042,3.353,-0.187259259259259,"Public",0.229259259259259,1,0
"6415","No","Male",0.942,13.091,-0.187259259259259,"Public",1.12925925925926,1,1
"6415","No","Female",-0.328,17.129,-0.187259259259259,"Public",-0.140740740740741,1,0
"6415","No","Male",-0.118,17.937,-0.187259259259259,"Public",0.0692592592592593,1,1
"6415","No","Female",-0.278,12.238,-0.187259259259259,"Public",-0.0907407407407408,1,0
"6415","No","Female",-0.018,15.296,-0.187259259259259,"Public",0.169259259259259,1,0
"6415","No","Male",-1.038,4.205,-0.187259259259259,"Public",-0.850740740740741,1,1
"6415","No","Female",0.572,15.117,-0.187259259259259,"Public",0.759259259259259,1,0
"6415","No","Male",0.012,11.407,-0.187259259259259,"Public",0.199259259259259,1,1
"6415","No","Male",-0.788,1.103,-0.187259259259259,"Public",-0.600740740740741,1,1
"6415","No","Female",-0.068,10.36,-0.187259259259259,"Public",0.119259259259259,1,0
"6415","No","Female",0.962,7.52,-0.187259259259259,"Public",1.14925925925926,1,0
"6415","No","Male",0.212,14.397,-0.187259259259259,"Public",0.399259259259259,1,1
"6415","No","Male",-1.368,19.749,-0.187259259259259,"Public",-1.18074074074074,1,1
"6415","No","Male",0.022,20.767,-0.187259259259259,"Public",0.209259259259259,1,1
"6415","No","Female",0.912,20.124,-0.187259259259259,"Public",1.09925925925926,1,0
"6415","No","Female",0.912,12.268,-0.187259259259259,"Public",1.09925925925926,1,0
"6415","No","Female",-1.678,7.035,-0.187259259259259,"Public",-1.49074074074074,1,0
"6415","No","Female",-0.768,4.292,-0.187259259259259,"Public",-0.580740740740741,1,0
"6415","No","Male",1.212,21.508,-0.187259259259259,"Public",1.39925925925926,1,1
"6415","No","Female",-0.558,13.945,-0.187259259259259,"Public",-0.370740740740741,1,0
"6415","No","Female",-0.508,9.658,-0.187259259259259,"Public",-0.320740740740741,1,0
"6415","No","Female",-0.218,9.81,-0.187259259259259,"Public",-0.0307407407407407,1,0
"6415","No","Female",-0.008,-1.818,-0.187259259259259,"Public",0.179259259259259,1,0
"6415","No","Male",0.662,17.055,-0.187259259259259,"Public",0.849259259259259,1,1
"6415","Yes","Male",-0.748,4.731,-0.187259259259259,"Public",-0.560740740740741,1,1
"6415","No","Male",-0.818,6.552,-0.187259259259259,"Public",-0.630740740740741,1,1
"6415","No","Male",0.132,1.208,-0.187259259259259,"Public",0.319259259259259,1,1
"6415","No","Female",0.022,12.706,-0.187259259259259,"Public",0.209259259259259,1,0
"6415","Yes","Male",0.112,16.762,-0.187259259259259,"Public",0.299259259259259,1,1
"6415","No","Female",-1.218,3.444,-0.187259259259259,"Public",-1.03074074074074,1,0
"6415","No","Female",-1.658,7.237,-0.187259259259259,"Public",-1.47074074074074,1,0
"6415","No","Male",-0.498,9.371,-0.187259259259259,"Public",-0.310740740740741,1,1
"6415","No","Male",-0.218,6.34,-0.187259259259259,"Public",-0.0307407407407407,1,1
"6415","No","Female",-0.458,12.706,-0.187259259259259,"Public",-0.270740740740741,1,0
"6415","No","Female",0.132,17.118,-0.187259259259259,"Public",0.319259259259259,1,0
"6415","No","Female",0.022,21.869,-0.187259259259259,"Public",0.209259259259259,1,0
"6415","No","Male",-0.508,2.935,-0.187259259259259,"Public",-0.320740740740741,1,1
"6415","No","Male",0.462,15.63,-0.187259259259259,"Public",0.649259259259259,1,1
"6443","Yes","Male",-0.428,6.372,-0.353,"Public",-0.075,1,1
"6443","No","Female",-1.408,14.039,-0.353,"Public",-1.055,1,0
"6443","Yes","Male",-1.168,12.655,-0.353,"Public",-0.815,1,1
"6443","No","Male",-0.338,9.865,-0.353,"Public",0.015,1,1
"6443","Yes","Female",0.202,9.937,-0.353,"Public",0.555,1,0
"6443","No","Female",0.362,-1.806,-0.353,"Public",0.715,1,0
"6443","No","Female",0.362,22.391,-0.353,"Public",0.715,1,0
"6443","No","Male",-0.898,14.191,-0.353,"Public",-0.545,1,1
"6443","No","Female",-1.068,13.014,-0.353,"Public",-0.715,1,0
"6443","No","Female",0.642,5.873,-0.353,"Public",0.995,1,0
"6443","No","Female",-0.808,12.427,-0.353,"Public",-0.455,1,0
"6443","No","Female",0.422,10.582,-0.353,"Public",0.775,1,0
"6443","No","Female",-0.618,17.731,-0.353,"Public",-0.265,1,0
"6443","No","Female",0.762,7.731,-0.353,"Public",1.115,1,0
"6443","No","Female",-0.728,9.522,-0.353,"Public",-0.375,1,0
"6443","No","Male",0.222,14.626,-0.353,"Public",0.575,1,1
"6443","No","Female",-0.308,3.93,-0.353,"Public",0.045,1,0
"6443","Yes","Male",-1.308,13.861,-0.353,"Public",-0.955,1,1
"6443","No","Male",-0.048,18.22,-0.353,"Public",0.305,1,1
"6443","Yes","Female",-1.168,-1.199,-0.353,"Public",-0.815,1,0
"6443","Yes","Male",-2.498,7.096,-0.353,"Public",-2.145,1,1
"6443","Yes","Female",0.392,6.087,-0.353,"Public",0.745,1,0
"6443","Yes","Female",-0.348,5.779,-0.353,"Public",0.005,1,0
"6443","No","Female",0.472,4.745,-0.353,"Public",0.825,1,0
"6443","No","Female",0.442,15.571,-0.353,"Public",0.795,1,0
"6443","Yes","Female",-0.398,0.98,-0.353,"Public",-0.045,1,0
"6443","Yes","Female",-0.388,9.627,-0.353,"Public",-0.035,1,0
"6443","No","Male",-0.728,2.493,-0.353,"Public",-0.375,1,1
"6443","Yes","Male",-0.918,15.06,-0.353,"Public",-0.565,1,1
"6443","No","Female",0.702,2.866,-0.353,"Public",1.055,1,0
"6464","Yes","Female",-0.518,4.898,-0.676275862068966,"Public",0.158275862068966,1,0
"6464","Yes","Male",-1.458,23.822,-0.676275862068966,"Public",-0.781724137931034,1,1
"6464","Yes","Female",-1.068,2.57,-0.676275862068966,"Public",-0.391724137931034,1,0
"6464","Yes","Female",-2.328,0.247,-0.676275862068966,"Public",-1.65172413793103,1,0
"6464","Yes","Male",-0.298,11.448,-0.676275862068966,"Public",0.378275862068966,1,1
"6464","Yes","Male",-0.808,4.745,-0.676275862068966,"Public",-0.131724137931034,1,1
"6464","Yes","Female",-1.288,10.969,-0.676275862068966,"Public",-0.611724137931034,1,0
"6464","Yes","Female",0.142,14.298,-0.676275862068966,"Public",0.818275862068966,1,0
"6464","Yes","Female",-0.208,2.792,-0.676275862068966,"Public",0.468275862068966,1,0
"6464","Yes","Male",-0.658,3.721,-0.676275862068966,"Public",0.0182758620689656,1,1
"6464","Yes","Female",-0.278,11.265,-0.676275862068966,"Public",0.398275862068966,1,0
"6464","Yes","Female",-1.458,10.249,-0.676275862068966,"Public",-0.781724137931034,1,0
"6464","Yes","Female",-1.548,7.235,-0.676275862068966,"Public",-0.871724137931034,1,0
"6464","Yes","Female",0.232,7.347,-0.676275862068966,"Public",0.908275862068966,1,0
"6464","Yes","Male",-1.078,6.198,-0.676275862068966,"Public",-0.401724137931034,1,1
"6464","Yes","Female",-1.078,2.083,-0.676275862068966,"Public",-0.401724137931034,1,0
"6464","Yes","Male",0.242,11.771,-0.676275862068966,"Public",0.918275862068966,1,1
"6464","Yes","Male",-0.188,6.864,-0.676275862068966,"Public",0.488275862068966,1,1
"6464","Yes","Female",0.422,2.291,-0.676275862068966,"Public",1.09827586206897,1,0
"6464","Yes","Male",-0.348,3.949,-0.676275862068966,"Public",0.328275862068966,1,1
"6464","Yes","Male",-0.178,14.876,-0.676275862068966,"Public",0.498275862068966,1,1
"6464","Yes","Female",-0.328,7.962,-0.676275862068966,"Public",0.348275862068966,1,0
"6464","Yes","Female",-0.508,6.676,-0.676275862068966,"Public",0.168275862068966,1,0
"6464","Yes","Male",-0.438,9.251,-0.676275862068966,"Public",0.238275862068966,1,1
"6464","Yes","Female",-1.308,6.921,-0.676275862068966,"Public",-0.631724137931034,1,0
"6464","Yes","Female",-0.718,7.526,-0.676275862068966,"Public",-0.0417241379310344,1,0
"6464","Yes","Male",-0.788,7.068,-0.676275862068966,"Public",-0.111724137931034,1,1
"6464","Yes","Female",-0.718,-1.638,-0.676275862068966,"Public",-0.0417241379310344,1,0
"6464","Yes","Male",-1.058,-1.747,-0.676275862068966,"Public",-0.381724137931034,1,1
"6469","No","Male",0.282,17.823,0.752526315789474,"Catholic",-0.470526315789474,1,1
"6469","No","Male",1.152,20.396,0.752526315789474,"Catholic",0.399473684210526,1,1
"6469","Yes","Male",0.422,20.159,0.752526315789474,"Catholic",-0.330526315789474,1,1
"6469","No","Male",0.862,24.309,0.752526315789474,"Catholic",0.109473684210526,1,1
"6469","Yes","Male",-1.118,16.217,0.752526315789474,"Catholic",-1.87052631578947,1,1
"6469","No","Male",1.052,22.027,0.752526315789474,"Catholic",0.299473684210526,1,1
"6469","No","Male",0.892,19.71,0.752526315789474,"Catholic",0.139473684210526,1,1
"6469","No","Male",1.362,23.081,0.752526315789474,"Catholic",0.609473684210526,1,1
"6469","No","Male",1.072,17.711,0.752526315789474,"Catholic",0.319473684210526,1,1
"6469","No","Male",0.942,23.677,0.752526315789474,"Catholic",0.189473684210526,1,1
"6469","Yes","Male",0.832,16.909,0.752526315789474,"Catholic",0.0794736842105263,1,1
"6469","No","Male",0.152,16.352,0.752526315789474,"Catholic",-0.600526315789474,1,1
"6469","No","Male",-0.318,22.992,0.752526315789474,"Catholic",-1.07052631578947,1,1
"6469","No","Male",1.422,20.743,0.752526315789474,"Catholic",0.669473684210526,1,1
"6469","Yes","Male",0.382,9.766,0.752526315789474,"Catholic",-0.370526315789474,1,1
"6469","No","Male",0.692,21.721,0.752526315789474,"Catholic",-0.0605263157894738,1,1
"6469","No","Male",0.072,21.514,0.752526315789474,"Catholic",-0.680526315789474,1,1
"6469","No","Male",1.182,20.34,0.752526315789474,"Catholic",0.429473684210526,1,1
"6469","Yes","Male",1.512,23.043,0.752526315789474,"Catholic",0.759473684210526,1,1
"6469","No","Male",1.172,20.403,0.752526315789474,"Catholic",0.419473684210526,1,1
"6469","Yes","Male",0.152,7.778,0.752526315789474,"Catholic",-0.600526315789474,1,1
"6469","No","Male",1.452,18.076,0.752526315789474,"Catholic",0.699473684210526,1,1
"6469","No","Male",0.202,24.993,0.752526315789474,"Catholic",-0.550526315789474,1,1
"6469","Yes","Male",1.372,22.284,0.752526315789474,"Catholic",0.619473684210526,1,1
"6469","Yes","Male",0.172,11.161,0.752526315789474,"Catholic",-0.580526315789474,1,1
"6469","No","Male",0.502,22.752,0.752526315789474,"Catholic",-0.250526315789474,1,1
"6469","Yes","Male",0.102,12.561,0.752526315789474,"Catholic",-0.650526315789474,1,1
"6469","Yes","Male",1.182,15.772,0.752526315789474,"Catholic",0.429473684210526,1,1
"6469","Yes","Male",0.522,11.941,0.752526315789474,"Catholic",-0.230526315789474,1,1
"6469","Yes","Male",1.362,23.509,0.752526315789474,"Catholic",0.609473684210526,1,1
"6469","Yes","Male",1.292,16.133,0.752526315789474,"Catholic",0.539473684210526,1,1
"6469","Yes","Male",1.512,19.326,0.752526315789474,"Catholic",0.759473684210526,1,1
"6469","Yes","Male",-0.208,10.358,0.752526315789474,"Catholic",-0.960526315789474,1,1
"6469","No","Male",1.132,21.74,0.752526315789474,"Catholic",0.379473684210526,1,1
"6469","Yes","Male",0.262,17.364,0.752526315789474,"Catholic",-0.490526315789474,1,1
"6469","No","Male",1.512,24.993,0.752526315789474,"Catholic",0.759473684210526,1,1
"6469","No","Male",1.282,11.097,0.752526315789474,"Catholic",0.529473684210526,1,1
"6469","No","Male",0.752,12.624,0.752526315789474,"Catholic",-0.000526315789473708,1,1
"6469","No","Male",1.362,23.619,0.752526315789474,"Catholic",0.609473684210526,1,1
"6469","No","Male",0.942,16.902,0.752526315789474,"Catholic",0.189473684210526,1,1
"6469","No","Male",0.622,22.705,0.752526315789474,"Catholic",-0.130526315789474,1,1
"6469","No","Male",1.512,7.292,0.752526315789474,"Catholic",0.759473684210526,1,1
"6469","Yes","Male",1.342,12.878,0.752526315789474,"Catholic",0.589473684210526,1,1
"6469","Yes","Male",0.362,10.542,0.752526315789474,"Catholic",-0.390526315789474,1,1
"6469","Yes","Male",1.342,19.599,0.752526315789474,"Catholic",0.589473684210526,1,1
"6469","Yes","Male",-0.428,18.058,0.752526315789474,"Catholic",-1.18052631578947,1,1
"6469","Yes","Male",0.792,21.919,0.752526315789474,"Catholic",0.0394736842105263,1,1
"6469","No","Male",0.982,23.889,0.752526315789474,"Catholic",0.229473684210526,1,1
"6469","Yes","Male",0.292,11.778,0.752526315789474,"Catholic",-0.460526315789474,1,1
"6469","Yes","Male",-0.248,15.088,0.752526315789474,"Catholic",-1.00052631578947,1,1
"6469","No","Male",-0.408,22.491,0.752526315789474,"Catholic",-1.16052631578947,1,1
"6469","No","Male",1.092,15.464,0.752526315789474,"Catholic",0.339473684210526,1,1
"6469","No","Male",1.172,22.08,0.752526315789474,"Catholic",0.419473684210526,1,1
"6469","No","Male",0.992,18.614,0.752526315789474,"Catholic",0.239473684210526,1,1
"6469","No","Male",1.512,20.967,0.752526315789474,"Catholic",0.759473684210526,1,1
"6469","No","Male",1.242,22.694,0.752526315789474,"Catholic",0.489473684210526,1,1
"6469","No","Male",-0.158,22.042,0.752526315789474,"Catholic",-0.910526315789474,1,1
"6484","No","Female",0.082,7.068,-0.185142857142857,"Public",0.267142857142857,1,0
"6484","No","Male",-0.378,21.653,-0.185142857142857,"Public",-0.192857142857143,1,1
"6484","No","Female",-0.898,18.539,-0.185142857142857,"Public",-0.712857142857143,1,0
"6484","No","Male",-0.988,18.707,-0.185142857142857,"Public",-0.802857142857143,1,1
"6484","No","Male",1.122,15.296,-0.185142857142857,"Public",1.30714285714286,1,1
"6484","No","Male",0.042,17.224,-0.185142857142857,"Public",0.227142857142857,1,1
"6484","No","Female",-0.898,8.05,-0.185142857142857,"Public",-0.712857142857143,1,0
"6484","No","Female",-0.678,20.84,-0.185142857142857,"Public",-0.492857142857143,1,0
"6484","No","Male",0.942,15.863,-0.185142857142857,"Public",1.12714285714286,1,1
"6484","No","Male",-0.188,-2.557,-0.185142857142857,"Public",-0.00285714285714286,1,1
"6484","No","Female",-0.478,-0.765,-0.185142857142857,"Public",-0.292857142857143,1,0
"6484","No","Female",0.372,8.976,-0.185142857142857,"Public",0.557142857142857,1,0
"6484","No","Female",-1.498,20.571,-0.185142857142857,"Public",-1.31285714285714,1,0
"6484","Yes","Female",-0.188,16.233,-0.185142857142857,"Public",-0.00285714285714286,1,0
"6484","No","Male",0.902,16.948,-0.185142857142857,"Public",1.08714285714286,1,1
"6484","Yes","Female",-1.168,13.959,-0.185142857142857,"Public",-0.982857142857143,1,0
"6484","No","Female",-0.348,8.782,-0.185142857142857,"Public",-0.162857142857143,1,0
"6484","No","Female",-1.018,5.674,-0.185142857142857,"Public",-0.832857142857143,1,0
"6484","No","Female",-1.128,5.59,-0.185142857142857,"Public",-0.942857142857143,1,0
"6484","No","Female",-0.178,20.188,-0.185142857142857,"Public",0.00714285714285715,1,0
"6484","No","Male",1.262,6.563,-0.185142857142857,"Public",1.44714285714286,1,1
"6484","No","Female",0.152,20.742,-0.185142857142857,"Public",0.337142857142857,1,0
"6484","No","Female",-0.848,12.881,-0.185142857142857,"Public",-0.662857142857143,1,0
"6484","No","Male",-0.358,8.1,-0.185142857142857,"Public",-0.172857142857143,1,1
"6484","No","Female",-0.248,19.705,-0.185142857142857,"Public",-0.0628571428571429,1,0
"6484","No","Male",0.012,14.612,-0.185142857142857,"Public",0.197142857142857,1,1
"6484","No","Male",0.142,3.269,-0.185142857142857,"Public",0.327142857142857,1,1
"6484","No","Female",-0.578,14.474,-0.185142857142857,"Public",-0.392857142857143,1,0
"6484","No","Female",-0.428,21.073,-0.185142857142857,"Public",-0.242857142857143,1,0
"6484","No","Male",0.462,20.267,-0.185142857142857,"Public",0.647142857142857,1,1
"6484","No","Male",1.202,24.479,-0.185142857142857,"Public",1.38714285714286,1,1
"6484","No","Female",-0.458,17.42,-0.185142857142857,"Public",-0.272857142857143,1,0
"6484","No","Female",-0.078,10.101,-0.185142857142857,"Public",0.107142857142857,1,0
"6484","No","Male",-0.228,-2.832,-0.185142857142857,"Public",-0.0428571428571429,1,1
"6484","No","Male",0.082,4.241,-0.185142857142857,"Public",0.267142857142857,1,1
"6578","No","Female",-0.378,19.679,-0.516571428571429,"Catholic",0.138571428571429,1,0
"6578","No","Female",-0.088,20.847,-0.516571428571429,"Catholic",0.428571428571429,1,0
"6578","No","Female",-1.438,10.643,-0.516571428571429,"Catholic",-0.921428571428571,1,0
"6578","No","Female",-0.728,11.011,-0.516571428571429,"Catholic",-0.211428571428571,1,0
"6578","No","Female",0.302,19.288,-0.516571428571429,"Catholic",0.818571428571429,1,0
"6578","No","Female",-1.138,16.109,-0.516571428571429,"Catholic",-0.621428571428571,1,0
"6578","No","Female",0.342,11.931,-0.516571428571429,"Catholic",0.858571428571429,1,0
"6578","No","Female",0.132,6.767,-0.516571428571429,"Catholic",0.648571428571429,1,0
"6578","Yes","Female",-1.098,23.133,-0.516571428571429,"Catholic",-0.581428571428572,1,0
"6578","No","Female",-0.708,14.462,-0.516571428571429,"Catholic",-0.191428571428571,1,0
"6578","No","Female",1.052,17.684,-0.516571428571429,"Catholic",1.56857142857143,1,0
"6578","No","Female",-0.308,-1.17,-0.516571428571429,"Catholic",0.208571428571429,1,0
"6578","No","Female",-0.788,21.704,-0.516571428571429,"Catholic",-0.271428571428571,1,0
"6578","Yes","Female",-2.058,5.82,-0.516571428571429,"Catholic",-1.54142857142857,1,0
"6578","No","Female",-0.208,13.556,-0.516571428571429,"Catholic",0.308571428571429,1,0
"6578","No","Female",-1.308,5.757,-0.516571428571429,"Catholic",-0.791428571428571,1,0
"6578","Yes","Female",-0.388,5.95,-0.516571428571429,"Catholic",0.128571428571429,1,0
"6578","Yes","Female",-0.818,0.936,-0.516571428571429,"Catholic",-0.301428571428571,1,0
"6578","No","Female",0.092,16.157,-0.516571428571429,"Catholic",0.608571428571429,1,0
"6578","No","Female",0.122,12.632,-0.516571428571429,"Catholic",0.638571428571429,1,0
"6578","Yes","Female",0.232,3.563,-0.516571428571429,"Catholic",0.748571428571429,1,0
"6578","Yes","Female",0.082,8.728,-0.516571428571429,"Catholic",0.598571428571429,1,0
"6578","No","Female",0.302,16.673,-0.516571428571429,"Catholic",0.818571428571429,1,0
"6578","No","Female",-0.648,11.423,-0.516571428571429,"Catholic",-0.131428571428571,1,0
"6578","No","Female",-0.808,3.565,-0.516571428571429,"Catholic",-0.291428571428571,1,0
"6578","No","Female",-0.388,17.727,-0.516571428571429,"Catholic",0.128571428571429,1,0
"6578","No","Female",0.222,20.739,-0.516571428571429,"Catholic",0.738571428571429,1,0
"6578","Yes","Female",0.052,12.394,-0.516571428571429,"Catholic",0.568571428571429,1,0
"6578","No","Female",-0.258,8.117,-0.516571428571429,"Catholic",0.258571428571429,1,0
"6578","Yes","Female",-0.638,11.84,-0.516571428571429,"Catholic",-0.121428571428571,1,0
"6578","No","Female",-0.518,14.964,-0.516571428571429,"Catholic",-0.00142857142857145,1,0
"6578","No","Female",-1.408,9.759,-0.516571428571429,"Catholic",-0.891428571428571,1,0
"6578","No","Female",-1.368,6.627,-0.516571428571429,"Catholic",-0.851428571428572,1,0
"6578","Yes","Female",-1.228,13.505,-0.516571428571429,"Catholic",-0.711428571428571,1,0
"6578","No","Female",-0.438,15.381,-0.516571428571429,"Catholic",0.0785714285714286,1,0
"6578","No","Female",-0.008,12.258,-0.516571428571429,"Catholic",0.508571428571429,1,0
"6578","No","Female",0.122,18.616,-0.516571428571429,"Catholic",0.638571428571429,1,0
"6578","Yes","Female",-0.838,0.771,-0.516571428571429,"Catholic",-0.321428571428571,1,0
"6578","No","Female",-0.948,9.842,-0.516571428571429,"Catholic",-0.431428571428571,1,0
"6578","No","Female",-0.708,2.446,-0.516571428571429,"Catholic",-0.191428571428571,1,0
"6578","Yes","Female",-0.628,2.751,-0.516571428571429,"Catholic",-0.111428571428571,1,0
"6578","No","Female",-1.528,16.183,-0.516571428571429,"Catholic",-1.01142857142857,1,0
"6578","No","Female",-0.498,19.362,-0.516571428571429,"Catholic",0.0185714285714286,1,0
"6578","No","Female",0.582,23.144,-0.516571428571429,"Catholic",1.09857142857143,1,0
"6578","No","Female",-0.238,19.827,-0.516571428571429,"Catholic",0.278571428571429,1,0
"6578","No","Female",-0.148,16.785,-0.516571428571429,"Catholic",0.368571428571429,1,0
"6578","No","Female",-0.018,4.045,-0.516571428571429,"Catholic",0.498571428571429,1,0
"6578","No","Female",-0.568,12.761,-0.516571428571429,"Catholic",-0.0514285714285714,1,0
"6578","No","Female",-0.838,16.177,-0.516571428571429,"Catholic",-0.321428571428571,1,0
"6578","No","Female",-0.548,11.814,-0.516571428571429,"Catholic",-0.0314285714285715,1,0
"6578","No","Female",-1.768,20.605,-0.516571428571429,"Catholic",-1.25142857142857,1,0
"6578","No","Female",-0.548,8.271,-0.516571428571429,"Catholic",-0.0314285714285715,1,0
"6578","No","Female",-1.398,5.653,-0.516571428571429,"Catholic",-0.881428571428571,1,0
"6578","No","Female",-0.468,7.267,-0.516571428571429,"Catholic",0.0485714285714285,1,0
"6578","No","Female",-0.568,10.277,-0.516571428571429,"Catholic",-0.0514285714285714,1,0
"6578","No","Female",-1.148,4.908,-0.516571428571429,"Catholic",-0.631428571428571,1,0
"6600","Yes","Female",-0.508,9.493,-0.0535357142857143,"Public",-0.454464285714286,1,0
"6600","No","Male",0.152,20.429,-0.0535357142857143,"Public",0.205535714285714,1,1
"6600","Yes","Male",-1.808,1.803,-0.0535357142857143,"Public",-1.75446428571429,1,1
"6600","No","Male",-0.578,7.503,-0.0535357142857143,"Public",-0.524464285714286,1,1
"6600","No","Male",-0.798,2.628,-0.0535357142857143,"Public",-0.744464285714286,1,1
"6600","No","Female",-0.278,14.414,-0.0535357142857143,"Public",-0.224464285714286,1,0
"6600","No","Female",-0.168,11.462,-0.0535357142857143,"Public",-0.114464285714286,1,0
"6600","No","Male",-1.328,-0.691,-0.0535357142857143,"Public",-1.27446428571429,1,1
"6600","No","Female",-0.268,3.383,-0.0535357142857143,"Public",-0.214464285714286,1,0
"6600","No","Male",-0.048,9.321,-0.0535357142857143,"Public",0.00553571428571429,1,1
"6600","No","Female",-0.438,7.328,-0.0535357142857143,"Public",-0.384464285714286,1,0
"6600","No","Female",-0.138,2.899,-0.0535357142857143,"Public",-0.0844642857142857,1,0
"6600","No","Female",-0.908,9.216,-0.0535357142857143,"Public",-0.854464285714286,1,0
"6600","No","Male",1.072,22.866,-0.0535357142857143,"Public",1.12553571428571,1,1
"6600","No","Male",0.612,16.176,-0.0535357142857143,"Public",0.665535714285714,1,1
"6600","No","Female",-0.328,15.561,-0.0535357142857143,"Public",-0.274464285714286,1,0
"6600","No","Male",1.182,23.053,-0.0535357142857143,"Public",1.23553571428571,1,1
"6600","No","Male",1.122,24.06,-0.0535357142857143,"Public",1.17553571428571,1,1
"6600","No","Female",-0.508,14.076,-0.0535357142857143,"Public",-0.454464285714286,1,0
"6600","No","Male",-0.338,4.601,-0.0535357142857143,"Public",-0.284464285714286,1,1
"6600","No","Male",-0.628,12.291,-0.0535357142857143,"Public",-0.574464285714286,1,1
"6600","No","Male",0.972,19.963,-0.0535357142857143,"Public",1.02553571428571,1,1
"6600","No","Female",-0.588,9.339,-0.0535357142857143,"Public",-0.534464285714286,1,0
"6600","No","Female",-0.738,2.258,-0.0535357142857143,"Public",-0.684464285714286,1,0
"6600","No","Female",-1.978,0.969,-0.0535357142857143,"Public",-1.92446428571429,1,0
"6600","No","Female",0.802,17.741,-0.0535357142857143,"Public",0.855535714285714,1,0
"6600","No","Male",-0.228,19.126,-0.0535357142857143,"Public",-0.174464285714286,1,1
"6600","No","Female",-0.158,15.297,-0.0535357142857143,"Public",-0.104464285714286,1,0
"6600","No","Male",-0.338,8.197,-0.0535357142857143,"Public",-0.284464285714286,1,1
"6600","No","Female",0.952,18.946,-0.0535357142857143,"Public",1.00553571428571,1,0
"6600","No","Male",-0.188,9.179,-0.0535357142857143,"Public",-0.134464285714286,1,1
"6600","No","Male",-0.728,11.202,-0.0535357142857143,"Public",-0.674464285714286,1,1
"6600","No","Male",-0.038,14.932,-0.0535357142857143,"Public",0.0155357142857143,1,1
"6600","No","Female",0.692,11.941,-0.0535357142857143,"Public",0.745535714285714,1,0
"6600","No","Female",0.682,19.592,-0.0535357142857143,"Public",0.735535714285714,1,0
"6600","No","Male",0.952,-2.832,-0.0535357142857143,"Public",1.00553571428571,1,1
"6600","No","Female",-0.598,13.44,-0.0535357142857143,"Public",-0.544464285714286,1,0
"6600","No","Female",0.312,3.979,-0.0535357142857143,"Public",0.365535714285714,1,0
"6600","No","Male",-0.308,20.144,-0.0535357142857143,"Public",-0.254464285714286,1,1
"6600","No","Male",1.152,7.772,-0.0535357142857143,"Public",1.20553571428571,1,1
"6600","No","Female",-0.258,6.966,-0.0535357142857143,"Public",-0.204464285714286,1,0
"6600","No","Male",-0.058,22.183,-0.0535357142857143,"Public",-0.00446428571428571,1,1
"6600","No","Male",0.512,3.145,-0.0535357142857143,"Public",0.565535714285714,1,1
"6600","No","Female",-0.368,17.964,-0.0535357142857143,"Public",-0.314464285714286,1,0
"6600","No","Female",0.332,12.445,-0.0535357142857143,"Public",0.385535714285714,1,0
"6600","No","Female",-0.228,8.865,-0.0535357142857143,"Public",-0.174464285714286,1,0
"6600","No","Male",-0.058,16.836,-0.0535357142857143,"Public",-0.00446428571428571,1,1
"6600","No","Female",0.062,5.927,-0.0535357142857143,"Public",0.115535714285714,1,0
"6600","No","Female",-0.158,8.153,-0.0535357142857143,"Public",-0.104464285714286,1,0
"6600","No","Female",-0.208,15.118,-0.0535357142857143,"Public",-0.154464285714286,1,0
"6600","No","Female",-0.358,7.649,-0.0535357142857143,"Public",-0.304464285714286,1,0
"6600","No","Male",-0.128,20.366,-0.0535357142857143,"Public",-0.0744642857142857,1,1
"6600","No","Female",1.042,11.723,-0.0535357142857143,"Public",1.09553571428571,1,0
"6600","No","Female",0.282,21.646,-0.0535357142857143,"Public",0.335535714285714,1,0
"6600","No","Male",-0.038,6.58,-0.0535357142857143,"Public",0.0155357142857143,1,1
"6600","No","Male",0.932,16.795,-0.0535357142857143,"Public",0.985535714285714,1,1
"6808","Yes","Female",-0.048,10.249,-0.0961818181818182,"Public",0.0481818181818182,1,0
"6808","No","Female",-0.688,13.392,-0.0961818181818182,"Public",-0.591818181818182,1,0
"6808","Yes","Male",-0.998,10.551,-0.0961818181818182,"Public",-0.901818181818182,1,1
"6808","Yes","Male",0.502,4.666,-0.0961818181818182,"Public",0.598181818181818,1,1
"6808","Yes","Female",-0.498,1.551,-0.0961818181818182,"Public",-0.401818181818182,1,0
"6808","Yes","Female",-0.878,5.803,-0.0961818181818182,"Public",-0.781818181818182,1,0
"6808","No","Male",0.692,11.096,-0.0961818181818182,"Public",0.788181818181818,1,1
"6808","Yes","Male",-1.128,5.628,-0.0961818181818182,"Public",-1.03181818181818,1,1
"6808","No","Female",1.042,22.197,-0.0961818181818182,"Public",1.13818181818182,1,0
"6808","No","Male",-0.898,20.718,-0.0961818181818182,"Public",-0.801818181818182,1,1
"6808","Yes","Female",-0.968,14.304,-0.0961818181818182,"Public",-0.871818181818182,1,0
"6808","No","Male",0.222,19.545,-0.0961818181818182,"Public",0.318181818181818,1,1
"6808","Yes","Female",0.782,9.766,-0.0961818181818182,"Public",0.878181818181818,1,0
"6808","Yes","Male",-0.768,6.024,-0.0961818181818182,"Public",-0.671818181818182,1,1
"6808","No","Male",0.192,5.484,-0.0961818181818182,"Public",0.288181818181818,1,1
"6808","Yes","Female",0.052,2.393,-0.0961818181818182,"Public",0.148181818181818,1,0
"6808","Yes","Female",-2.148,0.958,-0.0961818181818182,"Public",-2.05181818181818,1,0
"6808","No","Male",0.802,22.451,-0.0961818181818182,"Public",0.898181818181818,1,1
"6808","No","Female",0.422,7.243,-0.0961818181818182,"Public",0.518181818181818,1,0
"6808","No","Female",-1.118,12.577,-0.0961818181818182,"Public",-1.02181818181818,1,0
"6808","No","Male",1.242,4.774,-0.0961818181818182,"Public",1.33818181818182,1,1
"6808","Yes","Male",-0.468,-2.008,-0.0961818181818182,"Public",-0.371818181818182,1,1
"6808","No","Female",-0.588,13.809,-0.0961818181818182,"Public",-0.491818181818182,1,0
"6808","No","Female",0.092,15.963,-0.0961818181818182,"Public",0.188181818181818,1,0
"6808","Yes","Female",0.132,7.719,-0.0961818181818182,"Public",0.228181818181818,1,0
"6808","Yes","Female",0.062,-2.565,-0.0961818181818182,"Public",0.158181818181818,1,0
"6808","No","Female",-0.718,1.908,-0.0961818181818182,"Public",-0.621818181818182,1,0
"6808","Yes","Female",-0.228,1.011,-0.0961818181818182,"Public",-0.131818181818182,1,0
"6808","No","Female",0.942,19.047,-0.0961818181818182,"Public",1.03818181818182,1,0
"6808","Yes","Male",-0.788,5.198,-0.0961818181818182,"Public",-0.691818181818182,1,1
"6808","No","Male",0.022,11.16,-0.0961818181818182,"Public",0.118181818181818,1,1
"6808","Yes","Female",-0.218,3.522,-0.0961818181818182,"Public",-0.121818181818182,1,0
"6808","No","Male",-0.528,21.739,-0.0961818181818182,"Public",-0.431818181818182,1,1
"6808","No","Male",-0.448,18.255,-0.0961818181818182,"Public",-0.351818181818182,1,1
"6808","Yes","Female",-0.438,5.232,-0.0961818181818182,"Public",-0.341818181818182,1,0
"6808","No","Female",1.512,12.188,-0.0961818181818182,"Public",1.60818181818182,1,0
"6808","No","Female",1.292,16.007,-0.0961818181818182,"Public",1.38818181818182,1,0
"6808","No","Female",1.212,14.505,-0.0961818181818182,"Public",1.30818181818182,1,0
"6808","No","Female",0.482,3.038,-0.0961818181818182,"Public",0.578181818181818,1,0
"6808","No","Male",-0.788,10.847,-0.0961818181818182,"Public",-0.691818181818182,1,1
"6808","Yes","Male",0.202,-2.496,-0.0961818181818182,"Public",0.298181818181818,1,1
"6808","Yes","Female",-1.158,1.275,-0.0961818181818182,"Public",-1.06181818181818,1,0
"6808","No","Male",-0.008,12.723,-0.0961818181818182,"Public",0.0881818181818182,1,1
"6808","Yes","Male",0.382,9.142,-0.0961818181818182,"Public",0.478181818181818,1,1
"6816","No","Female",0.852,18.067,0.528909090909091,"Catholic",0.323090909090909,1,0
"6816","No","Female",0.012,10.197,0.528909090909091,"Catholic",-0.516909090909091,1,0
"6816","No","Female",0.652,18.997,0.528909090909091,"Catholic",0.123090909090909,1,0
"6816","Yes","Female",0.742,14.991,0.528909090909091,"Catholic",0.213090909090909,1,0
"6816","Yes","Female",-0.128,17.604,0.528909090909091,"Catholic",-0.656909090909091,1,0
"6816","Yes","Female",1.512,11.411,0.528909090909091,"Catholic",0.983090909090909,1,0
"6816","Yes","Female",-0.408,15.337,0.528909090909091,"Catholic",-0.936909090909091,1,0
"6816","Yes","Female",0.472,22.006,0.528909090909091,"Catholic",-0.0569090909090909,1,0
"6816","Yes","Female",0.682,8.156,0.528909090909091,"Catholic",0.153090909090909,1,0
"6816","Yes","Female",0.882,17.516,0.528909090909091,"Catholic",0.353090909090909,1,0
"6816","Yes","Female",0.112,17.826,0.528909090909091,"Catholic",-0.416909090909091,1,0
"6816","Yes","Female",0.062,8.233,0.528909090909091,"Catholic",-0.466909090909091,1,0
"6816","Yes","Female",0.002,9.092,0.528909090909091,"Catholic",-0.526909090909091,1,0
"6816","Yes","Female",0.952,14.861,0.528909090909091,"Catholic",0.423090909090909,1,0
"6816","Yes","Female",0.362,16.103,0.528909090909091,"Catholic",-0.166909090909091,1,0
"6816","Yes","Female",1.122,17.409,0.528909090909091,"Catholic",0.593090909090909,1,0
"6816","No","Female",1.212,8.713,0.528909090909091,"Catholic",0.683090909090909,1,0
"6816","No","Female",0.302,20.303,0.528909090909091,"Catholic",-0.226909090909091,1,0
"6816","Yes","Female",1.512,17.187,0.528909090909091,"Catholic",0.983090909090909,1,0
"6816","Yes","Female",1.342,22.559,0.528909090909091,"Catholic",0.813090909090909,1,0
"6816","Yes","Female",1.222,9.944,0.528909090909091,"Catholic",0.693090909090909,1,0
"6816","Yes","Female",-0.188,16.649,0.528909090909091,"Catholic",-0.716909090909091,1,0
"6816","No","Female",0.132,3.619,0.528909090909091,"Catholic",-0.396909090909091,1,0
"6816","Yes","Female",0.452,12.884,0.528909090909091,"Catholic",-0.0769090909090909,1,0
"6816","Yes","Female",1.062,9.413,0.528909090909091,"Catholic",0.533090909090909,1,0
"6816","No","Female",0.272,16.777,0.528909090909091,"Catholic",-0.256909090909091,1,0
"6816","Yes","Female",-2.838,8.654,0.528909090909091,"Catholic",-3.36690909090909,1,0
"6816","Yes","Female",0.192,14.344,0.528909090909091,"Catholic",-0.336909090909091,1,0
"6816","Yes","Female",0.712,11.339,0.528909090909091,"Catholic",0.183090909090909,1,0
"6816","No","Female",1.262,12.531,0.528909090909091,"Catholic",0.733090909090909,1,0
"6816","Yes","Female",-0.138,18.285,0.528909090909091,"Catholic",-0.666909090909091,1,0
"6816","Yes","Female",0.902,16.411,0.528909090909091,"Catholic",0.373090909090909,1,0
"6816","Yes","Female",0.772,15.284,0.528909090909091,"Catholic",0.243090909090909,1,0
"6816","Yes","Female",0.912,21.191,0.528909090909091,"Catholic",0.383090909090909,1,0
"6816","Yes","Female",0.402,15.014,0.528909090909091,"Catholic",-0.126909090909091,1,0
"6816","Yes","Female",0.542,13.117,0.528909090909091,"Catholic",0.0130909090909092,1,0
"6816","Yes","Female",-0.148,16.446,0.528909090909091,"Catholic",-0.676909090909091,1,0
"6816","Yes","Female",1.512,21.29,0.528909090909091,"Catholic",0.983090909090909,1,0
"6816","Yes","Female",1.162,15.456,0.528909090909091,"Catholic",0.633090909090909,1,0
"6816","Yes","Female",1.072,18.791,0.528909090909091,"Catholic",0.543090909090909,1,0
"6816","Yes","Female",-0.068,15.611,0.528909090909091,"Catholic",-0.596909090909091,1,0
"6816","Yes","Female",0.672,7.412,0.528909090909091,"Catholic",0.143090909090909,1,0
"6816","Yes","Female",0.942,19.041,0.528909090909091,"Catholic",0.413090909090909,1,0
"6816","Yes","Female",0.152,16.967,0.528909090909091,"Catholic",-0.376909090909091,1,0
"6816","Yes","Female",0.192,1.162,0.528909090909091,"Catholic",-0.336909090909091,1,0
"6816","No","Female",0.902,11.937,0.528909090909091,"Catholic",0.373090909090909,1,0
"6816","Yes","Female",1.342,13.012,0.528909090909091,"Catholic",0.813090909090909,1,0
"6816","Yes","Female",1.032,17.248,0.528909090909091,"Catholic",0.503090909090909,1,0
"6816","Yes","Female",-0.388,7.492,0.528909090909091,"Catholic",-0.916909090909091,1,0
"6816","Yes","Female",-0.218,21.392,0.528909090909091,"Catholic",-0.746909090909091,1,0
"6816","Yes","Female",0.172,15.733,0.528909090909091,"Catholic",-0.356909090909091,1,0
"6816","Yes","Female",1.082,15.034,0.528909090909091,"Catholic",0.553090909090909,1,0
"6816","No","Female",0.472,15.614,0.528909090909091,"Catholic",-0.0569090909090909,1,0
"6816","Yes","Female",0.132,12.584,0.528909090909091,"Catholic",-0.396909090909091,1,0
"6816","No","Female",1.152,15.357,0.528909090909091,"Catholic",0.623090909090909,1,0
"6897","No","Female",1.512,18.863,0.349551020408163,"Public",1.16244897959184,1,0
"6897","Yes","Male",-0.618,7.705,0.349551020408163,"Public",-0.967551020408163,1,1
"6897","No","Male",0.622,8.411,0.349551020408163,"Public",0.272448979591837,1,1
"6897","No","Male",-0.288,22.004,0.349551020408163,"Public",-0.637551020408163,1,1
"6897","No","Female",1.452,23.503,0.349551020408163,"Public",1.10244897959184,1,0
"6897","No","Female",0.392,17.527,0.349551020408163,"Public",0.0424489795918367,1,0
"6897","No","Female",0.632,22.7,0.349551020408163,"Public",0.282448979591837,1,0
"6897","No","Male",0.792,10.148,0.349551020408163,"Public",0.442448979591837,1,1
"6897","No","Male",0.742,23.397,0.349551020408163,"Public",0.392448979591837,1,1
"6897","Yes","Male",-0.798,4.638,0.349551020408163,"Public",-1.14755102040816,1,1
"6897","No","Female",0.662,17.906,0.349551020408163,"Public",0.312448979591837,1,0
"6897","No","Male",-0.718,11.541,0.349551020408163,"Public",-1.06755102040816,1,1
"6897","No","Female",0.212,21.141,0.349551020408163,"Public",-0.137551020408163,1,0
"6897","Yes","Male",0.082,10.122,0.349551020408163,"Public",-0.267551020408163,1,1
"6897","No","Female",0.402,12.332,0.349551020408163,"Public",0.0524489795918368,1,0
"6897","No","Female",-0.038,16.794,0.349551020408163,"Public",-0.387551020408163,1,0
"6897","No","Male",-0.548,23.923,0.349551020408163,"Public",-0.897551020408163,1,1
"6897","No","Female",0.062,14.57,0.349551020408163,"Public",-0.287551020408163,1,0
"6897","Yes","Female",-0.108,6.405,0.349551020408163,"Public",-0.457551020408163,1,0
"6897","No","Female",1.232,22.123,0.349551020408163,"Public",0.882448979591837,1,0
"6897","No","Male",1.162,19.619,0.349551020408163,"Public",0.812448979591837,1,1
"6897","Yes","Female",0.482,2.251,0.349551020408163,"Public",0.132448979591837,1,0
"6897","No","Female",0.162,14.197,0.349551020408163,"Public",-0.187551020408163,1,0
"6897","No","Male",0.522,10.103,0.349551020408163,"Public",0.172448979591837,1,1
"6897","Yes","Male",-0.888,9.101,0.349551020408163,"Public",-1.23755102040816,1,1
"6897","Yes","Male",-0.388,15.885,0.349551020408163,"Public",-0.737551020408163,1,1
"6897","No","Female",1.012,19.83,0.349551020408163,"Public",0.662448979591837,1,0
"6897","No","Female",0.682,22.292,0.349551020408163,"Public",0.332448979591837,1,0
"6897","No","Female",-0.298,5.157,0.349551020408163,"Public",-0.647551020408163,1,0
"6897","No","Male",1.452,24.479,0.349551020408163,"Public",1.10244897959184,1,1
"6897","No","Female",-0.958,18.66,0.349551020408163,"Public",-1.30755102040816,1,0
"6897","No","Female",0.312,5.358,0.349551020408163,"Public",-0.0375510204081633,1,0
"6897","No","Female",0.872,4.806,0.349551020408163,"Public",0.522448979591837,1,0
"6897","No","Female",1.372,19.245,0.349551020408163,"Public",1.02244897959184,1,0
"6897","No","Female",-0.718,4.33,0.349551020408163,"Public",-1.06755102040816,1,0
"6897","No","Female",0.472,17.255,0.349551020408163,"Public",0.122448979591837,1,0
"6897","No","Female",-0.328,15.281,0.349551020408163,"Public",-0.677551020408163,1,0
"6897","No","Male",1.512,21.416,0.349551020408163,"Public",1.16244897959184,1,1
"6897","No","Male",-0.198,22.857,0.349551020408163,"Public",-0.547551020408163,1,1
"6897","No","Female",0.402,15.944,0.349551020408163,"Public",0.0524489795918368,1,0
"6897","No","Female",0.062,17.972,0.349551020408163,"Public",-0.287551020408163,1,0
"6897","No","Male",1.022,8.188,0.349551020408163,"Public",0.672448979591837,1,1
"6897","Yes","Female",1.372,23.584,0.349551020408163,"Public",1.02244897959184,1,0
"6897","Yes","Female",-1.188,11.309,0.349551020408163,"Public",-1.53755102040816,1,0
"6897","No","Male",1.312,19.303,0.349551020408163,"Public",0.962448979591837,1,1
"6897","No","Female",0.032,1.813,0.349551020408163,"Public",-0.317551020408163,1,0
"6897","No","Male",1.312,17.423,0.349551020408163,"Public",0.962448979591837,1,1
"6897","No","Male",0.832,16.543,0.349551020408163,"Public",0.482448979591837,1,1
"6897","No","Female",0.052,19.83,0.349551020408163,"Public",-0.297551020408163,1,0
"6990","Yes","Female",-1.648,2.509,-0.489698113207547,"Public",-1.15830188679245,1,0
"6990","Yes","Female",1.292,4.756,-0.489698113207547,"Public",1.78169811320755,1,0
"6990","Yes","Female",-1.068,15.756,-0.489698113207547,"Public",-0.578301886792453,1,0
"6990","Yes","Female",0.162,0.037,-0.489698113207547,"Public",0.651698113207547,1,0
"6990","Yes","Male",-0.728,13.484,-0.489698113207547,"Public",-0.238301886792453,1,1
"6990","Yes","Male",-0.028,13.796,-0.489698113207547,"Public",0.461698113207547,1,1
"6990","Yes","Female",0.692,1.645,-0.489698113207547,"Public",1.18169811320755,1,0
"6990","Yes","Female",-0.428,3.654,-0.489698113207547,"Public",0.0616981132075472,1,0
"6990","Yes","Male",0.882,13.667,-0.489698113207547,"Public",1.37169811320755,1,1
"6990","Yes","Female",-1.618,1.291,-0.489698113207547,"Public",-1.12830188679245,1,0
"6990","Yes","Female",0.242,6.232,-0.489698113207547,"Public",0.731698113207547,1,0
"6990","Yes","Female",-0.188,3.513,-0.489698113207547,"Public",0.301698113207547,1,0
"6990","Yes","Female",-0.708,4.522,-0.489698113207547,"Public",-0.218301886792453,1,0
"6990","Yes","Female",0.882,10.237,-0.489698113207547,"Public",1.37169811320755,1,0
"6990","Yes","Male",-0.028,7.262,-0.489698113207547,"Public",0.461698113207547,1,1
"6990","Yes","Male",-0.078,3.715,-0.489698113207547,"Public",0.411698113207547,1,1
"6990","Yes","Male",-0.498,10.817,-0.489698113207547,"Public",-0.00830188679245281,1,1
"6990","Yes","Female",-1.098,5.092,-0.489698113207547,"Public",-0.608301886792453,1,0
"6990","Yes","Male",-0.528,2.855,-0.489698113207547,"Public",-0.0383018867924528,1,1
"6990","Yes","Male",-0.078,3.617,-0.489698113207547,"Public",0.411698113207547,1,1
"6990","Yes","Female",0.292,4.78,-0.489698113207547,"Public",0.781698113207547,1,0
"6990","Yes","Female",-0.448,1.245,-0.489698113207547,"Public",0.0416981132075472,1,0
"6990","Yes","Female",0.022,3.209,-0.489698113207547,"Public",0.511698113207547,1,0
"6990","Yes","Male",-0.348,13.599,-0.489698113207547,"Public",0.141698113207547,1,1
"6990","Yes","Male",-0.628,3.583,-0.489698113207547,"Public",-0.138301886792453,1,1
"6990","Yes","Male",-1.948,10.038,-0.489698113207547,"Public",-1.45830188679245,1,1
"6990","Yes","Male",-0.078,4.895,-0.489698113207547,"Public",0.411698113207547,1,1
"6990","Yes","Female",-0.998,0.261,-0.489698113207547,"Public",-0.508301886792453,1,0
"6990","Yes","Male",-0.348,19.432,-0.489698113207547,"Public",0.141698113207547,1,1
"6990","Yes","Male",-1.028,4.568,-0.489698113207547,"Public",-0.538301886792453,1,1
"6990","Yes","Male",-0.298,-0.626,-0.489698113207547,"Public",0.191698113207547,1,1
"6990","Yes","Female",-2.148,4.285,-0.489698113207547,"Public",-1.65830188679245,1,0
"6990","Yes","Female",-2.508,3.36,-0.489698113207547,"Public",-2.01830188679245,1,0
"6990","Yes","Male",-0.588,15.164,-0.489698113207547,"Public",-0.0983018867924528,1,1
"6990","Yes","Female",1.062,16.015,-0.489698113207547,"Public",1.55169811320755,1,0
"6990","Yes","Female",-0.908,10.389,-0.489698113207547,"Public",-0.418301886792453,1,0
"6990","Yes","Female",-1.418,10.011,-0.489698113207547,"Public",-0.928301886792453,1,0
"6990","Yes","Male",-0.448,-2.832,-0.489698113207547,"Public",0.0416981132075472,1,1
"6990","Yes","Male",-1.708,2.6,-0.489698113207547,"Public",-1.21830188679245,1,1
"6990","Yes","Female",-0.618,0.819,-0.489698113207547,"Public",-0.128301886792453,1,0
"6990","Yes","Female",-0.928,5.078,-0.489698113207547,"Public",-0.438301886792453,1,0
"6990","Yes","Female",-0.828,9.268,-0.489698113207547,"Public",-0.338301886792453,1,0
"6990","Yes","Female",0.352,7.944,-0.489698113207547,"Public",0.841698113207547,1,0
"6990","Yes","Female",0.412,15.832,-0.489698113207547,"Public",0.901698113207547,1,0
"6990","Yes","Male",-1.708,3.357,-0.489698113207547,"Public",-1.21830188679245,1,1
"6990","Yes","Female",-0.118,7.77,-0.489698113207547,"Public",0.371698113207547,1,0
"6990","Yes","Male",1.262,0.035,-0.489698113207547,"Public",1.75169811320755,1,1
"6990","Yes","Female",-1.498,-1.929,-0.489698113207547,"Public",-1.00830188679245,1,0
"6990","Yes","Female",-1.228,4.293,-0.489698113207547,"Public",-0.738301886792453,1,0
"6990","Yes","Female",-0.658,1.785,-0.489698113207547,"Public",-0.168301886792453,1,0
"6990","Yes","Male",-1.048,8.875,-0.489698113207547,"Public",-0.558301886792453,1,1
"6990","Yes","Female",-0.528,0.401,-0.489698113207547,"Public",-0.0383018867924528,1,0
"6990","Yes","Female",0.222,0.809,-0.489698113207547,"Public",0.711698113207547,1,0
"7011","No","Male",0.522,9.581,-0.0313333333333333,"Catholic",0.553333333333333,1,1
"7011","No","Male",-0.378,7.429,-0.0313333333333333,"Catholic",-0.346666666666667,1,1
"7011","No","Female",-0.468,14.777,-0.0313333333333333,"Catholic",-0.436666666666667,1,0
"7011","No","Female",-0.258,8.537,-0.0313333333333333,"Catholic",-0.226666666666667,1,0
"7011","No","Female",0.062,13.103,-0.0313333333333333,"Catholic",0.0933333333333333,1,0
"7011","No","Male",-0.458,8.768,-0.0313333333333333,"Catholic",-0.426666666666667,1,1
"7011","No","Female",0.422,13.102,-0.0313333333333333,"Catholic",0.453333333333333,1,0
"7011","No","Male",-0.408,9.919,-0.0313333333333333,"Catholic",-0.376666666666667,1,1
"7011","No","Male",-0.138,13.842,-0.0313333333333333,"Catholic",-0.106666666666667,1,1
"7011","No","Female",-1.278,2.799,-0.0313333333333333,"Catholic",-1.24666666666667,1,0
"7011","No","Male",0.182,11.29,-0.0313333333333333,"Catholic",0.213333333333333,1,1
"7011","No","Female",1.212,17.659,-0.0313333333333333,"Catholic",1.24333333333333,1,0
"7011","No","Female",0.542,19.234,-0.0313333333333333,"Catholic",0.573333333333333,1,0
"7011","No","Male",-0.248,20.773,-0.0313333333333333,"Catholic",-0.216666666666667,1,1
"7011","No","Male",0.612,23.558,-0.0313333333333333,"Catholic",0.643333333333333,1,1
"7011","No","Female",-0.258,0.165,-0.0313333333333333,"Catholic",-0.226666666666667,1,0
"7011","No","Male",0.562,20.081,-0.0313333333333333,"Catholic",0.593333333333333,1,1
"7011","No","Female",1.162,16.699,-0.0313333333333333,"Catholic",1.19333333333333,1,0
"7011","No","Male",0.282,22.382,-0.0313333333333333,"Catholic",0.313333333333333,1,1
"7011","No","Female",0.072,24.993,-0.0313333333333333,"Catholic",0.103333333333333,1,0
"7011","No","Female",-0.628,22.402,-0.0313333333333333,"Catholic",-0.596666666666667,1,0
"7011","No","Male",-0.158,11.839,-0.0313333333333333,"Catholic",-0.126666666666667,1,1
"7011","No","Male",-1.008,5.501,-0.0313333333333333,"Catholic",-0.976666666666667,1,1
"7011","No","Male",0.152,8.319,-0.0313333333333333,"Catholic",0.183333333333333,1,1
"7011","No","Female",-1.108,8.513,-0.0313333333333333,"Catholic",-1.07666666666667,1,0
"7011","No","Female",-0.328,16.289,-0.0313333333333333,"Catholic",-0.296666666666667,1,0
"7011","No","Female",-0.768,7.472,-0.0313333333333333,"Catholic",-0.736666666666667,1,0
"7011","No","Female",0.602,17.555,-0.0313333333333333,"Catholic",0.633333333333333,1,0
"7011","No","Male",0.672,17.094,-0.0313333333333333,"Catholic",0.703333333333333,1,1
"7011","No","Male",-0.548,17.611,-0.0313333333333333,"Catholic",-0.516666666666667,1,1
"7011","No","Female",0.852,18.305,-0.0313333333333333,"Catholic",0.883333333333333,1,0
"7011","No","Male",-0.098,12.744,-0.0313333333333333,"Catholic",-0.0666666666666667,1,1
"7011","No","Female",-0.408,13.513,-0.0313333333333333,"Catholic",-0.376666666666667,1,0
"7101","No","Female",0.932,14.438,0.00700000000000002,"Public",0.925,1,0
"7101","No","Male",0.072,21.741,0.00700000000000002,"Public",0.065,1,1
"7101","No","Female",0.252,5.533,0.00700000000000002,"Public",0.245,1,0
"7101","No","Male",1.112,3.597,0.00700000000000002,"Public",1.105,1,1
"7101","No","Female",0.482,6.826,0.00700000000000002,"Public",0.475,1,0
"7101","No","Female",-0.108,10.183,0.00700000000000002,"Public",-0.115,1,0
"7101","No","Male",0.062,15.161,0.00700000000000002,"Public",0.055,1,1
"7101","Yes","Male",-1.698,14.256,0.00700000000000002,"Public",-1.705,1,1
"7101","Yes","Male",-0.228,7.209,0.00700000000000002,"Public",-0.235,1,1
"7101","No","Female",-0.578,12.078,0.00700000000000002,"Public",-0.585,1,0
"7101","No","Male",0.472,22.113,0.00700000000000002,"Public",0.465,1,1
"7101","Yes","Male",-1.168,4.034,0.00700000000000002,"Public",-1.175,1,1
"7101","No","Male",0.832,17.085,0.00700000000000002,"Public",0.825,1,1
"7101","No","Female",1.262,16.251,0.00700000000000002,"Public",1.255,1,0
"7101","No","Female",-0.648,16.585,0.00700000000000002,"Public",-0.655,1,0
"7101","No","Female",0.422,16.188,0.00700000000000002,"Public",0.415,1,0
"7101","No","Male",0.672,17.206,0.00700000000000002,"Public",0.665,1,1
"7101","No","Male",-0.238,19.483,0.00700000000000002,"Public",-0.245,1,1
"7101","Yes","Male",-0.428,6.271,0.00700000000000002,"Public",-0.435,1,1
"7101","No","Male",-0.618,9.223,0.00700000000000002,"Public",-0.625,1,1
"7101","No","Male",-0.968,4.534,0.00700000000000002,"Public",-0.975,1,1
"7101","Yes","Male",-0.478,13.684,0.00700000000000002,"Public",-0.485,1,1
"7101","No","Male",-1.258,9.401,0.00700000000000002,"Public",-1.265,1,1
"7101","Yes","Female",0.892,12.063,0.00700000000000002,"Public",0.885,1,0
"7101","No","Male",0.902,22.906,0.00700000000000002,"Public",0.895,1,1
"7101","Yes","Male",0.502,0.803,0.00700000000000002,"Public",0.495,1,1
"7101","No","Female",-1.158,10.145,0.00700000000000002,"Public",-1.165,1,0
"7101","No","Female",0.902,2.801,0.00700000000000002,"Public",0.895,1,0
"7172","Yes","Female",-0.898,7.054,-0.289818181818182,"Catholic",-0.608181818181818,1,0
"7172","Yes","Female",-0.138,-0.602,-0.289818181818182,"Catholic",0.151818181818182,1,0
"7172","Yes","Female",0.462,5.549,-0.289818181818182,"Catholic",0.751818181818182,1,0
"7172","Yes","Male",0.002,14.331,-0.289818181818182,"Catholic",0.291818181818182,1,1
"7172","Yes","Female",-0.778,3.452,-0.289818181818182,"Catholic",-0.488181818181818,1,0
"7172","No","Male",-1.358,3.828,-0.289818181818182,"Catholic",-1.06818181818182,1,1
"7172","Yes","Female",-1.228,3.552,-0.289818181818182,"Catholic",-0.938181818181818,1,0
"7172","Yes","Female",-0.198,2.342,-0.289818181818182,"Catholic",0.0918181818181818,1,0
"7172","Yes","Male",-0.628,9.915,-0.289818181818182,"Catholic",-0.338181818181818,1,1
"7172","Yes","Female",-0.348,11.563,-0.289818181818182,"Catholic",-0.0581818181818182,1,0
"7172","Yes","Male",0.202,19.899,-0.289818181818182,"Catholic",0.491818181818182,1,1
"7172","Yes","Female",-0.218,6.303,-0.289818181818182,"Catholic",0.0718181818181818,1,0
"7172","Yes","Male",0.202,4.518,-0.289818181818182,"Catholic",0.491818181818182,1,1
"7172","Yes","Male",-0.108,10.579,-0.289818181818182,"Catholic",0.181818181818182,1,1
"7172","Yes","Male",-0.428,7.189,-0.289818181818182,"Catholic",-0.138181818181818,1,1
"7172","Yes","Male",-1.498,0.62,-0.289818181818182,"Catholic",-1.20818181818182,1,1
"7172","Yes","Female",-0.098,1.43,-0.289818181818182,"Catholic",0.191818181818182,1,0
"7172","Yes","Female",0.242,4.686,-0.289818181818182,"Catholic",0.531818181818182,1,0
"7172","Yes","Female",-0.908,13.351,-0.289818181818182,"Catholic",-0.618181818181818,1,0
"7172","Yes","Male",0.512,2.003,-0.289818181818182,"Catholic",0.801818181818182,1,1
"7172","No","Male",0.182,7.918,-0.289818181818182,"Catholic",0.471818181818182,1,1
"7172","Yes","Male",0.592,14.899,-0.289818181818182,"Catholic",0.881818181818182,1,1
"7172","Yes","Male",-0.278,2.382,-0.289818181818182,"Catholic",0.0118181818181818,1,1
"7172","Yes","Male",0.482,7.107,-0.289818181818182,"Catholic",0.771818181818182,1,1
"7172","Yes","Male",0.562,13.85,-0.289818181818182,"Catholic",0.851818181818182,1,1
"7172","Yes","Male",0.252,3.951,-0.289818181818182,"Catholic",0.541818181818182,1,1
"7172","Yes","Female",-0.958,5.788,-0.289818181818182,"Catholic",-0.668181818181818,1,0
"7172","Yes","Female",-0.558,7.011,-0.289818181818182,"Catholic",-0.268181818181818,1,0
"7172","Yes","Male",-0.538,17.967,-0.289818181818182,"Catholic",-0.248181818181818,1,1
"7172","Yes","Female",-1.078,10.044,-0.289818181818182,"Catholic",-0.788181818181818,1,0
"7172","Yes","Male",-0.708,3.243,-0.289818181818182,"Catholic",-0.418181818181818,1,1
"7172","Yes","Male",0.262,11.458,-0.289818181818182,"Catholic",0.551818181818182,1,1
"7172","Yes","Male",-1.388,1.098,-0.289818181818182,"Catholic",-1.09818181818182,1,1
"7172","Yes","Female",-0.908,4.416,-0.289818181818182,"Catholic",-0.618181818181818,1,0
"7172","Yes","Female",0.482,13.097,-0.289818181818182,"Catholic",0.771818181818182,1,0
"7172","Yes","Female",1.152,13.349,-0.289818181818182,"Catholic",1.44181818181818,1,0
"7172","Yes","Male",-1.028,18.938,-0.289818181818182,"Catholic",-0.738181818181818,1,1
"7172","Yes","Male",1.052,9.486,-0.289818181818182,"Catholic",1.34181818181818,1,1
"7172","Yes","Female",-0.558,8.399,-0.289818181818182,"Catholic",-0.268181818181818,1,0
"7172","Yes","Female",-0.048,-2.116,-0.289818181818182,"Catholic",0.241818181818182,1,0
"7172","Yes","Female",0.202,10.083,-0.289818181818182,"Catholic",0.491818181818182,1,0
"7172","Yes","Female",-0.478,6.615,-0.289818181818182,"Catholic",-0.188181818181818,1,0
"7172","Yes","Male",-1.448,17.276,-0.289818181818182,"Catholic",-1.15818181818182,1,1
"7172","No","Female",-0.788,17.119,-0.289818181818182,"Catholic",-0.498181818181818,1,0
"7232","Yes","Male",0.502,2.633,-0.0901153846153846,"Public",0.592115384615385,1,1
"7232","No","Male",-1.068,2.934,-0.0901153846153846,"Public",-0.977884615384615,1,1
"7232","No","Female",0.232,10.348,-0.0901153846153846,"Public",0.322115384615385,1,0
"7232","No","Female",0.422,14.9,-0.0901153846153846,"Public",0.512115384615385,1,0
"7232","No","Female",-0.688,14.46,-0.0901153846153846,"Public",-0.597884615384615,1,0
"7232","No","Female",0.042,15.273,-0.0901153846153846,"Public",0.132115384615385,1,0
"7232","No","Female",-0.048,-0.438,-0.0901153846153846,"Public",0.0421153846153846,1,0
"7232","No","Male",-0.068,4.135,-0.0901153846153846,"Public",0.0221153846153846,1,1
"7232","No","Male",-0.348,17.988,-0.0901153846153846,"Public",-0.257884615384615,1,1
"7232","No","Female",-0.498,10.087,-0.0901153846153846,"Public",-0.407884615384615,1,0
"7232","No","Male",-1.348,2.665,-0.0901153846153846,"Public",-1.25788461538462,1,1
"7232","No","Female",-0.178,14.561,-0.0901153846153846,"Public",-0.0878846153846154,1,0
"7232","No","Female",0.972,14.241,-0.0901153846153846,"Public",1.06211538461538,1,0
"7232","No","Female",-0.538,13.944,-0.0901153846153846,"Public",-0.447884615384615,1,0
"7232","No","Female",-0.788,-0.519,-0.0901153846153846,"Public",-0.697884615384615,1,0
"7232","No","Male",-0.018,-0.955,-0.0901153846153846,"Public",0.0721153846153846,1,1
"7232","No","Female",-0.368,21.628,-0.0901153846153846,"Public",-0.277884615384615,1,0
"7232","No","Female",-0.238,5.879,-0.0901153846153846,"Public",-0.147884615384615,1,0
"7232","No","Female",0.332,17.001,-0.0901153846153846,"Public",0.422115384615385,1,0
"7232","No","Male",-0.518,12.577,-0.0901153846153846,"Public",-0.427884615384615,1,1
"7232","No","Female",-0.228,2.607,-0.0901153846153846,"Public",-0.137884615384615,1,0
"7232","No","Male",0.602,24.182,-0.0901153846153846,"Public",0.692115384615385,1,1
"7232","No","Male",0.182,20.206,-0.0901153846153846,"Public",0.272115384615385,1,1
"7232","No","Female",-0.718,10.588,-0.0901153846153846,"Public",-0.627884615384615,1,0
"7232","No","Female",-0.998,13.584,-0.0901153846153846,"Public",-0.907884615384615,1,0
"7232","No","Female",-0.718,15.887,-0.0901153846153846,"Public",-0.627884615384615,1,0
"7232","No","Male",-0.428,2.008,-0.0901153846153846,"Public",-0.337884615384615,1,1
"7232","No","Male",-0.648,15.343,-0.0901153846153846,"Public",-0.557884615384615,1,1
"7232","Yes","Female",-0.148,15.711,-0.0901153846153846,"Public",-0.0578846153846154,1,0
"7232","No","Female",0.482,9.32,-0.0901153846153846,"Public",0.572115384615385,1,0
"7232","No","Female",-1.418,6.258,-0.0901153846153846,"Public",-1.32788461538462,1,0
"7232","No","Female",0.652,19.301,-0.0901153846153846,"Public",0.742115384615385,1,0
"7232","No","Male",-0.028,12.215,-0.0901153846153846,"Public",0.0621153846153846,1,1
"7232","No","Male",0.112,8.619,-0.0901153846153846,"Public",0.202115384615385,1,1
"7232","No","Male",0.592,18.149,-0.0901153846153846,"Public",0.682115384615385,1,1
"7232","Yes","Female",0.032,20.941,-0.0901153846153846,"Public",0.122115384615385,1,0
"7232","No","Female",-0.228,6.694,-0.0901153846153846,"Public",-0.137884615384615,1,0
"7232","Yes","Male",-0.738,16.74,-0.0901153846153846,"Public",-0.647884615384615,1,1
"7232","No","Male",1.292,20.275,-0.0901153846153846,"Public",1.38211538461538,1,1
"7232","No","Female",0.082,17.025,-0.0901153846153846,"Public",0.172115384615385,1,0
"7232","No","Male",0.582,18.073,-0.0901153846153846,"Public",0.672115384615385,1,1
"7232","No","Female",-0.288,10.795,-0.0901153846153846,"Public",-0.197884615384615,1,0
"7232","Yes","Male",0.092,13.695,-0.0901153846153846,"Public",0.182115384615385,1,1
"7232","Yes","Female",-0.338,16.278,-0.0901153846153846,"Public",-0.247884615384615,1,0
"7232","No","Male",0.362,15.821,-0.0901153846153846,"Public",0.452115384615385,1,1
"7232","No","Male",0.442,23.591,-0.0901153846153846,"Public",0.532115384615385,1,1
"7232","No","Female",0.282,11.893,-0.0901153846153846,"Public",0.372115384615385,1,0
"7232","No","Female",0.782,15.302,-0.0901153846153846,"Public",0.872115384615385,1,0
"7232","No","Male",0.082,18.663,-0.0901153846153846,"Public",0.172115384615385,1,1
"7232","No","Male",-0.648,1.81,-0.0901153846153846,"Public",-0.557884615384615,1,1
"7232","No","Female",0.262,16.291,-0.0901153846153846,"Public",0.352115384615385,1,0
"7232","No","Female",0.182,21.01,-0.0901153846153846,"Public",0.272115384615385,1,0
"7276","Yes","Female",-1.188,12.745,0.0782264150943396,"Public",-1.26622641509434,1,0
"7276","No","Female",0.282,16.409,0.0782264150943396,"Public",0.20377358490566,1,0
"7276","No","Male",-0.508,20.652,0.0782264150943396,"Public",-0.58622641509434,1,1
"7276","No","Female",0.102,11.12,0.0782264150943396,"Public",0.0237735849056604,1,0
"7276","No","Female",-0.458,2.113,0.0782264150943396,"Public",-0.53622641509434,1,0
"7276","No","Female",-0.438,4.027,0.0782264150943396,"Public",-0.51622641509434,1,0
"7276","Yes","Male",0.892,4.849,0.0782264150943396,"Public",0.81377358490566,1,1
"7276","No","Female",0.892,7.086,0.0782264150943396,"Public",0.81377358490566,1,0
"7276","No","Male",0.632,24.309,0.0782264150943396,"Public",0.55377358490566,1,1
"7276","Yes","Male",1.142,14.171,0.0782264150943396,"Public",1.06377358490566,1,1
"7276","No","Female",0.532,12.146,0.0782264150943396,"Public",0.45377358490566,1,0
"7276","No","Female",0.572,18.71,0.0782264150943396,"Public",0.49377358490566,1,0
"7276","No","Male",0.912,6.617,0.0782264150943396,"Public",0.83377358490566,1,1
"7276","Yes","Female",-1.398,1.521,0.0782264150943396,"Public",-1.47622641509434,1,0
"7276","No","Female",-0.438,14.184,0.0782264150943396,"Public",-0.51622641509434,1,0
"7276","No","Female",0.372,18.357,0.0782264150943396,"Public",0.29377358490566,1,0
"7276","No","Female",0.442,19.129,0.0782264150943396,"Public",0.36377358490566,1,0
"7276","No","Male",-0.428,18.564,0.0782264150943396,"Public",-0.50622641509434,1,1
"7276","No","Male",-0.858,16.576,0.0782264150943396,"Public",-0.93622641509434,1,1
"7276","Yes","Female",0.032,7.996,0.0782264150943396,"Public",-0.0462264150943396,1,0
"7276","No","Female",0.482,20.853,0.0782264150943396,"Public",0.40377358490566,1,0
"7276","No","Male",0.462,11.596,0.0782264150943396,"Public",0.38377358490566,1,1
"7276","No","Female",0.312,5.935,0.0782264150943396,"Public",0.23377358490566,1,0
"7276","No","Male",-0.468,19.558,0.0782264150943396,"Public",-0.54622641509434,1,1
"7276","No","Female",1.122,11.676,0.0782264150943396,"Public",1.04377358490566,1,0
"7276","No","Female",0.482,11.504,0.0782264150943396,"Public",0.40377358490566,1,0
"7276","No","Male",0.472,14.372,0.0782264150943396,"Public",0.39377358490566,1,1
"7276","No","Male",0.932,24.677,0.0782264150943396,"Public",0.85377358490566,1,1
"7276","No","Male",0.862,15.412,0.0782264150943396,"Public",0.78377358490566,1,1
"7276","No","Male",1.372,24.993,0.0782264150943396,"Public",1.29377358490566,1,1
"7276","No","Male",1.052,17.228,0.0782264150943396,"Public",0.97377358490566,1,1
"7276","No","Male",1.092,20.214,0.0782264150943396,"Public",1.01377358490566,1,1
"7276","Yes","Male",-1.158,6.277,0.0782264150943396,"Public",-1.23622641509434,1,1
"7276","No","Female",-1.218,11.717,0.0782264150943396,"Public",-1.29622641509434,1,0
"7276","No","Female",0.092,4.828,0.0782264150943396,"Public",0.0137735849056604,1,0
"7276","No","Male",0.832,11.937,0.0782264150943396,"Public",0.75377358490566,1,1
"7276","No","Female",-1.098,-1.525,0.0782264150943396,"Public",-1.17622641509434,1,0
"7276","No","Male",-0.678,15.73,0.0782264150943396,"Public",-0.75622641509434,1,1
"7276","No","Female",0.242,13.765,0.0782264150943396,"Public",0.16377358490566,1,0
"7276","No","Male",1.132,21.532,0.0782264150943396,"Public",1.05377358490566,1,1
"7276","Yes","Male",-1.688,3.478,0.0782264150943396,"Public",-1.76622641509434,1,1
"7276","No","Female",-0.588,10.162,0.0782264150943396,"Public",-0.66622641509434,1,0
"7276","Yes","Female",0.782,19.672,0.0782264150943396,"Public",0.70377358490566,1,0
"7276","Yes","Female",-1.498,8.96,0.0782264150943396,"Public",-1.57622641509434,1,0
"7276","Yes","Female",0.382,0.906,0.0782264150943396,"Public",0.30377358490566,1,0
"7276","Yes","Male",-0.568,9.484,0.0782264150943396,"Public",-0.64622641509434,1,1
"7276","Yes","Female",0.142,2.327,0.0782264150943396,"Public",0.0637735849056603,1,0
"7276","No","Female",-0.068,14.292,0.0782264150943396,"Public",-0.14622641509434,1,0
"7276","Yes","Female",-0.738,7.318,0.0782264150943396,"Public",-0.81622641509434,1,0
"7276","Yes","Male",-0.128,12.319,0.0782264150943396,"Public",-0.20622641509434,1,1
"7276","No","Male",-0.038,14.106,0.0782264150943396,"Public",-0.11622641509434,1,1
"7276","No","Female",0.762,24.479,0.0782264150943396,"Public",0.68377358490566,1,0
"7276","No","Female",-0.018,10.945,0.0782264150943396,"Public",-0.0962264150943396,1,0
"7332","No","Male",-0.128,10.738,0.297,"Catholic",-0.425,1,1
"7332","No","Male",0.672,10.423,0.297,"Catholic",0.375,1,1
"7332","No","Female",0.652,18.759,0.297,"Catholic",0.355,1,0
"7332","No","Female",0.832,7.382,0.297,"Catholic",0.535,1,0
"7332","No","Male",-0.688,3.013,0.297,"Catholic",-0.985,1,1
"7332","No","Female",0.722,24.993,0.297,"Catholic",0.425,1,0
"7332","No","Male",0.912,22.208,0.297,"Catholic",0.615,1,1
"7332","No","Male",-0.118,9.815,0.297,"Catholic",-0.415,1,1
"7332","No","Female",0.782,19.835,0.297,"Catholic",0.485,1,0
"7332","No","Female",-1.378,22.668,0.297,"Catholic",-1.675,1,0
"7332","No","Female",0.192,3.326,0.297,"Catholic",-0.105,1,0
"7332","Yes","Male",-0.488,16.502,0.297,"Catholic",-0.785,1,1
"7332","No","Female",-0.208,9.608,0.297,"Catholic",-0.505,1,0
"7332","No","Male",0.022,18.96,0.297,"Catholic",-0.275,1,1
"7332","No","Male",0.982,16.67,0.297,"Catholic",0.685,1,1
"7332","No","Female",1.062,17.28,0.297,"Catholic",0.765,1,0
"7332","No","Female",1.022,13.347,0.297,"Catholic",0.725,1,0
"7332","No","Female",-0.168,8.05,0.297,"Catholic",-0.465,1,0
"7332","No","Female",0.682,23.141,0.297,"Catholic",0.385,1,0
"7332","No","Female",0.462,9.967,0.297,"Catholic",0.165,1,0
"7332","Yes","Female",0.682,18.054,0.297,"Catholic",0.385,1,0
"7332","Yes","Male",-0.118,7.082,0.297,"Catholic",-0.415,1,1
"7332","No","Male",-0.458,14.873,0.297,"Catholic",-0.755,1,1
"7332","No","Female",-0.918,14.466,0.297,"Catholic",-1.215,1,0
"7332","No","Female",0.712,21.884,0.297,"Catholic",0.415,1,0
"7332","Yes","Female",0.972,15.332,0.297,"Catholic",0.675,1,0
"7332","No","Male",0.982,15.286,0.297,"Catholic",0.685,1,1
"7332","No","Female",0.342,9.899,0.297,"Catholic",0.045,1,0
"7332","No","Male",0.652,21.736,0.297,"Catholic",0.355,1,1
"7332","No","Female",-0.298,13.197,0.297,"Catholic",-0.595,1,0
"7332","No","Female",-0.258,18.423,0.297,"Catholic",-0.555,1,0
"7332","No","Female",0.652,11.627,0.297,"Catholic",0.355,1,0
"7332","No","Male",0.332,10.865,0.297,"Catholic",0.035,1,1
"7332","No","Female",0.652,13.895,0.297,"Catholic",0.355,1,0
"7332","Yes","Female",0.302,10.551,0.297,"Catholic",0.005,1,0
"7332","No","Female",0.492,12.951,0.297,"Catholic",0.195,1,0
"7332","No","Female",-0.808,13.531,0.297,"Catholic",-1.105,1,0
"7332","No","Male",-0.578,22.701,0.297,"Catholic",-0.875,1,1
"7332","No","Female",-0.508,16.114,0.297,"Catholic",-0.805,1,0
"7332","No","Male",1.512,21.6,0.297,"Catholic",1.215,1,1
"7332","No","Male",1.342,18.804,0.297,"Catholic",1.045,1,1
"7332","No","Female",1.342,20.846,0.297,"Catholic",1.045,1,0
"7332","No","Female",0.252,21.184,0.297,"Catholic",-0.045,1,0
"7332","No","Male",0.942,15.917,0.297,"Catholic",0.645,1,1
"7332","No","Female",0.032,6.398,0.297,"Catholic",-0.265,1,0
"7332","Yes","Female",-0.748,4.056,0.297,"Catholic",-1.045,1,0
"7332","Yes","Female",0.692,13.243,0.297,"Catholic",0.395,1,0
"7332","No","Female",0.242,11.333,0.297,"Catholic",-0.055,1,0
"7341","No","Female",-0.558,4.06,-0.164078431372549,"Public",-0.393921568627451,1,0
"7341","Yes","Female",0.172,-1.232,-0.164078431372549,"Public",0.336078431372549,1,0
"7341","Yes","Female",0.202,9.483,-0.164078431372549,"Public",0.366078431372549,1,0
"7341","No","Female",-0.838,14.357,-0.164078431372549,"Public",-0.673921568627451,1,0
"7341","No","Female",-0.008,4.939,-0.164078431372549,"Public",0.156078431372549,1,0
"7341","Yes","Female",-1.988,-0.05,-0.164078431372549,"Public",-1.82392156862745,1,0
"7341","No","Female",-0.328,0.047,-0.164078431372549,"Public",-0.163921568627451,1,0
"7341","No","Female",-0.428,12.076,-0.164078431372549,"Public",-0.263921568627451,1,0
"7341","No","Female",0.092,7.82,-0.164078431372549,"Public",0.256078431372549,1,0
"7341","No","Female",-0.138,-0.706,-0.164078431372549,"Public",0.026078431372549,1,0
"7341","No","Female",-0.458,1.295,-0.164078431372549,"Public",-0.293921568627451,1,0
"7341","No","Female",-0.948,5.705,-0.164078431372549,"Public",-0.783921568627451,1,0
"7341","No","Female",-0.308,13.469,-0.164078431372549,"Public",-0.143921568627451,1,0
"7341","No","Male",0.182,12.893,-0.164078431372549,"Public",0.346078431372549,1,1
"7341","No","Male",-0.008,10.255,-0.164078431372549,"Public",0.156078431372549,1,1
"7341","No","Male",-0.218,13.271,-0.164078431372549,"Public",-0.053921568627451,1,1
"7341","No","Male",-1.668,4.476,-0.164078431372549,"Public",-1.50392156862745,1,1
"7341","No","Male",-0.258,11.852,-0.164078431372549,"Public",-0.093921568627451,1,1
"7341","No","Male",0.442,10.977,-0.164078431372549,"Public",0.606078431372549,1,1
"7341","No","Male",1.012,15.073,-0.164078431372549,"Public",1.17607843137255,1,1
"7341","No","Male",-0.018,13.021,-0.164078431372549,"Public",0.146078431372549,1,1
"7341","Yes","Male",-0.758,4.417,-0.164078431372549,"Public",-0.593921568627451,1,1
"7341","No","Male",-0.428,11.132,-0.164078431372549,"Public",-0.263921568627451,1,1
"7341","No","Male",0.502,4.55,-0.164078431372549,"Public",0.666078431372549,1,1
"7341","Yes","Male",-1.648,3.711,-0.164078431372549,"Public",-1.48392156862745,1,1
"7341","No","Male",-0.518,10.54,-0.164078431372549,"Public",-0.353921568627451,1,1
"7341","No","Male",-0.148,14.716,-0.164078431372549,"Public",0.016078431372549,1,1
"7341","No","Male",1.122,18.152,-0.164078431372549,"Public",1.28607843137255,1,1
"7341","No","Male",0.442,17.5,-0.164078431372549,"Public",0.606078431372549,1,1
"7341","No","Male",0.822,14.978,-0.164078431372549,"Public",0.986078431372549,1,1
"7341","No","Male",0.772,17.537,-0.164078431372549,"Public",0.936078431372549,1,1
"7341","No","Male",-0.618,20.828,-0.164078431372549,"Public",-0.453921568627451,1,1
"7341","No","Male",-1.008,13.108,-0.164078431372549,"Public",-0.843921568627451,1,1
"7341","Yes","Female",2.692,6.234,-0.164078431372549,"Public",2.85607843137255,1,0
"7341","No","Female",0.542,11.892,-0.164078431372549,"Public",0.706078431372549,1,0
"7341","No","Female",-0.138,17.709,-0.164078431372549,"Public",0.026078431372549,1,0
"7341","No","Female",-0.228,7.078,-0.164078431372549,"Public",-0.063921568627451,1,0
"7341","No","Female",-0.468,13.557,-0.164078431372549,"Public",-0.303921568627451,1,0
"7341","Yes","Female",-1.808,11.325,-0.164078431372549,"Public",-1.64392156862745,1,0
"7341","No","Female",0.022,13.174,-0.164078431372549,"Public",0.186078431372549,1,0
"7341","No","Female",-0.038,5.041,-0.164078431372549,"Public",0.126078431372549,1,0
"7341","No","Female",0.152,11.316,-0.164078431372549,"Public",0.316078431372549,1,0
"7341","Yes","Female",-1.038,4.216,-0.164078431372549,"Public",-0.873921568627451,1,0
"7341","No","Female",-0.458,11.518,-0.164078431372549,"Public",-0.293921568627451,1,0
"7341","Yes","Female",-0.578,9.109,-0.164078431372549,"Public",-0.413921568627451,1,0
"7341","Yes","Female",-0.058,12.912,-0.164078431372549,"Public",0.106078431372549,1,0
"7341","No","Female",1.342,11.537,-0.164078431372549,"Public",1.50607843137255,1,0
"7341","No","Female",0.462,6.65,-0.164078431372549,"Public",0.626078431372549,1,0
"7341","Yes","Female",0.202,5.23,-0.164078431372549,"Public",0.366078431372549,1,0
"7341","Yes","Female",-1.948,8.87,-0.164078431372549,"Public",-1.78392156862745,1,0
"7341","No","Female",0.512,17.885,-0.164078431372549,"Public",0.676078431372549,1,0
"7342","Yes","Male",-1.348,9.304,-0.447827586206897,"Catholic",-0.900172413793104,1,1
"7342","No","Male",-0.898,11.609,-0.447827586206897,"Catholic",-0.450172413793103,1,1
"7342","No","Male",-0.748,23.271,-0.447827586206897,"Catholic",-0.300172413793103,1,1
"7342","No","Male",0.222,15.179,-0.447827586206897,"Catholic",0.669827586206897,1,1
"7342","No","Male",-0.798,18.183,-0.447827586206897,"Catholic",-0.350172413793103,1,1
"7342","Yes","Male",-0.218,8.335,-0.447827586206897,"Catholic",0.229827586206897,1,1
"7342","No","Male",-1.298,9.589,-0.447827586206897,"Catholic",-0.850172413793103,1,1
"7342","Yes","Male",-0.778,20.655,-0.447827586206897,"Catholic",-0.330172413793103,1,1
"7342","Yes","Male",0.632,4.315,-0.447827586206897,"Catholic",1.0798275862069,1,1
"7342","Yes","Male",-0.898,9.176,-0.447827586206897,"Catholic",-0.450172413793103,1,1
"7342","No","Male",0.222,19.443,-0.447827586206897,"Catholic",0.669827586206897,1,1
"7342","Yes","Male",0.002,8.394,-0.447827586206897,"Catholic",0.449827586206897,1,1
"7342","No","Male",-0.338,0.848,-0.447827586206897,"Catholic",0.109827586206897,1,1
"7342","No","Male",-0.138,14.099,-0.447827586206897,"Catholic",0.309827586206897,1,1
"7342","Yes","Male",-0.808,19.847,-0.447827586206897,"Catholic",-0.360172413793103,1,1
"7342","Yes","Male",-1.438,4.093,-0.447827586206897,"Catholic",-0.990172413793103,1,1
"7342","No","Male",-0.618,7.57,-0.447827586206897,"Catholic",-0.170172413793103,1,1
"7342","No","Male",-0.718,13.848,-0.447827586206897,"Catholic",-0.270172413793103,1,1
"7342","Yes","Male",-0.048,4.335,-0.447827586206897,"Catholic",0.399827586206897,1,1
"7342","No","Male",-0.478,19.461,-0.447827586206897,"Catholic",-0.0301724137931034,1,1
"7342","No","Male",-0.548,4.633,-0.447827586206897,"Catholic",-0.100172413793103,1,1
"7342","No","Male",-0.188,4.406,-0.447827586206897,"Catholic",0.259827586206897,1,1
"7342","Yes","Male",-0.368,13.098,-0.447827586206897,"Catholic",0.0798275862068966,1,1
"7342","No","Male",-0.558,2.032,-0.447827586206897,"Catholic",-0.110172413793103,1,1
"7342","Yes","Male",1.042,15.918,-0.447827586206897,"Catholic",1.4898275862069,1,1
"7342","No","Male",-0.248,12.821,-0.447827586206897,"Catholic",0.199827586206897,1,1
"7342","Yes","Male",-1.098,4.383,-0.447827586206897,"Catholic",-0.650172413793104,1,1
"7342","No","Male",-0.938,10.365,-0.447827586206897,"Catholic",-0.490172413793103,1,1
"7342","No","Male",-0.898,14.181,-0.447827586206897,"Catholic",-0.450172413793103,1,1
"7342","No","Male",-0.718,15.33,-0.447827586206897,"Catholic",-0.270172413793103,1,1
"7342","No","Male",-1.418,3.683,-0.447827586206897,"Catholic",-0.970172413793103,1,1
"7342","No","Male",-0.418,17.31,-0.447827586206897,"Catholic",0.0298275862068966,1,1
"7342","Yes","Male",0.352,11.661,-0.447827586206897,"Catholic",0.799827586206897,1,1
"7342","No","Male",-0.398,19.773,-0.447827586206897,"Catholic",0.0498275862068965,1,1
"7342","No","Male",-0.078,9.156,-0.447827586206897,"Catholic",0.369827586206897,1,1
"7342","No","Male",-0.418,10.637,-0.447827586206897,"Catholic",0.0298275862068966,1,1
"7342","No","Male",-1.478,21.879,-0.447827586206897,"Catholic",-1.0301724137931,1,1
"7342","No","Male",-0.768,1.103,-0.447827586206897,"Catholic",-0.320172413793103,1,1
"7342","Yes","Male",-0.878,13.31,-0.447827586206897,"Catholic",-0.430172413793103,1,1
"7342","No","Male",-0.588,7.531,-0.447827586206897,"Catholic",-0.140172413793103,1,1
"7342","Yes","Male",-0.048,10.453,-0.447827586206897,"Catholic",0.399827586206897,1,1
"7342","Yes","Male",-0.628,18.226,-0.447827586206897,"Catholic",-0.180172413793103,1,1
"7342","Yes","Male",-0.678,1.187,-0.447827586206897,"Catholic",-0.230172413793103,1,1
"7342","Yes","Male",0.742,8.283,-0.447827586206897,"Catholic",1.1898275862069,1,1
"7342","No","Male",0.032,17.28,-0.447827586206897,"Catholic",0.479827586206897,1,1
"7342","Yes","Male",-1.088,15.449,-0.447827586206897,"Catholic",-0.640172413793104,1,1
"7342","No","Male",-0.328,6.923,-0.447827586206897,"Catholic",0.119827586206897,1,1
"7342","Yes","Male",0.032,5.529,-0.447827586206897,"Catholic",0.479827586206897,1,1
"7342","No","Male",-0.158,19.098,-0.447827586206897,"Catholic",0.289827586206897,1,1
"7342","No","Male",0.862,11.664,-0.447827586206897,"Catholic",1.3098275862069,1,1
"7342","No","Male",-0.018,10.033,-0.447827586206897,"Catholic",0.429827586206897,1,1
"7342","No","Male",-0.308,13.328,-0.447827586206897,"Catholic",0.139827586206897,1,1
"7342","No","Male",-0.658,5.418,-0.447827586206897,"Catholic",-0.210172413793103,1,1
"7342","No","Male",0.152,20.02,-0.447827586206897,"Catholic",0.599827586206897,1,1
"7342","No","Male",-1.108,2.956,-0.447827586206897,"Catholic",-0.660172413793104,1,1
"7342","No","Male",-0.188,22.535,-0.447827586206897,"Catholic",0.259827586206897,1,1
"7342","No","Male",-0.978,6.194,-0.447827586206897,"Catholic",-0.530172413793103,1,1
"7342","Yes","Male",-0.508,-1.688,-0.447827586206897,"Catholic",-0.0601724137931035,1,1
"7345","No","Female",0.702,13.068,0.03325,"Public",0.66875,1,0
"7345","Yes","Female",0.002,13.085,0.03325,"Public",-0.03125,1,0
"7345","Yes","Male",-0.078,-0.203,0.03325,"Public",-0.11125,1,1
"7345","Yes","Female",-0.588,12.609,0.03325,"Public",-0.62125,1,0
"7345","No","Female",0.762,16.98,0.03325,"Public",0.72875,1,0
"7345","No","Female",0.882,17.983,0.03325,"Public",0.84875,1,0
"7345","No","Female",1.372,12.787,0.03325,"Public",1.33875,1,0
"7345","Yes","Female",-1.528,8.788,0.03325,"Public",-1.56125,1,0
"7345","No","Male",-1.618,11.919,0.03325,"Public",-1.65125,1,1
"7345","No","Female",1.072,22.5,0.03325,"Public",1.03875,1,0
"7345","No","Female",0.692,11.07,0.03325,"Public",0.65875,1,0
"7345","No","Female",1.152,23.585,0.03325,"Public",1.11875,1,0
"7345","Yes","Female",-0.958,7.891,0.03325,"Public",-0.99125,1,0
"7345","No","Male",0.602,0.908,0.03325,"Public",0.56875,1,1
"7345","No","Male",0.932,16.706,0.03325,"Public",0.89875,1,1
"7345","No","Female",-0.738,20.784,0.03325,"Public",-0.77125,1,0
"7345","No","Female",0.672,15.539,0.03325,"Public",0.63875,1,0
"7345","No","Male",-0.188,12.904,0.03325,"Public",-0.22125,1,1
"7345","No","Male",0.692,18.909,0.03325,"Public",0.65875,1,1
"7345","No","Male",0.292,16.652,0.03325,"Public",0.25875,1,1
"7345","No","Male",0.342,7.513,0.03325,"Public",0.30875,1,1
"7345","Yes","Female",0.052,12.848,0.03325,"Public",0.01875,1,0
"7345","Yes","Male",-2.078,13.047,0.03325,"Public",-2.11125,1,1
"7345","No","Female",0.712,16.706,0.03325,"Public",0.67875,1,0
"7345","No","Female",0.352,1.817,0.03325,"Public",0.31875,1,0
"7345","Yes","Male",0.132,4.215,0.03325,"Public",0.09875,1,1
"7345","Yes","Female",-1.358,4.6,0.03325,"Public",-1.39125,1,0
"7345","No","Male",0.892,22.313,0.03325,"Public",0.85875,1,1
"7345","No","Male",1.282,24.993,0.03325,"Public",1.24875,1,1
"7345","No","Female",-1.048,5.926,0.03325,"Public",-1.08125,1,0
"7345","No","Male",0.452,12.123,0.03325,"Public",0.41875,1,1
"7345","Yes","Male",-0.988,1.442,0.03325,"Public",-1.02125,1,1
"7345","No","Male",0.082,4.023,0.03325,"Public",0.04875,1,1
"7345","No","Male",0.602,2.126,0.03325,"Public",0.56875,1,1
"7345","Yes","Female",-0.358,9.098,0.03325,"Public",-0.39125,1,0
"7345","No","Male",0.502,20.767,0.03325,"Public",0.46875,1,1
"7345","No","Male",-0.138,2.211,0.03325,"Public",-0.17125,1,1
"7345","No","Female",-0.548,2.527,0.03325,"Public",-0.58125,1,0
"7345","No","Male",0.812,9.764,0.03325,"Public",0.77875,1,1
"7345","No","Male",0.402,14.337,0.03325,"Public",0.36875,1,1
"7345","No","Female",-0.658,4.337,0.03325,"Public",-0.69125,1,0
"7345","No","Male",0.472,17.513,0.03325,"Public",0.43875,1,1
"7345","Yes","Female",-0.798,8.157,0.03325,"Public",-0.83125,1,0
"7345","No","Female",0.822,-0.184,0.03325,"Public",0.78875,1,0
"7345","Yes","Female",-1.098,2.354,0.03325,"Public",-1.13125,1,0
"7345","No","Female",0.472,23.134,0.03325,"Public",0.43875,1,0
"7345","No","Female",0.162,10.009,0.03325,"Public",0.12875,1,0
"7345","Yes","Male",-0.668,3.361,0.03325,"Public",-0.70125,1,1
"7345","No","Male",0.712,21.873,0.03325,"Public",0.67875,1,1
"7345","Yes","Male",-0.948,-2.541,0.03325,"Public",-0.98125,1,1
"7345","No","Male",-0.898,8.231,0.03325,"Public",-0.93125,1,1
"7345","No","Female",0.422,18.441,0.03325,"Public",0.38875,1,0
"7345","No","Male",1.082,20.589,0.03325,"Public",1.04875,1,1
"7345","No","Female",-0.348,10.969,0.03325,"Public",-0.38125,1,0
"7345","No","Male",-0.288,12.16,0.03325,"Public",-0.32125,1,1
"7345","No","Female",-0.808,9.696,0.03325,"Public",-0.84125,1,0
"7364","No","Female",0.372,13.88,-0.0893636363636364,"Catholic",0.461363636363636,1,0
"7364","No","Female",-0.808,20.556,-0.0893636363636364,"Catholic",-0.718636363636364,1,0
"7364","No","Female",-0.468,14.665,-0.0893636363636364,"Catholic",-0.378636363636364,1,0
"7364","No","Female",0.322,5.486,-0.0893636363636364,"Catholic",0.411363636363636,1,0
"7364","No","Female",0.622,3.762,-0.0893636363636364,"Catholic",0.711363636363636,1,0
"7364","No","Female",0.022,13.928,-0.0893636363636364,"Catholic",0.111363636363636,1,0
"7364","No","Female",-0.688,17.348,-0.0893636363636364,"Catholic",-0.598636363636364,1,0
"7364","No","Female",-0.988,14.867,-0.0893636363636364,"Catholic",-0.898636363636364,1,0
"7364","No","Female",0.312,3.554,-0.0893636363636364,"Catholic",0.401363636363636,1,0
"7364","No","Female",-0.228,2.347,-0.0893636363636364,"Catholic",-0.138636363636364,1,0
"7364","No","Female",0.472,16.485,-0.0893636363636364,"Catholic",0.561363636363636,1,0
"7364","No","Female",-1.268,5.058,-0.0893636363636364,"Catholic",-1.17863636363636,1,0
"7364","No","Female",-0.038,19.836,-0.0893636363636364,"Catholic",0.0513636363636364,1,0
"7364","No","Female",0.022,11.211,-0.0893636363636364,"Catholic",0.111363636363636,1,0
"7364","No","Female",-0.178,20.325,-0.0893636363636364,"Catholic",-0.0886363636363636,1,0
"7364","No","Female",0.352,21.139,-0.0893636363636364,"Catholic",0.441363636363636,1,0
"7364","No","Female",-0.168,22.678,-0.0893636363636364,"Catholic",-0.0786363636363636,1,0
"7364","No","Female",-0.688,10.454,-0.0893636363636364,"Catholic",-0.598636363636364,1,0
"7364","No","Female",0.032,13.131,-0.0893636363636364,"Catholic",0.121363636363636,1,0
"7364","No","Female",-0.568,16.28,-0.0893636363636364,"Catholic",-0.478636363636364,1,0
"7364","No","Female",0.202,7.12,-0.0893636363636364,"Catholic",0.291363636363636,1,0
"7364","No","Female",-0.208,8.839,-0.0893636363636364,"Catholic",-0.118636363636364,1,0
"7364","No","Female",0.182,20.964,-0.0893636363636364,"Catholic",0.271363636363636,1,0
"7364","No","Female",0.202,22.854,-0.0893636363636364,"Catholic",0.291363636363636,1,0
"7364","No","Female",-0.378,10.174,-0.0893636363636364,"Catholic",-0.288636363636364,1,0
"7364","No","Female",0.172,23.323,-0.0893636363636364,"Catholic",0.261363636363636,1,0
"7364","No","Female",-0.308,19.096,-0.0893636363636364,"Catholic",-0.218636363636364,1,0
"7364","No","Female",-0.358,7.067,-0.0893636363636364,"Catholic",-0.268636363636364,1,0
"7364","No","Female",0.622,14.833,-0.0893636363636364,"Catholic",0.711363636363636,1,0
"7364","No","Female",0.312,16.18,-0.0893636363636364,"Catholic",0.401363636363636,1,0
"7364","No","Female",-0.568,17.594,-0.0893636363636364,"Catholic",-0.478636363636364,1,0
"7364","No","Female",0.442,14.201,-0.0893636363636364,"Catholic",0.531363636363636,1,0
"7364","Yes","Female",0.052,20.29,-0.0893636363636364,"Catholic",0.141363636363636,1,0
"7364","No","Female",-0.458,17.276,-0.0893636363636364,"Catholic",-0.368636363636364,1,0
"7364","No","Female",-0.018,19.275,-0.0893636363636364,"Catholic",0.0713636363636364,1,0
"7364","No","Female",0.082,10.848,-0.0893636363636364,"Catholic",0.171363636363636,1,0
"7364","No","Female",-0.238,6.015,-0.0893636363636364,"Catholic",-0.148636363636364,1,0
"7364","No","Female",-0.778,11.335,-0.0893636363636364,"Catholic",-0.688636363636364,1,0
"7364","No","Female",-0.228,6.571,-0.0893636363636364,"Catholic",-0.138636363636364,1,0
"7364","No","Female",0.022,20.828,-0.0893636363636364,"Catholic",0.111363636363636,1,0
"7364","No","Female",-0.998,17.231,-0.0893636363636364,"Catholic",-0.908636363636364,1,0
"7364","No","Female",0.962,15.407,-0.0893636363636364,"Catholic",1.05136363636364,1,0
"7364","No","Female",1.002,13.238,-0.0893636363636364,"Catholic",1.09136363636364,1,0
"7364","No","Female",-0.088,16.025,-0.0893636363636364,"Catholic",0.00136363636363637,1,0
"7635","No","Male",0.012,12.162,0.242980392156863,"Catholic",-0.230980392156863,1,1
"7635","No","Female",-0.588,11.307,0.242980392156863,"Catholic",-0.830980392156863,1,0
"7635","No","Male",1.152,11.552,0.242980392156863,"Catholic",0.909019607843137,1,1
"7635","No","Male",0.672,22.526,0.242980392156863,"Catholic",0.429019607843137,1,1
"7635","No","Female",0.342,12.707,0.242980392156863,"Catholic",0.0990196078431373,1,0
"7635","No","Male",0.152,22.138,0.242980392156863,"Catholic",-0.0909803921568627,1,1
"7635","No","Male",0.442,14.077,0.242980392156863,"Catholic",0.199019607843137,1,1
"7635","No","Female",0.102,7.494,0.242980392156863,"Catholic",-0.140980392156863,1,0
"7635","No","Female",0.762,6.027,0.242980392156863,"Catholic",0.519019607843137,1,0
"7635","No","Male",-0.868,3.5,0.242980392156863,"Catholic",-1.11098039215686,1,1
"7635","No","Female",-0.938,14.842,0.242980392156863,"Catholic",-1.18098039215686,1,0
"7635","No","Female",-0.738,16.442,0.242980392156863,"Catholic",-0.980980392156863,1,0
"7635","No","Female",-0.038,17.768,0.242980392156863,"Catholic",-0.280980392156863,1,0
"7635","No","Male",0.392,4.995,0.242980392156863,"Catholic",0.149019607843137,1,1
"7635","No","Female",0.062,22.579,0.242980392156863,"Catholic",-0.180980392156863,1,0
"7635","No","Male",0.242,13.082,0.242980392156863,"Catholic",-0.000980392156862742,1,1
"7635","No","Male",0.902,17.989,0.242980392156863,"Catholic",0.659019607843137,1,1
"7635","No","Male",0.242,7.741,0.242980392156863,"Catholic",-0.000980392156862742,1,1
"7635","No","Male",1.392,22.851,0.242980392156863,"Catholic",1.14901960784314,1,1
"7635","No","Male",0.702,22.055,0.242980392156863,"Catholic",0.459019607843137,1,1
"7635","No","Female",0.352,20.691,0.242980392156863,"Catholic",0.109019607843137,1,0
"7635","No","Male",1.512,14.823,0.242980392156863,"Catholic",1.26901960784314,1,1
"7635","No","Female",-0.978,21.445,0.242980392156863,"Catholic",-1.22098039215686,1,0
"7635","No","Male",-1.228,6.225,0.242980392156863,"Catholic",-1.47098039215686,1,1
"7635","No","Female",-0.408,17.049,0.242980392156863,"Catholic",-0.650980392156863,1,0
"7635","No","Female",-0.138,15.203,0.242980392156863,"Catholic",-0.380980392156863,1,0
"7635","No","Female",-0.008,19.989,0.242980392156863,"Catholic",-0.250980392156863,1,0
"7635","No","Female",0.802,19.044,0.242980392156863,"Catholic",0.559019607843137,1,0
"7635","No","Male",0.422,7.703,0.242980392156863,"Catholic",0.179019607843137,1,1
"7635","No","Female",0.242,3.724,0.242980392156863,"Catholic",-0.000980392156862742,1,0
"7635","No","Female",-0.258,10.535,0.242980392156863,"Catholic",-0.500980392156863,1,0
"7635","No","Male",1.132,23.81,0.242980392156863,"Catholic",0.889019607843137,1,1
"7635","No","Male",-1.238,5.479,0.242980392156863,"Catholic",-1.48098039215686,1,1
"7635","No","Male",1.262,15.358,0.242980392156863,"Catholic",1.01901960784314,1,1
"7635","No","Female",-0.648,5.866,0.242980392156863,"Catholic",-0.890980392156863,1,0
"7635","No","Female",0.872,13.84,0.242980392156863,"Catholic",0.629019607843137,1,0
"7635","No","Female",0.742,13.398,0.242980392156863,"Catholic",0.499019607843137,1,0
"7635","No","Female",0.332,21.319,0.242980392156863,"Catholic",0.0890196078431373,1,0
"7635","No","Male",0.222,22.066,0.242980392156863,"Catholic",-0.0209803921568627,1,1
"7635","No","Female",0.942,19.816,0.242980392156863,"Catholic",0.699019607843137,1,0
"7635","No","Female",-0.018,24.479,0.242980392156863,"Catholic",-0.260980392156863,1,0
"7635","No","Female",0.342,13.142,0.242980392156863,"Catholic",0.0990196078431373,1,0
"7635","No","Female",0.342,12.406,0.242980392156863,"Catholic",0.0990196078431373,1,0
"7635","No","Female",-0.008,19.964,0.242980392156863,"Catholic",-0.250980392156863,1,0
"7635","No","Male",1.202,22.37,0.242980392156863,"Catholic",0.959019607843137,1,1
"7635","No","Female",0.532,14.713,0.242980392156863,"Catholic",0.289019607843137,1,0
"7635","No","Male",0.112,22.016,0.242980392156863,"Catholic",-0.130980392156863,1,1
"7635","No","Female",-0.018,15.609,0.242980392156863,"Catholic",-0.260980392156863,1,0
"7635","No","Male",-0.258,19.795,0.242980392156863,"Catholic",-0.500980392156863,1,1
"7635","No","Female",1.182,14.077,0.242980392156863,"Catholic",0.939019607843137,1,0
"7635","No","Male",0.652,8.554,0.242980392156863,"Catholic",0.409019607843137,1,1
"7688","No","Male",-0.128,19.866,0.185888888888889,"Catholic",-0.313888888888889,1,1
"7688","No","Male",-0.318,20.078,0.185888888888889,"Catholic",-0.503888888888889,1,1
"7688","No","Male",1.182,22.085,0.185888888888889,"Catholic",0.996111111111111,1,1
"7688","No","Male",0.222,20.928,0.185888888888889,"Catholic",0.0361111111111111,1,1
"7688","No","Male",-0.278,17.163,0.185888888888889,"Catholic",-0.463888888888889,1,1
"7688","No","Male",0.272,21.563,0.185888888888889,"Catholic",0.0861111111111111,1,1
"7688","No","Male",0.052,20.032,0.185888888888889,"Catholic",-0.133888888888889,1,1
"7688","No","Male",0.392,22.94,0.185888888888889,"Catholic",0.206111111111111,1,1
"7688","No","Male",0.682,23.686,0.185888888888889,"Catholic",0.496111111111111,1,1
"7688","No","Male",0.032,22.745,0.185888888888889,"Catholic",-0.153888888888889,1,1
"7688","No","Male",0.392,20.046,0.185888888888889,"Catholic",0.206111111111111,1,1
"7688","No","Male",-0.008,22.909,0.185888888888889,"Catholic",-0.193888888888889,1,1
"7688","Yes","Male",0.792,24.993,0.185888888888889,"Catholic",0.606111111111111,1,1
"7688","No","Male",0.752,15.264,0.185888888888889,"Catholic",0.566111111111111,1,1
"7688","No","Male",1.162,15.466,0.185888888888889,"Catholic",0.976111111111111,1,1
"7688","No","Male",0.172,16.855,0.185888888888889,"Catholic",-0.0138888888888889,1,1
"7688","No","Male",0.482,23.161,0.185888888888889,"Catholic",0.296111111111111,1,1
"7688","No","Male",0.432,18.718,0.185888888888889,"Catholic",0.246111111111111,1,1
"7688","No","Male",0.482,14.266,0.185888888888889,"Catholic",0.296111111111111,1,1
"7688","No","Male",0.772,16.267,0.185888888888889,"Catholic",0.586111111111111,1,1
"7688","No","Male",0.522,23.238,0.185888888888889,"Catholic",0.336111111111111,1,1
"7688","No","Male",0.062,15.781,0.185888888888889,"Catholic",-0.123888888888889,1,1
"7688","No","Male",0.292,18.63,0.185888888888889,"Catholic",0.106111111111111,1,1
"7688","No","Male",0.792,19.06,0.185888888888889,"Catholic",0.606111111111111,1,1
"7688","No","Male",0.592,1.277,0.185888888888889,"Catholic",0.406111111111111,1,1
"7688","No","Male",0.902,24.993,0.185888888888889,"Catholic",0.716111111111111,1,1
"7688","No","Male",1.422,22.69,0.185888888888889,"Catholic",1.23611111111111,1,1
"7688","No","Male",0.092,21.07,0.185888888888889,"Catholic",-0.0938888888888889,1,1
"7688","No","Male",0.552,9.156,0.185888888888889,"Catholic",0.366111111111111,1,1
"7688","No","Male",0.612,19.004,0.185888888888889,"Catholic",0.426111111111111,1,1
"7688","Yes","Male",0.612,9.587,0.185888888888889,"Catholic",0.426111111111111,1,1
"7688","Yes","Male",-0.628,18.504,0.185888888888889,"Catholic",-0.813888888888889,1,1
"7688","No","Male",-0.708,15.485,0.185888888888889,"Catholic",-0.893888888888889,1,1
"7688","No","Male",-0.468,16.216,0.185888888888889,"Catholic",-0.653888888888889,1,1
"7688","No","Male",-0.298,13.484,0.185888888888889,"Catholic",-0.483888888888889,1,1
"7688","No","Male",-0.938,20.978,0.185888888888889,"Catholic",-1.12388888888889,1,1
"7688","No","Male",-0.068,12.146,0.185888888888889,"Catholic",-0.253888888888889,1,1
"7688","No","Male",0.002,18.284,0.185888888888889,"Catholic",-0.183888888888889,1,1
"7688","No","Male",0.572,10.582,0.185888888888889,"Catholic",0.386111111111111,1,1
"7688","No","Male",0.132,21.517,0.185888888888889,"Catholic",-0.0538888888888889,1,1
"7688","No","Male",0.112,13.738,0.185888888888889,"Catholic",-0.0738888888888889,1,1
"7688","No","Male",0.502,20.908,0.185888888888889,"Catholic",0.316111111111111,1,1
"7688","No","Male",0.362,19.624,0.185888888888889,"Catholic",0.176111111111111,1,1
"7688","No","Male",-0.638,15.24,0.185888888888889,"Catholic",-0.823888888888889,1,1
"7688","Yes","Male",-0.398,24.479,0.185888888888889,"Catholic",-0.583888888888889,1,1
"7688","No","Male",-0.008,22.907,0.185888888888889,"Catholic",-0.193888888888889,1,1
"7688","No","Male",-0.308,15.23,0.185888888888889,"Catholic",-0.493888888888889,1,1
"7688","Yes","Male",-0.078,20.502,0.185888888888889,"Catholic",-0.263888888888889,1,1
"7688","No","Male",0.902,18.537,0.185888888888889,"Catholic",0.716111111111111,1,1
"7688","No","Male",0.712,17.258,0.185888888888889,"Catholic",0.526111111111111,1,1
"7688","No","Male",-1.278,19.567,0.185888888888889,"Catholic",-1.46388888888889,1,1
"7688","No","Male",-0.488,16.252,0.185888888888889,"Catholic",-0.673888888888889,1,1
"7688","No","Male",-0.658,19.391,0.185888888888889,"Catholic",-0.843888888888889,1,1
"7688","No","Male",-0.288,20.459,0.185888888888889,"Catholic",-0.473888888888889,1,1
"7697","No","Female",-0.408,6.779,0.25825,"Public",-0.66625,1,0
"7697","No","Female",0.662,12.505,0.25825,"Public",0.40375,1,0
"7697","No","Male",0.692,19.844,0.25825,"Public",0.43375,1,1
"7697","No","Male",0.482,17.163,0.25825,"Public",0.22375,1,1
"7697","No","Female",-0.208,5.705,0.25825,"Public",-0.46625,1,0
"7697","No","Male",0.252,22.973,0.25825,"Public",-0.00624999999999998,1,1
"7697","No","Male",-0.718,13.179,0.25825,"Public",-0.97625,1,1
"7697","No","Female",0.562,7.015,0.25825,"Public",0.30375,1,0
"7697","No","Male",0.122,14.254,0.25825,"Public",-0.13625,1,1
"7697","No","Male",0.832,20.13,0.25825,"Public",0.57375,1,1
"7697","No","Male",0.002,5.148,0.25825,"Public",-0.25625,1,1
"7697","No","Female",-0.008,11.475,0.25825,"Public",-0.26625,1,0
"7697","No","Female",0.182,24.479,0.25825,"Public",-0.07625,1,0
"7697","No","Female",0.742,23.398,0.25825,"Public",0.48375,1,0
"7697","No","Male",-0.158,10.116,0.25825,"Public",-0.41625,1,1
"7697","No","Male",0.542,24.483,0.25825,"Public",0.28375,1,1
"7697","No","Male",0.502,24.993,0.25825,"Public",0.24375,1,1
"7697","No","Male",-0.158,20.226,0.25825,"Public",-0.41625,1,1
"7697","No","Female",0.442,17.022,0.25825,"Public",0.18375,1,0
"7697","No","Male",0.822,23.464,0.25825,"Public",0.56375,1,1
"7697","No","Male",1.032,4.887,0.25825,"Public",0.77375,1,1
"7697","No","Male",0.272,21.848,0.25825,"Public",0.01375,1,1
"7697","No","Female",0.192,8.731,0.25825,"Public",-0.06625,1,0
"7697","No","Male",-0.588,13.528,0.25825,"Public",-0.84625,1,1
"7697","No","Male",0.872,11.62,0.25825,"Public",0.61375,1,1
"7697","No","Male",-0.228,18.395,0.25825,"Public",-0.48625,1,1
"7697","No","Female",-1.118,6.574,0.25825,"Public",-1.37625,1,0
"7697","No","Male",-1.078,18.805,0.25825,"Public",-1.33625,1,1
"7697","No","Male",0.472,13.179,0.25825,"Public",0.21375,1,1
"7697","No","Male",0.802,23.185,0.25825,"Public",0.54375,1,1
"7697","No","Male",0.942,23.578,0.25825,"Public",0.68375,1,1
"7697","No","Female",1.512,14.416,0.25825,"Public",1.25375,1,0
"7734","No","Female",-0.658,16.44,-0.469363636363636,"Public",-0.188636363636364,1,0
"7734","No","Male",-1.238,4.132,-0.469363636363636,"Public",-0.768636363636364,1,1
"7734","No","Female",-0.188,7.044,-0.469363636363636,"Public",0.281363636363636,1,0
"7734","No","Male",-1.278,24.041,-0.469363636363636,"Public",-0.808636363636364,1,1
"7734","Yes","Female",-1.128,1.824,-0.469363636363636,"Public",-0.658636363636363,1,0
"7734","Yes","Male",-1.128,5.118,-0.469363636363636,"Public",-0.658636363636363,1,1
"7734","Yes","Male",-0.388,2.528,-0.469363636363636,"Public",0.0813636363636364,1,1
"7734","No","Female",-0.878,5.194,-0.469363636363636,"Public",-0.408636363636364,1,0
"7734","Yes","Female",-1.968,-1.225,-0.469363636363636,"Public",-1.49863636363636,1,0
"7734","No","Male",1.512,13.759,-0.469363636363636,"Public",1.98136363636364,1,1
"7734","Yes","Male",-0.638,17.054,-0.469363636363636,"Public",-0.168636363636364,1,1
"7734","No","Female",1.002,23.394,-0.469363636363636,"Public",1.47136363636364,1,0
"7734","No","Female",-0.068,9.782,-0.469363636363636,"Public",0.401363636363636,1,0
"7734","No","Male",0.412,17.271,-0.469363636363636,"Public",0.881363636363636,1,1
"7734","No","Female",0.602,24.479,-0.469363636363636,"Public",1.07136363636364,1,0
"7734","Yes","Female",0.202,16.148,-0.469363636363636,"Public",0.671363636363636,1,0
"7734","Yes","Female",-1.518,0.554,-0.469363636363636,"Public",-1.04863636363636,1,0
"7734","Yes","Female",-1.548,-0.281,-0.469363636363636,"Public",-1.07863636363636,1,0
"7734","No","Female",-0.068,6.018,-0.469363636363636,"Public",0.401363636363636,1,0
"7734","No","Male",0.192,23.062,-0.469363636363636,"Public",0.661363636363636,1,1
"7734","Yes","Male",-0.388,9.841,-0.469363636363636,"Public",0.0813636363636364,1,1
"7734","No","Female",-1.168,6.135,-0.469363636363636,"Public",-0.698636363636363,1,0
"7890","No","Male",-0.618,17.17,-0.522705882352941,"Public",-0.0952941176470588,1,1
"7890","No","Female",0.232,4.74,-0.522705882352941,"Public",0.754705882352941,1,0
"7890","No","Female",0.032,3.377,-0.522705882352941,"Public",0.554705882352941,1,0
"7890","No","Female",-0.678,22.189,-0.522705882352941,"Public",-0.155294117647059,1,0
"7890","No","Male",-0.168,16.495,-0.522705882352941,"Public",0.354705882352941,1,1
"7890","No","Male",-0.828,15.574,-0.522705882352941,"Public",-0.305294117647059,1,1
"7890","No","Female",-0.528,12.044,-0.522705882352941,"Public",-0.00529411764705878,1,0
"7890","No","Female",-1.488,3.628,-0.522705882352941,"Public",-0.965294117647059,1,0
"7890","No","Female",0.492,3.901,-0.522705882352941,"Public",1.01470588235294,1,0
"7890","No","Male",-0.158,5.941,-0.522705882352941,"Public",0.364705882352941,1,1
"7890","No","Female",-0.998,5.496,-0.522705882352941,"Public",-0.475294117647059,1,0
"7890","No","Male",-1.128,3.996,-0.522705882352941,"Public",-0.605294117647059,1,1
"7890","No","Male",0.282,4.556,-0.522705882352941,"Public",0.804705882352941,1,1
"7890","No","Male",0.022,20.542,-0.522705882352941,"Public",0.544705882352941,1,1
"7890","No","Female",-1.308,11.206,-0.522705882352941,"Public",-0.785294117647059,1,0
"7890","No","Female",-0.118,2.811,-0.522705882352941,"Public",0.404705882352941,1,0
"7890","No","Female",-0.858,11.467,-0.522705882352941,"Public",-0.335294117647059,1,0
"7890","No","Female",-1.128,2.622,-0.522705882352941,"Public",-0.605294117647059,1,0
"7890","No","Male",-0.978,20.534,-0.522705882352941,"Public",-0.455294117647059,1,1
"7890","No","Female",-0.188,3.893,-0.522705882352941,"Public",0.334705882352941,1,0
"7890","No","Female",-1.148,14.279,-0.522705882352941,"Public",-0.625294117647059,1,0
"7890","No","Male",-0.668,14.662,-0.522705882352941,"Public",-0.145294117647059,1,1
"7890","No","Male",-0.238,0.748,-0.522705882352941,"Public",0.284705882352941,1,1
"7890","No","Female",-1.518,9.68,-0.522705882352941,"Public",-0.995294117647059,1,0
"7890","No","Male",-0.698,7.886,-0.522705882352941,"Public",-0.175294117647059,1,1
"7890","No","Male",-1.038,0.93,-0.522705882352941,"Public",-0.515294117647059,1,1
"7890","No","Male",0.002,5.211,-0.522705882352941,"Public",0.524705882352941,1,1
"7890","No","Female",-0.198,11.992,-0.522705882352941,"Public",0.324705882352941,1,0
"7890","No","Female",-1.428,3.371,-0.522705882352941,"Public",-0.905294117647059,1,0
"7890","No","Male",-0.338,16.809,-0.522705882352941,"Public",0.184705882352941,1,1
"7890","No","Male",-0.938,3.478,-0.522705882352941,"Public",-0.415294117647059,1,1
"7890","No","Female",-0.148,7.774,-0.522705882352941,"Public",0.374705882352941,1,0
"7890","No","Male",-0.488,4.439,-0.522705882352941,"Public",0.0347058823529413,1,1
"7890","Yes","Male",-0.868,9.35,-0.522705882352941,"Public",-0.345294117647059,1,1
"7890","Yes","Male",-0.358,-0.398,-0.522705882352941,"Public",0.164705882352941,1,1
"7890","No","Male",0.112,20.468,-0.522705882352941,"Public",0.634705882352941,1,1
"7890","No","Female",-1.038,10.16,-0.522705882352941,"Public",-0.515294117647059,1,0
"7890","No","Female",-0.738,8.787,-0.522705882352941,"Public",-0.215294117647059,1,0
"7890","No","Female",-0.388,8.954,-0.522705882352941,"Public",0.134705882352941,1,0
"7890","No","Female",-1.388,2.434,-0.522705882352941,"Public",-0.865294117647059,1,0
"7890","No","Female",-0.118,3.295,-0.522705882352941,"Public",0.404705882352941,1,0
"7890","No","Male",-0.368,6.893,-0.522705882352941,"Public",0.154705882352941,1,1
"7890","No","Male",-1.598,3.414,-0.522705882352941,"Public",-1.07529411764706,1,1
"7890","No","Male",-1.148,9.28,-0.522705882352941,"Public",-0.625294117647059,1,1
"7890","No","Male",-0.168,8.322,-0.522705882352941,"Public",0.354705882352941,1,1
"7890","Yes","Male",-0.318,6.22,-0.522705882352941,"Public",0.204705882352941,1,1
"7890","No","Female",0.832,12.037,-0.522705882352941,"Public",1.35470588235294,1,0
"7890","No","Male",-0.988,20.648,-0.522705882352941,"Public",-0.465294117647059,1,1
"7890","Yes","Male",0.802,3.744,-0.522705882352941,"Public",1.32470588235294,1,1
"7890","Yes","Male",-0.048,-2.362,-0.522705882352941,"Public",0.474705882352941,1,1
"7890","No","Female",0.082,0.709,-0.522705882352941,"Public",0.604705882352941,1,0
"7919","No","Male",0.852,2.809,0.457675675675676,"Public",0.394324324324324,1,1
"7919","No","Female",1.022,7.788,0.457675675675676,"Public",0.564324324324324,1,0
"7919","No","Male",0.172,23.906,0.457675675675676,"Public",-0.285675675675676,1,1
"7919","No","Female",0.552,13.8,0.457675675675676,"Public",0.0943243243243244,1,0
"7919","No","Male",0.702,18.171,0.457675675675676,"Public",0.244324324324324,1,1
"7919","No","Male",-0.008,10.083,0.457675675675676,"Public",-0.465675675675676,1,1
"7919","Yes","Female",0.762,9.891,0.457675675675676,"Public",0.304324324324324,1,0
"7919","No","Male",1.172,17.775,0.457675675675676,"Public",0.714324324324324,1,1
"7919","No","Male",0.952,22.519,0.457675675675676,"Public",0.494324324324324,1,1
"7919","No","Female",-0.068,23.007,0.457675675675676,"Public",-0.525675675675676,1,0
"7919","No","Male",0.762,7.195,0.457675675675676,"Public",0.304324324324324,1,1
"7919","No","Male",0.612,13.475,0.457675675675676,"Public",0.154324324324324,1,1
"7919","No","Female",0.392,6.582,0.457675675675676,"Public",-0.0656756756756757,1,0
"7919","No","Male",-0.118,23.623,0.457675675675676,"Public",-0.575675675675676,1,1
"7919","No","Male",-0.118,4.675,0.457675675675676,"Public",-0.575675675675676,1,1
"7919","No","Male",-0.038,13.184,0.457675675675676,"Public",-0.495675675675676,1,1
"7919","No","Male",0.062,19.14,0.457675675675676,"Public",-0.395675675675676,1,1
"7919","No","Female",0.862,20.245,0.457675675675676,"Public",0.404324324324324,1,0
"7919","No","Female",0.132,0.767,0.457675675675676,"Public",-0.325675675675676,1,0
"7919","No","Female",0.652,14.991,0.457675675675676,"Public",0.194324324324324,1,0
"7919","No","Male",0.412,18.484,0.457675675675676,"Public",-0.0456756756756757,1,1
"7919","No","Female",0.412,13.23,0.457675675675676,"Public",-0.0456756756756757,1,0
"7919","No","Female",0.962,18.608,0.457675675675676,"Public",0.504324324324324,1,0
"7919","No","Female",0.622,23.578,0.457675675675676,"Public",0.164324324324324,1,0
"7919","No","Male",-1.578,3.367,0.457675675675676,"Public",-2.03567567567568,1,1
"7919","No","Male",0.302,10.437,0.457675675675676,"Public",-0.155675675675676,1,1
"7919","No","Female",0.062,9.76,0.457675675675676,"Public",-0.395675675675676,1,0
"7919","No","Female",-0.408,10.889,0.457675675675676,"Public",-0.865675675675676,1,0
"7919","No","Male",1.012,21.741,0.457675675675676,"Public",0.554324324324324,1,1
"7919","No","Male",0.752,21.695,0.457675675675676,"Public",0.294324324324324,1,1
"7919","No","Female",0.802,23.323,0.457675675675676,"Public",0.344324324324324,1,0
"7919","No","Female",0.762,19.043,0.457675675675676,"Public",0.304324324324324,1,0
"7919","No","Male",0.762,18.921,0.457675675675676,"Public",0.304324324324324,1,1
"7919","No","Female",0.282,8,0.457675675675676,"Public",-0.175675675675676,1,0
"7919","No","Male",0.862,21.539,0.457675675675676,"Public",0.404324324324324,1,1
"7919","No","Male",0.342,21.152,0.457675675675676,"Public",-0.115675675675676,1,1
"7919","No","Male",1.262,12.056,0.457675675675676,"Public",0.804324324324324,1,1
"8009","Yes","Male",-0.148,5.6,0.515617021276596,"Catholic",-0.663617021276596,1,1
"8009","Yes","Male",0.072,19.843,0.515617021276596,"Catholic",-0.443617021276596,1,1
"8009","Yes","Male",0.332,5.359,0.515617021276596,"Catholic",-0.183617021276596,1,1
"8009","No","Male",0.612,18.394,0.515617021276596,"Catholic",0.0963829787234042,1,1
"8009","No","Male",0.882,17.807,0.515617021276596,"Catholic",0.366382978723404,1,1
"8009","No","Male",0.882,14.278,0.515617021276596,"Catholic",0.366382978723404,1,1
"8009","No","Male",0.922,12.072,0.515617021276596,"Catholic",0.406382978723404,1,1
"8009","No","Male",-0.798,3.5,0.515617021276596,"Catholic",-1.3136170212766,1,1
"8009","No","Male",0.892,17.958,0.515617021276596,"Catholic",0.376382978723404,1,1
"8009","Yes","Male",1.252,22.772,0.515617021276596,"Catholic",0.736382978723404,1,1
"8009","No","Male",-0.588,12.224,0.515617021276596,"Catholic",-1.1036170212766,1,1
"8009","No","Male",0.912,15.402,0.515617021276596,"Catholic",0.396382978723404,1,1
"8009","No","Male",0.902,13.255,0.515617021276596,"Catholic",0.386382978723404,1,1
"8009","No","Male",0.932,14.514,0.515617021276596,"Catholic",0.416382978723404,1,1
"8009","Yes","Male",1.072,16.396,0.515617021276596,"Catholic",0.556382978723404,1,1
"8009","No","Male",0.412,19.565,0.515617021276596,"Catholic",-0.103617021276596,1,1
"8009","No","Male",1.422,22.208,0.515617021276596,"Catholic",0.906382978723404,1,1
"8009","Yes","Male",1.192,9.52,0.515617021276596,"Catholic",0.676382978723404,1,1
"8009","No","Male",0.482,17.953,0.515617021276596,"Catholic",-0.0336170212765958,1,1
"8009","Yes","Male",1.102,6.149,0.515617021276596,"Catholic",0.586382978723404,1,1
"8009","No","Male",0.972,22.365,0.515617021276596,"Catholic",0.456382978723404,1,1
"8009","No","Male",0.282,11.063,0.515617021276596,"Catholic",-0.233617021276596,1,1
"8009","Yes","Male",0.672,17.724,0.515617021276596,"Catholic",0.156382978723404,1,1
"8009","No","Male",1.072,15.422,0.515617021276596,"Catholic",0.556382978723404,1,1
"8009","No","Male",0.522,9.718,0.515617021276596,"Catholic",0.00638297872340421,1,1
"8009","Yes","Male",0.892,9.78,0.515617021276596,"Catholic",0.376382978723404,1,1
"8009","Yes","Male",-0.388,19.686,0.515617021276596,"Catholic",-0.903617021276596,1,1
"8009","No","Male",0.042,18.604,0.515617021276596,"Catholic",-0.473617021276596,1,1
"8009","No","Male",0.302,6.153,0.515617021276596,"Catholic",-0.213617021276596,1,1
"8009","No","Male",1.072,22.373,0.515617021276596,"Catholic",0.556382978723404,1,1
"8009","No","Male",0.002,13.331,0.515617021276596,"Catholic",-0.513617021276596,1,1
"8009","No","Male",0.612,7.824,0.515617021276596,"Catholic",0.0963829787234042,1,1
"8009","No","Male",-0.358,11.307,0.515617021276596,"Catholic",-0.873617021276596,1,1
"8009","No","Male",0.502,18.814,0.515617021276596,"Catholic",-0.0136170212765958,1,1
"8009","No","Male",0.662,16.452,0.515617021276596,"Catholic",0.146382978723404,1,1
"8009","Yes","Male",0.652,9.311,0.515617021276596,"Catholic",0.136382978723404,1,1
"8009","No","Male",1.072,17.305,0.515617021276596,"Catholic",0.556382978723404,1,1
"8009","Yes","Male",0.792,-1.524,0.515617021276596,"Catholic",0.276382978723404,1,1
"8009","Yes","Male",-0.268,13.108,0.515617021276596,"Catholic",-0.783617021276596,1,1
"8009","No","Male",0.382,14.931,0.515617021276596,"Catholic",-0.133617021276596,1,1
"8009","No","Male",0.632,6.568,0.515617021276596,"Catholic",0.116382978723404,1,1
"8009","No","Male",0.452,14.061,0.515617021276596,"Catholic",-0.0636170212765958,1,1
"8009","Yes","Male",-0.618,20.828,0.515617021276596,"Catholic",-1.1336170212766,1,1
"8009","No","Male",0.792,10.58,0.515617021276596,"Catholic",0.276382978723404,1,1
"8009","No","Male",0.672,13.147,0.515617021276596,"Catholic",0.156382978723404,1,1
"8009","Yes","Male",0.852,21.497,0.515617021276596,"Catholic",0.336382978723404,1,1
"8009","Yes","Male",-0.778,16.785,0.515617021276596,"Catholic",-1.2936170212766,1,1
"8150","No","Female",0.322,12.693,0.305863636363636,"Catholic",0.0161363636363636,1,0
"8150","No","Female",0.202,18.295,0.305863636363636,"Catholic",-0.103863636363636,1,0
"8150","No","Female",-0.278,13.881,0.305863636363636,"Catholic",-0.583863636363636,1,0
"8150","No","Female",1.182,21.186,0.305863636363636,"Catholic",0.876136363636363,1,0
"8150","No","Female",0.852,17.769,0.305863636363636,"Catholic",0.546136363636364,1,0
"8150","No","Male",0.032,10.399,0.305863636363636,"Catholic",-0.273863636363636,1,1
"8150","No","Female",0.722,12.088,0.305863636363636,"Catholic",0.416136363636364,1,0
"8150","No","Female",0.302,7.369,0.305863636363636,"Catholic",-0.0038636363636364,1,0
"8150","No","Female",-0.358,8.555,0.305863636363636,"Catholic",-0.663863636363636,1,0
"8150","No","Male",-0.318,14.947,0.305863636363636,"Catholic",-0.623863636363636,1,1
"8150","No","Female",1.072,13.543,0.305863636363636,"Catholic",0.766136363636364,1,0
"8150","Yes","Female",0.902,16.405,0.305863636363636,"Catholic",0.596136363636364,1,0
"8150","No","Female",1.012,11.288,0.305863636363636,"Catholic",0.706136363636364,1,0
"8150","No","Female",-1.578,17.756,0.305863636363636,"Catholic",-1.88386363636364,1,0
"8150","No","Male",1.132,13.66,0.305863636363636,"Catholic",0.826136363636363,1,1
"8150","No","Female",-0.198,24.355,0.305863636363636,"Catholic",-0.503863636363636,1,0
"8150","Yes","Female",0.812,17.045,0.305863636363636,"Catholic",0.506136363636364,1,0
"8150","No","Male",-0.468,18.368,0.305863636363636,"Catholic",-0.773863636363636,1,1
"8150","No","Male",0.612,17.82,0.305863636363636,"Catholic",0.306136363636364,1,1
"8150","No","Female",-0.548,5.523,0.305863636363636,"Catholic",-0.853863636363636,1,0
"8150","No","Male",1.102,16.475,0.305863636363636,"Catholic",0.796136363636364,1,1
"8150","No","Male",-0.328,22.854,0.305863636363636,"Catholic",-0.633863636363636,1,1
"8150","No","Male",-0.588,19.189,0.305863636363636,"Catholic",-0.893863636363636,1,1
"8150","No","Female",1.072,17.889,0.305863636363636,"Catholic",0.766136363636364,1,0
"8150","No","Female",0.042,6.878,0.305863636363636,"Catholic",-0.263863636363636,1,0
"8150","No","Female",0.532,22.854,0.305863636363636,"Catholic",0.226136363636364,1,0
"8150","No","Male",0.462,13.313,0.305863636363636,"Catholic",0.156136363636364,1,1
"8150","No","Female",0.542,18.002,0.305863636363636,"Catholic",0.236136363636364,1,0
"8150","No","Female",0.752,10.482,0.305863636363636,"Catholic",0.446136363636364,1,0
"8150","Yes","Male",0.582,6.106,0.305863636363636,"Catholic",0.276136363636364,1,1
"8150","No","Male",-0.208,13.779,0.305863636363636,"Catholic",-0.513863636363636,1,1
"8150","No","Female",-0.638,17.846,0.305863636363636,"Catholic",-0.943863636363636,1,0
"8150","No","Male",1.212,6.772,0.305863636363636,"Catholic",0.906136363636364,1,1
"8150","No","Female",0.752,23.58,0.305863636363636,"Catholic",0.446136363636364,1,0
"8150","No","Female",0.282,14.843,0.305863636363636,"Catholic",-0.0238636363636364,1,0
"8150","No","Female",0.512,15.244,0.305863636363636,"Catholic",0.206136363636364,1,0
"8150","No","Female",0.302,3.347,0.305863636363636,"Catholic",-0.0038636363636364,1,0
"8150","No","Male",-0.108,12.782,0.305863636363636,"Catholic",-0.413863636363636,1,1
"8150","No","Male",0.282,20.296,0.305863636363636,"Catholic",-0.0238636363636364,1,1
"8150","No","Female",-0.118,14.334,0.305863636363636,"Catholic",-0.423863636363636,1,0
"8150","No","Female",0.312,13.557,0.305863636363636,"Catholic",0.00613636363636361,1,0
"8150","No","Female",-0.118,15.888,0.305863636363636,"Catholic",-0.423863636363636,1,0
"8150","No","Male",0.602,14.356,0.305863636363636,"Catholic",0.296136363636364,1,1
"8150","Yes","Male",0.812,19.893,0.305863636363636,"Catholic",0.506136363636364,1,1
"8165","No","Male",-0.138,23.772,0.308938775510204,"Catholic",-0.446938775510204,1,1
"8165","No","Male",-0.438,14.389,0.308938775510204,"Catholic",-0.746938775510204,1,1
"8165","No","Male",0.222,20.781,0.308938775510204,"Catholic",-0.0869387755102041,1,1
"8165","No","Male",-0.138,24.252,0.308938775510204,"Catholic",-0.446938775510204,1,1
"8165","No","Male",-0.298,20.564,0.308938775510204,"Catholic",-0.606938775510204,1,1
"8165","No","Male",-0.038,14.879,0.308938775510204,"Catholic",-0.346938775510204,1,1
"8165","No","Male",0.592,18.788,0.308938775510204,"Catholic",0.283061224489796,1,1
"8165","No","Male",0.942,14.578,0.308938775510204,"Catholic",0.633061224489796,1,1
"8165","No","Male",1.192,17.03,0.308938775510204,"Catholic",0.883061224489796,1,1
"8165","No","Male",0.062,20.945,0.308938775510204,"Catholic",-0.246938775510204,1,1
"8165","No","Male",-0.678,11.244,0.308938775510204,"Catholic",-0.986938775510204,1,1
"8165","No","Male",0.332,10.989,0.308938775510204,"Catholic",0.0230612244897959,1,1
"8165","No","Male",0.192,12.644,0.308938775510204,"Catholic",-0.116938775510204,1,1
"8165","No","Male",0.092,10.442,0.308938775510204,"Catholic",-0.216938775510204,1,1
"8165","No","Male",-0.858,-0.179,0.308938775510204,"Catholic",-1.1669387755102,1,1
"8165","No","Male",-0.498,10.661,0.308938775510204,"Catholic",-0.806938775510204,1,1
"8165","No","Male",0.442,11.027,0.308938775510204,"Catholic",0.133061224489796,1,1
"8165","No","Male",0.732,14.89,0.308938775510204,"Catholic",0.423061224489796,1,1
"8165","No","Male",0.572,22.771,0.308938775510204,"Catholic",0.263061224489796,1,1
"8165","Yes","Male",-1.058,15.539,0.308938775510204,"Catholic",-1.3669387755102,1,1
"8165","No","Male",1.192,18.822,0.308938775510204,"Catholic",0.883061224489796,1,1
"8165","No","Male",1.332,21.185,0.308938775510204,"Catholic",1.0230612244898,1,1
"8165","Yes","Male",-0.588,20.399,0.308938775510204,"Catholic",-0.896938775510204,1,1
"8165","No","Male",0.282,21.797,0.308938775510204,"Catholic",-0.0269387755102041,1,1
"8165","No","Male",0.292,19.475,0.308938775510204,"Catholic",-0.0169387755102041,1,1
"8165","No","Male",0.402,10.665,0.308938775510204,"Catholic",0.0930612244897959,1,1
"8165","No","Male",0.152,23.065,0.308938775510204,"Catholic",-0.156938775510204,1,1
"8165","No","Male",0.762,17.969,0.308938775510204,"Catholic",0.453061224489796,1,1
"8165","No","Male",0.042,20.551,0.308938775510204,"Catholic",-0.266938775510204,1,1
"8165","No","Male",-0.298,13.492,0.308938775510204,"Catholic",-0.606938775510204,1,1
"8165","No","Male",1.122,18.215,0.308938775510204,"Catholic",0.813061224489796,1,1
"8165","No","Male",-0.428,18.196,0.308938775510204,"Catholic",-0.736938775510204,1,1
"8165","No","Male",0.462,8.984,0.308938775510204,"Catholic",0.153061224489796,1,1
"8165","No","Male",1.342,19.679,0.308938775510204,"Catholic",1.0330612244898,1,1
"8165","No","Male",1.272,22.37,0.308938775510204,"Catholic",0.963061224489796,1,1
"8165","No","Male",1.452,22.685,0.308938775510204,"Catholic",1.1430612244898,1,1
"8165","No","Male",0.892,23.591,0.308938775510204,"Catholic",0.583061224489796,1,1
"8165","No","Male",0.842,5.55,0.308938775510204,"Catholic",0.533061224489796,1,1
"8165","No","Male",0.112,11.24,0.308938775510204,"Catholic",-0.196938775510204,1,1
"8165","No","Male",0.112,15.648,0.308938775510204,"Catholic",-0.196938775510204,1,1
"8165","Yes","Male",-0.588,19.391,0.308938775510204,"Catholic",-0.896938775510204,1,1
"8165","No","Male",0.152,21.324,0.308938775510204,"Catholic",-0.156938775510204,1,1
"8165","No","Male",1.132,15.071,0.308938775510204,"Catholic",0.823061224489796,1,1
"8165","No","Male",-0.158,13.869,0.308938775510204,"Catholic",-0.466938775510204,1,1
"8165","No","Male",1.102,12.676,0.308938775510204,"Catholic",0.793061224489796,1,1
"8165","No","Male",0.732,9.695,0.308938775510204,"Catholic",0.423061224489796,1,1
"8165","No","Male",0.252,15.445,0.308938775510204,"Catholic",-0.0569387755102041,1,1
"8165","No","Male",0.032,12.608,0.308938775510204,"Catholic",-0.276938775510204,1,1
"8165","No","Male",0.502,22.447,0.308938775510204,"Catholic",0.193061224489796,1,1
"8175","Yes","Female",0.602,12.09,-0.171636363636364,"Public",0.773636363636364,1,0
"8175","Yes","Male",-0.958,7.272,-0.171636363636364,"Public",-0.786363636363636,1,1
"8175","No","Male",0.012,5.683,-0.171636363636364,"Public",0.183636363636364,1,1
"8175","No","Male",0.152,5.73,-0.171636363636364,"Public",0.323636363636364,1,1
"8175","No","Female",-0.468,7.097,-0.171636363636364,"Public",-0.296363636363636,1,0
"8175","Yes","Female",-0.768,18.416,-0.171636363636364,"Public",-0.596363636363636,1,0
"8175","Yes","Male",-0.068,15.927,-0.171636363636364,"Public",0.103636363636364,1,1
"8175","No","Male",-0.818,4.507,-0.171636363636364,"Public",-0.646363636363636,1,1
"8175","No","Female",0.532,14.017,-0.171636363636364,"Public",0.703636363636364,1,0
"8175","Yes","Male",-0.218,9.202,-0.171636363636364,"Public",-0.0463636363636364,1,1
"8175","Yes","Male",0.622,3.514,-0.171636363636364,"Public",0.793636363636364,1,1
"8175","Yes","Female",0.112,13.703,-0.171636363636364,"Public",0.283636363636364,1,0
"8175","Yes","Male",1.022,14.958,-0.171636363636364,"Public",1.19363636363636,1,1
"8175","Yes","Female",-1.498,5.441,-0.171636363636364,"Public",-1.32636363636364,1,0
"8175","Yes","Male",0.322,19.822,-0.171636363636364,"Public",0.493636363636364,1,1
"8175","Yes","Male",-0.478,23.689,-0.171636363636364,"Public",-0.306363636363636,1,1
"8175","Yes","Male",-0.738,17.255,-0.171636363636364,"Public",-0.566363636363636,1,1
"8175","No","Female",-0.298,11.531,-0.171636363636364,"Public",-0.126363636363636,1,0
"8175","Yes","Female",-0.498,4.141,-0.171636363636364,"Public",-0.326363636363636,1,0
"8175","Yes","Female",-0.798,10.793,-0.171636363636364,"Public",-0.626363636363636,1,0
"8175","Yes","Female",0.592,10.244,-0.171636363636364,"Public",0.763636363636364,1,0
"8175","No","Male",0.792,6.351,-0.171636363636364,"Public",0.963636363636364,1,1
"8175","Yes","Female",-1.178,14.173,-0.171636363636364,"Public",-1.00636363636364,1,0
"8175","Yes","Female",-0.148,5.284,-0.171636363636364,"Public",0.0236363636363636,1,0
"8175","Yes","Male",-0.968,15.894,-0.171636363636364,"Public",-0.796363636363636,1,1
"8175","Yes","Female",0.342,11.259,-0.171636363636364,"Public",0.513636363636364,1,0
"8175","No","Female",-0.298,4.705,-0.171636363636364,"Public",-0.126363636363636,1,0
"8175","Yes","Female",-1.288,14.307,-0.171636363636364,"Public",-1.11636363636364,1,0
"8175","Yes","Male",-1.058,3.792,-0.171636363636364,"Public",-0.886363636363636,1,1
"8175","No","Male",0.472,24.479,-0.171636363636364,"Public",0.643636363636364,1,1
"8175","No","Male",0.962,15.825,-0.171636363636364,"Public",1.13363636363636,1,1
"8175","No","Male",-0.158,11.356,-0.171636363636364,"Public",0.0136363636363636,1,1
"8175","No","Female",0.502,23.58,-0.171636363636364,"Public",0.673636363636364,1,0
"8188","No","Male",0.382,23.487,0.139,"Public",0.243,1,1
"8188","No","Male",-0.308,3.545,0.139,"Public",-0.447,1,1
"8188","No","Female",-0.268,16.653,0.139,"Public",-0.407,1,0
"8188","No","Female",1.012,19.535,0.139,"Public",0.873,1,0
"8188","No","Female",-0.018,14.778,0.139,"Public",-0.157,1,0
"8188","Yes","Female",-0.128,2.691,0.139,"Public",-0.267,1,0
"8188","No","Female",-1.238,5.56,0.139,"Public",-1.377,1,0
"8188","No","Female",0.552,7.77,0.139,"Public",0.413,1,0
"8188","Yes","Female",1.072,8.629,0.139,"Public",0.933,1,0
"8188","No","Female",-0.328,5.678,0.139,"Public",-0.467,1,0
"8188","No","Female",-0.838,10.259,0.139,"Public",-0.977,1,0
"8188","No","Male",-0.608,2.909,0.139,"Public",-0.747,1,1
"8188","No","Male",1.022,9.751,0.139,"Public",0.883,1,1
"8188","No","Female",0.642,16.338,0.139,"Public",0.503,1,0
"8188","No","Female",0.182,15.216,0.139,"Public",0.043,1,0
"8188","No","Male",0.612,15.58,0.139,"Public",0.473,1,1
"8188","No","Female",0.722,18.042,0.139,"Public",0.583,1,0
"8188","Yes","Female",-0.358,5.127,0.139,"Public",-0.497,1,0
"8188","No","Female",0.112,22.354,0.139,"Public",-0.027,1,0
"8188","No","Female",-0.838,8.841,0.139,"Public",-0.977,1,0
"8188","No","Female",0.212,14.848,0.139,"Public",0.073,1,0
"8188","No","Male",1.072,22.705,0.139,"Public",0.933,1,1
"8188","No","Female",0.142,12.023,0.139,"Public",0.003,1,0
"8188","Yes","Male",0.522,7.426,0.139,"Public",0.383,1,1
"8188","No","Female",0.242,22.365,0.139,"Public",0.103,1,0
"8188","No","Female",1.072,14.47,0.139,"Public",0.933,1,0
"8188","No","Female",-0.138,17.763,0.139,"Public",-0.277,1,0
"8188","Yes","Female",-0.948,2.063,0.139,"Public",-1.087,1,0
"8188","No","Male",-0.538,20.627,0.139,"Public",-0.677,1,1
"8188","No","Female",1.152,15.196,0.139,"Public",1.013,1,0
"8193","No","Male",0.402,19.699,-0.176604651162791,"Catholic",0.578604651162791,1,1
"8193","No","Male",-0.628,20.945,-0.176604651162791,"Catholic",-0.451395348837209,1,1
"8193","Yes","Male",1.172,14.408,-0.176604651162791,"Catholic",1.34860465116279,1,1
"8193","No","Male",0.802,20.161,-0.176604651162791,"Catholic",0.978604651162791,1,1
"8193","No","Male",-0.898,15.639,-0.176604651162791,"Catholic",-0.721395348837209,1,1
"8193","Yes","Male",0.032,17.554,-0.176604651162791,"Catholic",0.208604651162791,1,1
"8193","No","Male",0.582,17.143,-0.176604651162791,"Catholic",0.758604651162791,1,1
"8193","No","Male",0.572,18.91,-0.176604651162791,"Catholic",0.748604651162791,1,1
"8193","No","Male",-0.908,21.674,-0.176604651162791,"Catholic",-0.731395348837209,1,1
"8193","Yes","Male",-0.688,9.681,-0.176604651162791,"Catholic",-0.511395348837209,1,1
"8193","Yes","Male",-0.808,20.216,-0.176604651162791,"Catholic",-0.631395348837209,1,1
"8193","No","Male",-0.338,15.235,-0.176604651162791,"Catholic",-0.161395348837209,1,1
"8193","Yes","Male",-0.918,12.885,-0.176604651162791,"Catholic",-0.741395348837209,1,1
"8193","No","Male",0.052,15.969,-0.176604651162791,"Catholic",0.228604651162791,1,1
"8193","No","Male",0.802,19.632,-0.176604651162791,"Catholic",0.978604651162791,1,1
"8193","No","Male",0.462,12.644,-0.176604651162791,"Catholic",0.638604651162791,1,1
"8193","Yes","Male",-0.348,10.102,-0.176604651162791,"Catholic",-0.171395348837209,1,1
"8193","No","Male",-0.828,10.748,-0.176604651162791,"Catholic",-0.651395348837209,1,1
"8193","Yes","Male",0.242,18.63,-0.176604651162791,"Catholic",0.418604651162791,1,1
"8193","No","Male",-0.108,17.734,-0.176604651162791,"Catholic",0.0686046511627907,1,1
"8193","No","Male",0.492,18.406,-0.176604651162791,"Catholic",0.668604651162791,1,1
"8193","No","Male",-0.028,16.743,-0.176604651162791,"Catholic",0.148604651162791,1,1
"8193","No","Male",-0.438,16.939,-0.176604651162791,"Catholic",-0.261395348837209,1,1
"8193","No","Male",0.322,24.993,-0.176604651162791,"Catholic",0.498604651162791,1,1
"8193","Yes","Male",-0.858,13.04,-0.176604651162791,"Catholic",-0.681395348837209,1,1
"8193","No","Male",-0.468,16.311,-0.176604651162791,"Catholic",-0.291395348837209,1,1
"8193","No","Male",-0.738,13.252,-0.176604651162791,"Catholic",-0.561395348837209,1,1
"8193","No","Male",-0.458,13.981,-0.176604651162791,"Catholic",-0.281395348837209,1,1
"8193","No","Male",0.422,15.969,-0.176604651162791,"Catholic",0.598604651162791,1,1
"8193","Yes","Male",-0.418,7.212,-0.176604651162791,"Catholic",-0.241395348837209,1,1
"8193","No","Male",-0.378,5.189,-0.176604651162791,"Catholic",-0.201395348837209,1,1
"8193","No","Male",-0.258,20.625,-0.176604651162791,"Catholic",-0.0813953488372093,1,1
"8193","No","Male",-0.008,17.594,-0.176604651162791,"Catholic",0.168604651162791,1,1
"8193","No","Male",-0.378,19.092,-0.176604651162791,"Catholic",-0.201395348837209,1,1
"8193","No","Male",-0.178,10.985,-0.176604651162791,"Catholic",-0.00139534883720929,1,1
"8193","No","Male",-0.008,17.109,-0.176604651162791,"Catholic",0.168604651162791,1,1
"8193","Yes","Male",-1.588,13.276,-0.176604651162791,"Catholic",-1.41139534883721,1,1
"8193","No","Male",-0.328,22.475,-0.176604651162791,"Catholic",-0.151395348837209,1,1
"8193","No","Male",-0.008,22.079,-0.176604651162791,"Catholic",0.168604651162791,1,1
"8193","No","Male",-0.288,21.893,-0.176604651162791,"Catholic",-0.111395348837209,1,1
"8193","No","Male",0.472,17.554,-0.176604651162791,"Catholic",0.648604651162791,1,1
"8193","No","Male",-0.618,12.674,-0.176604651162791,"Catholic",-0.441395348837209,1,1
"8193","Yes","Male",-0.508,10.987,-0.176604651162791,"Catholic",-0.331395348837209,1,1
"8202","No","Male",-0.248,11.137,0.0857142857142857,"Public",-0.333714285714286,1,1
"8202","No","Female",-0.818,6.469,0.0857142857142857,"Public",-0.903714285714286,1,0
"8202","No","Male",1.312,24.107,0.0857142857142857,"Public",1.22628571428571,1,1
"8202","No","Female",0.242,-2.832,0.0857142857142857,"Public",0.156285714285714,1,0
"8202","No","Male",-0.298,13.651,0.0857142857142857,"Public",-0.383714285714286,1,1
"8202","No","Female",-0.648,7.709,0.0857142857142857,"Public",-0.733714285714286,1,0
"8202","Yes","Female",-0.188,1.062,0.0857142857142857,"Public",-0.273714285714286,1,0
"8202","No","Female",0.452,14.051,0.0857142857142857,"Public",0.366285714285714,1,0
"8202","No","Female",-0.488,10.061,0.0857142857142857,"Public",-0.573714285714286,1,0
"8202","No","Female",0.972,24.993,0.0857142857142857,"Public",0.886285714285714,1,0
"8202","No","Female",-0.148,2.165,0.0857142857142857,"Public",-0.233714285714286,1,0
"8202","No","Male",-0.918,16.59,0.0857142857142857,"Public",-1.00371428571429,1,1
"8202","No","Female",-0.538,18.113,0.0857142857142857,"Public",-0.623714285714286,1,0
"8202","No","Male",1.172,18.46,0.0857142857142857,"Public",1.08628571428571,1,1
"8202","Yes","Female",-0.098,5.758,0.0857142857142857,"Public",-0.183714285714286,1,0
"8202","No","Male",1.282,24.421,0.0857142857142857,"Public",1.19628571428571,1,1
"8202","No","Female",-0.278,14.518,0.0857142857142857,"Public",-0.363714285714286,1,0
"8202","No","Male",1.082,21.435,0.0857142857142857,"Public",0.996285714285714,1,1
"8202","Yes","Female",0.212,3.445,0.0857142857142857,"Public",0.126285714285714,1,0
"8202","Yes","Female",-0.718,16.791,0.0857142857142857,"Public",-0.803714285714286,1,0
"8202","No","Female",1.242,5.585,0.0857142857142857,"Public",1.15628571428571,1,0
"8202","No","Male",0.582,8.439,0.0857142857142857,"Public",0.496285714285714,1,1
"8202","No","Male",1.222,19.67,0.0857142857142857,"Public",1.13628571428571,1,1
"8202","No","Female",-0.098,7.448,0.0857142857142857,"Public",-0.183714285714286,1,0
"8202","Yes","Female",-0.068,0.787,0.0857142857142857,"Public",-0.153714285714286,1,0
"8202","No","Male",0.092,15.89,0.0857142857142857,"Public",0.00628571428571428,1,1
"8202","No","Male",0.622,4.778,0.0857142857142857,"Public",0.536285714285714,1,1
"8202","No","Female",0.762,8.796,0.0857142857142857,"Public",0.676285714285714,1,0
"8202","No","Female",-0.188,6.546,0.0857142857142857,"Public",-0.273714285714286,1,0
"8202","No","Male",-0.548,14.841,0.0857142857142857,"Public",-0.633714285714286,1,1
"8202","Yes","Male",-1.168,2.783,0.0857142857142857,"Public",-1.25371428571429,1,1
"8202","No","Female",-0.138,5.286,0.0857142857142857,"Public",-0.223714285714286,1,0
"8202","No","Male",0.142,24.421,0.0857142857142857,"Public",0.0562857142857143,1,1
"8202","No","Male",-0.038,16.166,0.0857142857142857,"Public",-0.123714285714286,1,1
"8202","No","Female",-0.758,16.395,0.0857142857142857,"Public",-0.843714285714286,1,0
"8357","No","Female",-0.898,7.387,-0.107259259259259,"Public",-0.790740740740741,1,0
"8357","No","Male",-0.408,13.984,-0.107259259259259,"Public",-0.300740740740741,1,1
"8357","No","Male",1.132,19.244,-0.107259259259259,"Public",1.23925925925926,1,1
"8357","No","Female",-1.288,7.075,-0.107259259259259,"Public",-1.18074074074074,1,0
"8357","No","Female",0.382,11.736,-0.107259259259259,"Public",0.489259259259259,1,0
"8357","No","Female",0.042,12.51,-0.107259259259259,"Public",0.149259259259259,1,0
"8357","No","Female",0.682,1.017,-0.107259259259259,"Public",0.789259259259259,1,0
"8357","No","Female",0.182,18.33,-0.107259259259259,"Public",0.289259259259259,1,0
"8357","No","Male",-3.758,3.671,-0.107259259259259,"Public",-3.65074074074074,1,1
"8357","No","Male",0.752,24.386,-0.107259259259259,"Public",0.859259259259259,1,1
"8357","No","Female",0.432,21.836,-0.107259259259259,"Public",0.539259259259259,1,0
"8357","No","Male",-0.498,22.359,-0.107259259259259,"Public",-0.390740740740741,1,1
"8357","No","Female",-0.278,16.401,-0.107259259259259,"Public",-0.170740740740741,1,0
"8357","No","Male",1.092,20.252,-0.107259259259259,"Public",1.19925925925926,1,1
"8357","No","Male",-0.678,15.547,-0.107259259259259,"Public",-0.570740740740741,1,1
"8357","Yes","Male",-1.398,1.681,-0.107259259259259,"Public",-1.29074074074074,1,1
"8357","No","Female",-0.068,14.133,-0.107259259259259,"Public",0.0392592592592593,1,0
"8357","No","Female",0.202,20.013,-0.107259259259259,"Public",0.309259259259259,1,0
"8357","No","Male",0.062,20.403,-0.107259259259259,"Public",0.169259259259259,1,1
"8357","No","Male",0.912,10.242,-0.107259259259259,"Public",1.01925925925926,1,1
"8357","No","Male",-0.118,14.025,-0.107259259259259,"Public",-0.0107407407407407,1,1
"8357","No","Female",-0.288,7.647,-0.107259259259259,"Public",-0.180740740740741,1,0
"8357","No","Female",1.422,17.342,-0.107259259259259,"Public",1.52925925925926,1,0
"8357","No","Female",0.852,8.145,-0.107259259259259,"Public",0.959259259259259,1,0
"8357","No","Female",-0.488,14.142,-0.107259259259259,"Public",-0.380740740740741,1,0
"8357","No","Female",-0.338,22.129,-0.107259259259259,"Public",-0.230740740740741,1,0
"8357","No","Male",-0.538,22.673,-0.107259259259259,"Public",-0.430740740740741,1,1
"8367","No","Male",-0.228,15.936,0.0255714285714286,"Public",-0.253571428571429,1,1
"8367","No","Female",-0.208,1.865,0.0255714285714286,"Public",-0.233571428571429,1,0
"8367","Yes","Male",0.532,-2.832,0.0255714285714286,"Public",0.506428571428571,1,1
"8367","No","Female",0.662,2.122,0.0255714285714286,"Public",0.636428571428571,1,0
"8367","No","Male",-0.228,6.755,0.0255714285714286,"Public",-0.253571428571429,1,1
"8367","No","Male",-1.078,0.725,0.0255714285714286,"Public",-1.10357142857143,1,1
"8367","Yes","Male",-1.028,0.836,0.0255714285714286,"Public",-1.05357142857143,1,1
"8367","No","Female",0.242,6.788,0.0255714285714286,"Public",0.216428571428571,1,0
"8367","No","Female",-0.048,8.454,0.0255714285714286,"Public",-0.0735714285714286,1,0
"8367","No","Male",1.462,4.192,0.0255714285714286,"Public",1.43642857142857,1,1
"8367","No","Female",-0.458,4.841,0.0255714285714286,"Public",-0.483571428571429,1,0
"8367","No","Male",0.202,3.895,0.0255714285714286,"Public",0.176428571428571,1,1
"8367","No","Female",1.202,6.227,0.0255714285714286,"Public",1.17642857142857,1,0
"8367","No","Female",-0.668,3.935,0.0255714285714286,"Public",-0.693571428571429,1,0
"8477","No","Female",-0.308,10.036,-0.196108108108108,"Public",-0.111891891891892,1,0
"8477","No","Female",0.062,7.733,-0.196108108108108,"Public",0.258108108108108,1,0
"8477","No","Male",-0.438,12.683,-0.196108108108108,"Public",-0.241891891891892,1,1
"8477","No","Female",-0.148,5.84,-0.196108108108108,"Public",0.0481081081081081,1,0
"8477","Yes","Female",-1.948,7.644,-0.196108108108108,"Public",-1.75189189189189,1,0
"8477","No","Female",-0.438,7.276,-0.196108108108108,"Public",-0.241891891891892,1,0
"8477","No","Male",-0.868,20.726,-0.196108108108108,"Public",-0.671891891891892,1,1
"8477","No","Female",-0.168,16.28,-0.196108108108108,"Public",0.0281081081081081,1,0
"8477","No","Female",0.752,20.716,-0.196108108108108,"Public",0.948108108108108,1,0
"8477","Yes","Male",-0.368,4.986,-0.196108108108108,"Public",-0.171891891891892,1,1
"8477","No","Female",0.052,23.549,-0.196108108108108,"Public",0.248108108108108,1,0
"8477","No","Male",-0.568,7.873,-0.196108108108108,"Public",-0.371891891891892,1,1
"8477","No","Male",0.082,10.776,-0.196108108108108,"Public",0.278108108108108,1,1
"8477","No","Male",-0.168,21.179,-0.196108108108108,"Public",0.0281081081081081,1,1
"8477","Yes","Female",-2.298,1.138,-0.196108108108108,"Public",-2.10189189189189,1,0
"8477","No","Female",-0.468,5.671,-0.196108108108108,"Public",-0.271891891891892,1,0
"8477","No","Male",0.932,13.967,-0.196108108108108,"Public",1.12810810810811,1,1
"8477","No","Female",0.812,20.73,-0.196108108108108,"Public",1.00810810810811,1,0
"8477","No","Female",0.762,21.586,-0.196108108108108,"Public",0.958108108108108,1,0
"8477","No","Female",0.732,13.676,-0.196108108108108,"Public",0.928108108108108,1,0
"8477","Yes","Female",0.742,7.044,-0.196108108108108,"Public",0.938108108108108,1,0
"8477","No","Female",0.202,9.743,-0.196108108108108,"Public",0.398108108108108,1,0
"8477","No","Male",-0.398,16.305,-0.196108108108108,"Public",-0.201891891891892,1,1
"8477","No","Male",-0.708,16.646,-0.196108108108108,"Public",-0.511891891891892,1,1
"8477","No","Female",0.662,14.076,-0.196108108108108,"Public",0.858108108108108,1,0
"8477","No","Female",-0.888,13.97,-0.196108108108108,"Public",-0.691891891891892,1,0
"8477","No","Female",0.792,22.864,-0.196108108108108,"Public",0.988108108108108,1,0
"8477","No","Male",-0.918,16.583,-0.196108108108108,"Public",-0.721891891891892,1,1
"8477","Yes","Male",-2.218,4.662,-0.196108108108108,"Public",-2.02189189189189,1,1
"8477","No","Female",0.232,22.653,-0.196108108108108,"Public",0.428108108108108,1,0
"8477","No","Female",-0.418,5.642,-0.196108108108108,"Public",-0.221891891891892,1,0
"8477","No","Female",0.572,8.135,-0.196108108108108,"Public",0.768108108108108,1,0
"8477","No","Male",-0.298,16.324,-0.196108108108108,"Public",-0.101891891891892,1,1
"8477","No","Female",-0.728,1.565,-0.196108108108108,"Public",-0.531891891891892,1,0
"8477","No","Male",0.322,23.062,-0.196108108108108,"Public",0.518108108108108,1,1
"8477","No","Female",-0.468,4.173,-0.196108108108108,"Public",-0.271891891891892,1,0
"8477","No","Female",0.262,5.811,-0.196108108108108,"Public",0.458108108108108,1,0
"8531","Yes","Male",1.062,6.199,0.40809756097561,"Public",0.65390243902439,1,1
"8531","No","Female",-0.318,1.375,0.40809756097561,"Public",-0.72609756097561,1,0
"8531","No","Male",-0.148,1.882,0.40809756097561,"Public",-0.55609756097561,1,1
"8531","No","Male",1.192,24.112,0.40809756097561,"Public",0.78390243902439,1,1
"8531","No","Male",0.782,7.529,0.40809756097561,"Public",0.37390243902439,1,1
"8531","No","Female",0.202,13.985,0.40809756097561,"Public",-0.20609756097561,1,0
"8531","No","Female",1.022,15.997,0.40809756097561,"Public",0.61390243902439,1,0
"8531","No","Female",-0.628,23.696,0.40809756097561,"Public",-1.03609756097561,1,0
"8531","No","Female",1.092,21.366,0.40809756097561,"Public",0.68390243902439,1,0
"8531","No","Female",0.452,7.204,0.40809756097561,"Public",0.0439024390243903,1,0
"8531","No","Male",1.512,23.087,0.40809756097561,"Public",1.10390243902439,1,1
"8531","No","Male",0.742,19.365,0.40809756097561,"Public",0.33390243902439,1,1
"8531","No","Male",-1.178,22.401,0.40809756097561,"Public",-1.58609756097561,1,1
"8531","No","Female",1.332,18.817,0.40809756097561,"Public",0.92390243902439,1,0
"8531","No","Male",-0.558,14.087,0.40809756097561,"Public",-0.96609756097561,1,1
"8531","No","Female",-0.138,14.733,0.40809756097561,"Public",-0.54609756097561,1,0
"8531","No","Male",1.182,15.555,0.40809756097561,"Public",0.77390243902439,1,1
"8531","No","Female",0.842,11.841,0.40809756097561,"Public",0.43390243902439,1,0
"8531","Yes","Female",0.332,13.689,0.40809756097561,"Public",-0.0760975609756097,1,0
"8531","Yes","Male",0.502,7.061,0.40809756097561,"Public",0.0939024390243903,1,1
"8531","No","Male",0.842,20.121,0.40809756097561,"Public",0.43390243902439,1,1
"8531","Yes","Female",-0.368,10.663,0.40809756097561,"Public",-0.77609756097561,1,0
"8531","Yes","Female",0.022,10.46,0.40809756097561,"Public",-0.38609756097561,1,0
"8531","No","Male",0.722,17.153,0.40809756097561,"Public",0.31390243902439,1,1
"8531","No","Male",0.462,4.552,0.40809756097561,"Public",0.0539024390243903,1,1
"8531","No","Male",0.922,22.271,0.40809756097561,"Public",0.51390243902439,1,1
"8531","No","Female",-0.008,5.538,0.40809756097561,"Public",-0.41609756097561,1,0
"8531","No","Female",0.932,23.501,0.40809756097561,"Public",0.52390243902439,1,0
"8531","No","Female",1.052,23.397,0.40809756097561,"Public",0.64390243902439,1,0
"8531","No","Male",0.592,24.418,0.40809756097561,"Public",0.18390243902439,1,1
"8531","No","Male",0.722,10.17,0.40809756097561,"Public",0.31390243902439,1,1
"8531","No","Male",-0.208,6.311,0.40809756097561,"Public",-0.61609756097561,1,1
"8531","No","Male",1.262,20.094,0.40809756097561,"Public",0.85390243902439,1,1
"8531","Yes","Female",-0.968,14.419,0.40809756097561,"Public",-1.37609756097561,1,0
"8531","No","Female",0.232,8.15,0.40809756097561,"Public",-0.17609756097561,1,0
"8531","No","Female",-0.088,5.945,0.40809756097561,"Public",-0.49609756097561,1,0
"8531","No","Female",-0.128,10.358,0.40809756097561,"Public",-0.53609756097561,1,0
"8531","Yes","Female",0.092,-1.509,0.40809756097561,"Public",-0.31609756097561,1,0
"8531","No","Female",1.512,7.166,0.40809756097561,"Public",1.10390243902439,1,0
"8531","No","Female",0.312,22.895,0.40809756097561,"Public",-0.0960975609756097,1,0
"8531","Yes","Female",-0.458,4.622,0.40809756097561,"Public",-0.86609756097561,1,0
"8627","No","Male",0.462,10.86,0.104830188679245,"Public",0.357169811320755,1,1
"8627","No","Male",-0.188,8.921,0.104830188679245,"Public",-0.292830188679245,1,1
"8627","No","Female",0.832,10.904,0.104830188679245,"Public",0.727169811320755,1,0
"8627","No","Male",0.762,1.609,0.104830188679245,"Public",0.657169811320755,1,1
"8627","No","Female",-0.188,9.352,0.104830188679245,"Public",-0.292830188679245,1,0
"8627","No","Female",0.492,3.545,0.104830188679245,"Public",0.387169811320755,1,0
"8627","No","Female",-0.388,12.752,0.104830188679245,"Public",-0.492830188679245,1,0
"8627","No","Male",1.452,0.978,0.104830188679245,"Public",1.34716981132075,1,1
"8627","No","Female",-1.008,2.601,0.104830188679245,"Public",-1.11283018867925,1,0
"8627","No","Male",-0.158,5.277,0.104830188679245,"Public",-0.262830188679245,1,1
"8627","No","Male",-0.738,24.993,0.104830188679245,"Public",-0.842830188679245,1,1
"8627","No","Male",1.122,24.993,0.104830188679245,"Public",1.01716981132075,1,1
"8627","No","Female",1.122,23.52,0.104830188679245,"Public",1.01716981132075,1,0
"8627","No","Male",-0.018,13.946,0.104830188679245,"Public",-0.122830188679245,1,1
"8627","No","Female",0.202,14.259,0.104830188679245,"Public",0.0971698113207547,1,0
"8627","No","Male",-0.358,15.525,0.104830188679245,"Public",-0.462830188679245,1,1
"8627","No","Female",-0.288,2.829,0.104830188679245,"Public",-0.392830188679245,1,0
"8627","Yes","Male",-0.188,15.523,0.104830188679245,"Public",-0.292830188679245,1,1
"8627","No","Male",0.272,11.322,0.104830188679245,"Public",0.167169811320755,1,1
"8627","No","Male",0.922,13.522,0.104830188679245,"Public",0.817169811320755,1,1
"8627","No","Male",-0.118,16.59,0.104830188679245,"Public",-0.222830188679245,1,1
"8627","No","Female",0.942,16.438,0.104830188679245,"Public",0.837169811320755,1,0
"8627","No","Male",0.272,5.098,0.104830188679245,"Public",0.167169811320755,1,1
"8627","No","Male",-1.058,8.867,0.104830188679245,"Public",-1.16283018867925,1,1
"8627","No","Male",-0.428,18.125,0.104830188679245,"Public",-0.532830188679245,1,1
"8627","No","Female",0.172,14.354,0.104830188679245,"Public",0.0671698113207547,1,0
"8627","Yes","Female",-0.578,9.262,0.104830188679245,"Public",-0.682830188679245,1,0
"8627","No","Male",0.262,12.449,0.104830188679245,"Public",0.157169811320755,1,1
"8627","Yes","Male",-1.528,11.534,0.104830188679245,"Public",-1.63283018867925,1,1
"8627","No","Female",0.462,11.378,0.104830188679245,"Public",0.357169811320755,1,0
"8627","No","Male",-0.208,6.41,0.104830188679245,"Public",-0.312830188679245,1,1
"8627","No","Female",1.082,12.22,0.104830188679245,"Public",0.977169811320755,1,0
"8627","No","Female",-0.188,14.547,0.104830188679245,"Public",-0.292830188679245,1,0
"8627","No","Male",-0.648,16.66,0.104830188679245,"Public",-0.752830188679245,1,1
"8627","Yes","Male",-0.248,2.021,0.104830188679245,"Public",-0.352830188679245,1,1
"8627","No","Female",0.312,22.038,0.104830188679245,"Public",0.207169811320755,1,0
"8627","Yes","Female",-0.178,4.348,0.104830188679245,"Public",-0.282830188679245,1,0
"8627","No","Female",1.012,18.999,0.104830188679245,"Public",0.907169811320755,1,0
"8627","No","Female",0.712,11.477,0.104830188679245,"Public",0.607169811320755,1,0
"8627","No","Male",0.552,15.254,0.104830188679245,"Public",0.447169811320755,1,1
"8627","No","Female",-0.598,4.575,0.104830188679245,"Public",-0.702830188679245,1,0
"8627","Yes","Male",0.002,3.442,0.104830188679245,"Public",-0.102830188679245,1,1
"8627","No","Male",0.272,11.271,0.104830188679245,"Public",0.167169811320755,1,1
"8627","No","Male",1.292,15.295,0.104830188679245,"Public",1.18716981132075,1,1
"8627","No","Female",0.682,6.703,0.104830188679245,"Public",0.577169811320755,1,0
"8627","Yes","Female",-0.228,3.59,0.104830188679245,"Public",-0.332830188679245,1,0
"8627","No","Male",0.542,18.143,0.104830188679245,"Public",0.437169811320755,1,1
"8627","No","Male",-0.938,9.901,0.104830188679245,"Public",-1.04283018867925,1,1
"8627","No","Female",0.122,15.088,0.104830188679245,"Public",0.0171698113207547,1,0
"8627","Yes","Male",-1.558,-0.602,0.104830188679245,"Public",-1.66283018867925,1,1
"8627","No","Male",1.282,0.507,0.104830188679245,"Public",1.17716981132075,1,1
"8627","Yes","Female",-0.478,1.912,0.104830188679245,"Public",-0.582830188679245,1,0
"8627","No","Female",0.442,11.712,0.104830188679245,"Public",0.337169811320755,1,0
"8628","No","Male",-0.238,21.455,-0.139803278688525,"Catholic",-0.0981967213114754,1,1
"8628","No","Female",0.562,14.281,-0.139803278688525,"Catholic",0.701803278688525,1,0
"8628","No","Female",-0.068,23.138,-0.139803278688525,"Catholic",0.0718032786885246,1,0
"8628","No","Male",0.102,23.06,-0.139803278688525,"Catholic",0.241803278688525,1,1
"8628","No","Male",0.442,9.275,-0.139803278688525,"Catholic",0.581803278688525,1,1
"8628","No","Male",0.172,22.321,-0.139803278688525,"Catholic",0.311803278688525,1,1
"8628","No","Male",-0.728,23.878,-0.139803278688525,"Catholic",-0.588196721311475,1,1
"8628","No","Male",-0.468,9.369,-0.139803278688525,"Catholic",-0.328196721311475,1,1
"8628","No","Male",-0.148,16.053,-0.139803278688525,"Catholic",-0.00819672131147539,1,1
"8628","No","Female",-0.468,9.572,-0.139803278688525,"Catholic",-0.328196721311475,1,0
"8628","No","Male",-1.068,22.648,-0.139803278688525,"Catholic",-0.928196721311475,1,1
"8628","No","Male",0.432,23.009,-0.139803278688525,"Catholic",0.571803278688525,1,1
"8628","No","Female",-1.458,7.675,-0.139803278688525,"Catholic",-1.31819672131148,1,0
"8628","No","Male",1.162,24.993,-0.139803278688525,"Catholic",1.30180327868852,1,1
"8628","No","Female",-0.188,18.135,-0.139803278688525,"Catholic",-0.0481967213114754,1,0
"8628","No","Male",-0.598,23.484,-0.139803278688525,"Catholic",-0.458196721311475,1,1
"8628","No","Female",0.492,12.788,-0.139803278688525,"Catholic",0.631803278688525,1,0
"8628","No","Male",0.552,24.133,-0.139803278688525,"Catholic",0.691803278688525,1,1
"8628","No","Female",-0.218,20.968,-0.139803278688525,"Catholic",-0.0781967213114754,1,0
"8628","No","Female",-0.118,15.202,-0.139803278688525,"Catholic",0.0218032786885246,1,0
"8628","No","Female",-0.648,23.275,-0.139803278688525,"Catholic",-0.508196721311475,1,0
"8628","No","Male",-0.758,0.524,-0.139803278688525,"Catholic",-0.618196721311475,1,1
"8628","No","Female",-0.088,21.022,-0.139803278688525,"Catholic",0.0518032786885246,1,0
"8628","No","Male",0.842,12.66,-0.139803278688525,"Catholic",0.981803278688525,1,1
"8628","No","Female",-0.638,7.183,-0.139803278688525,"Catholic",-0.498196721311475,1,0
"8628","No","Female",-0.558,12.681,-0.139803278688525,"Catholic",-0.418196721311475,1,0
"8628","No","Male",-0.308,18.758,-0.139803278688525,"Catholic",-0.168196721311475,1,1
"8628","No","Male",-0.028,16.813,-0.139803278688525,"Catholic",0.111803278688525,1,1
"8628","No","Female",-0.748,13.06,-0.139803278688525,"Catholic",-0.608196721311475,1,0
"8628","No","Male",0.132,15.749,-0.139803278688525,"Catholic",0.271803278688525,1,1
"8628","No","Female",-0.598,21.008,-0.139803278688525,"Catholic",-0.458196721311475,1,0
"8628","No","Male",-0.858,23.607,-0.139803278688525,"Catholic",-0.718196721311475,1,1
"8628","No","Female",-0.078,16.022,-0.139803278688525,"Catholic",0.0618032786885246,1,0
"8628","No","Female",0.972,16.157,-0.139803278688525,"Catholic",1.11180327868852,1,0
"8628","No","Female",0.382,13.018,-0.139803278688525,"Catholic",0.521803278688525,1,0
"8628","No","Female",-1.008,11.458,-0.139803278688525,"Catholic",-0.868196721311475,1,0
"8628","No","Female",0.192,22.103,-0.139803278688525,"Catholic",0.331803278688525,1,0
"8628","No","Female",-0.448,16.06,-0.139803278688525,"Catholic",-0.308196721311475,1,0
"8628","No","Male",0.542,17.079,-0.139803278688525,"Catholic",0.681803278688525,1,1
"8628","No","Male",0.312,12.804,-0.139803278688525,"Catholic",0.451803278688525,1,1
"8628","No","Female",-0.448,19.281,-0.139803278688525,"Catholic",-0.308196721311475,1,0
"8628","No","Male",0.662,24.993,-0.139803278688525,"Catholic",0.801803278688525,1,1
"8628","No","Male",-0.718,15.649,-0.139803278688525,"Catholic",-0.578196721311475,1,1
"8628","No","Female",-0.738,16.814,-0.139803278688525,"Catholic",-0.598196721311475,1,0
"8628","No","Female",0.552,11.64,-0.139803278688525,"Catholic",0.691803278688525,1,0
"8628","No","Female",-0.588,-0.077,-0.139803278688525,"Catholic",-0.448196721311475,1,0
"8628","No","Female",-0.168,13.917,-0.139803278688525,"Catholic",-0.0281967213114754,1,0
"8628","No","Female",-0.518,21.979,-0.139803278688525,"Catholic",-0.378196721311475,1,0
"8628","No","Male",0.022,21.627,-0.139803278688525,"Catholic",0.161803278688525,1,1
"8628","No","Female",-0.558,21.145,-0.139803278688525,"Catholic",-0.418196721311475,1,0
"8628","No","Female",0.132,12.272,-0.139803278688525,"Catholic",0.271803278688525,1,0
"8628","No","Female",0.192,10.535,-0.139803278688525,"Catholic",0.331803278688525,1,0
"8628","No","Female",-0.028,13.235,-0.139803278688525,"Catholic",0.111803278688525,1,0
"8628","No","Female",-1.098,23.053,-0.139803278688525,"Catholic",-0.958196721311475,1,0
"8628","No","Male",0.642,22.906,-0.139803278688525,"Catholic",0.781803278688525,1,1
"8628","No","Female",0.442,15.184,-0.139803278688525,"Catholic",0.581803278688525,1,0
"8628","No","Male",0.572,9.46,-0.139803278688525,"Catholic",0.711803278688525,1,1
"8628","No","Male",0.512,15.105,-0.139803278688525,"Catholic",0.651803278688525,1,1
"8628","No","Female",-0.628,13.635,-0.139803278688525,"Catholic",-0.488196721311475,1,0
"8628","No","Female",-0.598,18.262,-0.139803278688525,"Catholic",-0.458196721311475,1,0
"8628","No","Female",-0.928,11.138,-0.139803278688525,"Catholic",-0.788196721311475,1,0
"8707","No","Female",0.532,-2.832,0.155125,"Public",0.376875,1,0
"8707","Yes","Male",-0.248,8.348,0.155125,"Public",-0.403125,1,1
"8707","No","Male",0.282,14.538,0.155125,"Public",0.126875,1,1
"8707","Yes","Female",-0.448,8.071,0.155125,"Public",-0.603125,1,0
"8707","No","Female",1.212,17.679,0.155125,"Public",1.056875,1,0
"8707","No","Female",-0.338,5.967,0.155125,"Public",-0.493125,1,0
"8707","Yes","Male",-0.118,3.829,0.155125,"Public",-0.273125,1,1
"8707","No","Male",0.682,19.936,0.155125,"Public",0.526875,1,1
"8707","No","Female",-1.028,1.85,0.155125,"Public",-1.183125,1,0
"8707","No","Female",-0.238,14.173,0.155125,"Public",-0.393125,1,0
"8707","Yes","Female",-1.248,8.337,0.155125,"Public",-1.403125,1,0
"8707","No","Male",0.392,21.074,0.155125,"Public",0.236875,1,1
"8707","Yes","Male",-0.188,14.467,0.155125,"Public",-0.343125,1,1
"8707","No","Female",0.332,19.827,0.155125,"Public",0.176875,1,0
"8707","Yes","Male",0.852,12.843,0.155125,"Public",0.696875,1,1
"8707","No","Male",-0.088,17.306,0.155125,"Public",-0.243125,1,1
"8707","Yes","Female",-1.058,4.101,0.155125,"Public",-1.213125,1,0
"8707","Yes","Female",-0.468,2.868,0.155125,"Public",-0.623125,1,0
"8707","No","Male",1.512,14.976,0.155125,"Public",1.356875,1,1
"8707","No","Female",1.512,18.491,0.155125,"Public",1.356875,1,0
"8707","No","Female",0.652,15.115,0.155125,"Public",0.496875,1,0
"8707","No","Male",1.202,23.522,0.155125,"Public",1.046875,1,1
"8707","No","Female",-0.208,4.75,0.155125,"Public",-0.363125,1,0
"8707","No","Male",1.032,10.142,0.155125,"Public",0.876875,1,1
"8707","No","Male",-0.488,17.252,0.155125,"Public",-0.643125,1,1
"8707","No","Female",0.662,18.867,0.155125,"Public",0.506875,1,0
"8707","Yes","Male",-1.088,10.326,0.155125,"Public",-1.243125,1,1
"8707","No","Female",0.922,13.598,0.155125,"Public",0.766875,1,0
"8707","Yes","Male",0.072,7.96,0.155125,"Public",-0.083125,1,1
"8707","No","Male",0.602,9.167,0.155125,"Public",0.446875,1,1
"8707","No","Male",1.372,12.482,0.155125,"Public",1.216875,1,1
"8707","No","Male",0.132,22.512,0.155125,"Public",-0.023125,1,1
"8707","No","Male",-0.808,21.188,0.155125,"Public",-0.963125,1,1
"8707","No","Female",0.202,18.772,0.155125,"Public",0.046875,1,0
"8707","Yes","Male",-0.228,18.463,0.155125,"Public",-0.383125,1,1
"8707","No","Female",-1.478,8.623,0.155125,"Public",-1.633125,1,0
"8707","No","Male",-0.828,7.458,0.155125,"Public",-0.983125,1,1
"8707","Yes","Male",-0.238,8.432,0.155125,"Public",-0.393125,1,1
"8707","Yes","Female",-0.858,12.167,0.155125,"Public",-1.013125,1,0
"8707","No","Female",-0.238,15.624,0.155125,"Public",-0.393125,1,0
"8707","Yes","Female",0.022,3.787,0.155125,"Public",-0.133125,1,0
"8707","No","Female",1.512,20.237,0.155125,"Public",1.356875,1,0
"8707","No","Female",0.762,20.006,0.155125,"Public",0.606875,1,0
"8707","No","Female",0.172,8.586,0.155125,"Public",0.016875,1,0
"8707","No","Male",0.792,22.102,0.155125,"Public",0.636875,1,1
"8707","No","Female",-0.458,15.668,0.155125,"Public",-0.613125,1,0
"8707","Yes","Female",1.512,18.47,0.155125,"Public",1.356875,1,0
"8707","No","Female",0.902,7.304,0.155125,"Public",0.746875,1,0
"8775","No","Female",-0.948,6.19,-0.339666666666667,"Public",-0.608333333333333,1,0
"8775","Yes","Male",-0.938,2.03,-0.339666666666667,"Public",-0.598333333333333,1,1
"8775","No","Male",-1.118,2.868,-0.339666666666667,"Public",-0.778333333333334,1,1
"8775","No","Male",0.812,11.103,-0.339666666666667,"Public",1.15166666666667,1,1
"8775","No","Female",0.072,15.712,-0.339666666666667,"Public",0.411666666666667,1,0
"8775","Yes","Male",0.382,8.085,-0.339666666666667,"Public",0.721666666666667,1,1
"8775","No","Male",-1.068,12.409,-0.339666666666667,"Public",-0.728333333333333,1,1
"8775","Yes","Female",-0.638,3.322,-0.339666666666667,"Public",-0.298333333333333,1,0
"8775","Yes","Female",-0.738,3.245,-0.339666666666667,"Public",-0.398333333333333,1,0
"8775","No","Female",0.132,8.329,-0.339666666666667,"Public",0.471666666666667,1,0
"8775","No","Female",-0.878,8.329,-0.339666666666667,"Public",-0.538333333333333,1,0
"8775","Yes","Female",-0.348,4.406,-0.339666666666667,"Public",-0.00833333333333336,1,0
"8775","No","Female",1.022,7.706,-0.339666666666667,"Public",1.36166666666667,1,0
"8775","No","Male",0.632,7.925,-0.339666666666667,"Public",0.971666666666667,1,1
"8775","No","Male",-0.578,3.379,-0.339666666666667,"Public",-0.238333333333333,1,1
"8775","No","Male",0.072,0.475,-0.339666666666667,"Public",0.411666666666667,1,1
"8775","No","Male",-0.398,18.378,-0.339666666666667,"Public",-0.0583333333333334,1,1
"8775","Yes","Male",-1.468,16.207,-0.339666666666667,"Public",-1.12833333333333,1,1
"8775","No","Female",-0.108,8.265,-0.339666666666667,"Public",0.231666666666667,1,0
"8775","No","Male",-0.818,4.971,-0.339666666666667,"Public",-0.478333333333333,1,1
"8775","No","Male",0.272,13.168,-0.339666666666667,"Public",0.611666666666667,1,1
"8775","No","Female",-0.928,15.78,-0.339666666666667,"Public",-0.588333333333333,1,0
"8775","Yes","Male",-1.358,13.99,-0.339666666666667,"Public",-1.01833333333333,1,1
"8775","No","Female",-0.028,14.757,-0.339666666666667,"Public",0.311666666666667,1,0
"8775","No","Male",-0.188,22.135,-0.339666666666667,"Public",0.151666666666667,1,1
"8775","Yes","Male",-1.258,7.186,-0.339666666666667,"Public",-0.918333333333333,1,1
"8775","No","Female",-0.258,3.461,-0.339666666666667,"Public",0.0816666666666666,1,0
"8775","No","Female",-0.008,8.295,-0.339666666666667,"Public",0.331666666666667,1,0
"8775","No","Female",-0.228,12.233,-0.339666666666667,"Public",0.111666666666667,1,0
"8775","No","Female",0.192,7.218,-0.339666666666667,"Public",0.531666666666667,1,0
"8775","No","Female",0.532,4.191,-0.339666666666667,"Public",0.871666666666667,1,0
"8775","No","Male",-0.308,8.715,-0.339666666666667,"Public",0.0316666666666666,1,1
"8775","Yes","Female",-1.408,8.29,-0.339666666666667,"Public",-1.06833333333333,1,0
"8775","No","Female",-0.668,16.424,-0.339666666666667,"Public",-0.328333333333333,1,0
"8775","No","Female",-0.678,13.971,-0.339666666666667,"Public",-0.338333333333333,1,0
"8775","No","Male",-0.318,15.991,-0.339666666666667,"Public",0.0216666666666666,1,1
"8775","No","Female",-0.408,12.19,-0.339666666666667,"Public",-0.0683333333333334,1,0
"8775","Yes","Female",-0.498,11.534,-0.339666666666667,"Public",-0.158333333333333,1,0
"8775","No","Male",-1.358,10.696,-0.339666666666667,"Public",-1.01833333333333,1,1
"8775","No","Female",0.772,10.841,-0.339666666666667,"Public",1.11166666666667,1,0
"8775","No","Male",0.202,9.625,-0.339666666666667,"Public",0.541666666666667,1,1
"8775","No","Female",0.402,4.45,-0.339666666666667,"Public",0.741666666666667,1,0
"8775","No","Male",0.942,22.027,-0.339666666666667,"Public",1.28166666666667,1,1
"8775","No","Male",-1.088,5.342,-0.339666666666667,"Public",-0.748333333333334,1,1
"8775","No","Male",-0.128,20.219,-0.339666666666667,"Public",0.211666666666667,1,1
"8775","Yes","Male",0.292,6.766,-0.339666666666667,"Public",0.631666666666667,1,1
"8775","No","Female",-0.738,-1.443,-0.339666666666667,"Public",-0.398333333333333,1,0
"8775","Yes","Male",-1.138,3.03,-0.339666666666667,"Public",-0.798333333333333,1,1
"8800","Yes","Female",-1.938,1.337,-0.70925,"Catholic",-1.22875,1,0
"8800","Yes","Female",-0.498,10.971,-0.70925,"Catholic",0.21125,1,0
"8800","Yes","Female",-0.748,3.528,-0.70925,"Catholic",-0.0387500000000001,1,0
"8800","Yes","Female",-0.508,7.562,-0.70925,"Catholic",0.20125,1,0
"8800","Yes","Female",-0.688,6.574,-0.70925,"Catholic",0.02125,1,0
"8800","No","Female",-0.028,7.625,-0.70925,"Catholic",0.68125,1,0
"8800","Yes","Female",-1.288,1.938,-0.70925,"Catholic",-0.57875,1,0
"8800","Yes","Female",-1.138,5.21,-0.70925,"Catholic",-0.42875,1,0
"8800","No","Female",-0.908,11.026,-0.70925,"Catholic",-0.19875,1,0
"8800","Yes","Female",-0.658,1.759,-0.70925,"Catholic",0.0512499999999999,1,0
"8800","No","Female",-1.448,13.904,-0.70925,"Catholic",-0.73875,1,0
"8800","Yes","Female",-0.658,11.928,-0.70925,"Catholic",0.0512499999999999,1,0
"8800","Yes","Female",-1.138,7.394,-0.70925,"Catholic",-0.42875,1,0
"8800","Yes","Female",-0.878,4.078,-0.70925,"Catholic",-0.16875,1,0
"8800","Yes","Female",0.192,0.911,-0.70925,"Catholic",0.90125,1,0
"8800","No","Female",0.162,21.687,-0.70925,"Catholic",0.87125,1,0
"8800","Yes","Female",-1.248,2.455,-0.70925,"Catholic",-0.53875,1,0
"8800","Yes","Female",-1.368,17.461,-0.70925,"Catholic",-0.65875,1,0
"8800","Yes","Female",-0.378,0.117,-0.70925,"Catholic",0.33125,1,0
"8800","Yes","Female",-0.818,-0.22,-0.70925,"Catholic",-0.10875,1,0
"8800","Yes","Female",-0.608,12.976,-0.70925,"Catholic",0.10125,1,0
"8800","Yes","Female",0.792,20.781,-0.70925,"Catholic",1.50125,1,0
"8800","Yes","Female",-0.718,19.662,-0.70925,"Catholic",-0.00875000000000004,1,0
"8800","Yes","Female",-0.708,4.626,-0.70925,"Catholic",0.00124999999999997,1,0
"8800","Yes","Female",-1.118,2.895,-0.70925,"Catholic",-0.40875,1,0
"8800","No","Female",-1.658,3.548,-0.70925,"Catholic",-0.94875,1,0
"8800","No","Female",0.502,8.854,-0.70925,"Catholic",1.21125,1,0
"8800","Yes","Female",-2.088,7.202,-0.70925,"Catholic",-1.37875,1,0
"8800","Yes","Female",-1.208,6.635,-0.70925,"Catholic",-0.49875,1,0
"8800","No","Female",-1.478,-2.641,-0.70925,"Catholic",-0.76875,1,0
"8800","No","Female",1.122,12.82,-0.70925,"Catholic",1.83125,1,0
"8800","Yes","Female",0.452,0.147,-0.70925,"Catholic",1.16125,1,0
"8854","No","Male",-0.508,-2.081,-0.75675,"Public",0.24875,1,1
"8854","No","Female",-0.608,4.773,-0.75675,"Public",0.14875,1,0
"8854","No","Male",-0.468,1.452,-0.75675,"Public",0.28875,1,1
"8854","No","Female",-0.538,7.65,-0.75675,"Public",0.21875,1,0
"8854","No","Male",1.242,9.902,-0.75675,"Public",1.99875,1,1
"8854","No","Male",-0.408,-2.832,-0.75675,"Public",0.34875,1,1
"8854","No","Male",-1.328,12.856,-0.75675,"Public",-0.57125,1,1
"8854","No","Male",-1.078,0.914,-0.75675,"Public",-0.32125,1,1
"8854","No","Female",-0.938,12.727,-0.75675,"Public",-0.18125,1,0
"8854","No","Female",-0.238,-2.832,-0.75675,"Public",0.51875,1,0
"8854","Yes","Male",-0.608,3.781,-0.75675,"Public",0.14875,1,1
"8854","Yes","Male",-0.578,-1.714,-0.75675,"Public",0.17875,1,1
"8854","No","Male",0.462,8.853,-0.75675,"Public",1.21875,1,1
"8854","No","Female",-0.448,12.224,-0.75675,"Public",0.30875,1,0
"8854","No","Female",-0.108,2.188,-0.75675,"Public",0.64875,1,0
"8854","No","Female",-0.368,4.62,-0.75675,"Public",0.38875,1,0
"8854","No","Female",-0.818,2.63,-0.75675,"Public",-0.0612499999999999,1,0
"8854","No","Female",-1.248,5.343,-0.75675,"Public",-0.49125,1,0
"8854","No","Female",-0.888,6.937,-0.75675,"Public",-0.13125,1,0
"8854","Yes","Male",-2.108,-2.262,-0.75675,"Public",-1.35125,1,1
"8854","No","Male",-2.188,-0.895,-0.75675,"Public",-1.43125,1,1
"8854","No","Male",1.212,17.672,-0.75675,"Public",1.96875,1,1
"8854","No","Female",-2.178,4.606,-0.75675,"Public",-1.42125,1,0
"8854","Yes","Male",-0.758,-1.094,-0.75675,"Public",-0.00124999999999997,1,1
"8854","No","Female",-1.448,5.122,-0.75675,"Public",-0.69125,1,0
"8854","No","Female",-0.418,4.918,-0.75675,"Public",0.33875,1,0
"8854","No","Male",-0.518,1.504,-0.75675,"Public",0.23875,1,1
"8854","Yes","Female",-0.778,-1.843,-0.75675,"Public",-0.02125,1,0
"8854","Yes","Female",-1.898,6.191,-0.75675,"Public",-1.14125,1,0
"8854","No","Female",-0.958,-2.658,-0.75675,"Public",-0.20125,1,0
"8854","No","Male",-1.438,6.306,-0.75675,"Public",-0.68125,1,1
"8854","No","Female",-1.268,10.715,-0.75675,"Public",-0.51125,1,0
"8857","Yes","Male",0.532,14.007,0.51715625,"Catholic",0.01484375,1,1
"8857","Yes","Female",0.052,18.61,0.51715625,"Catholic",-0.46515625,1,0
"8857","Yes","Male",0.032,11.46,0.51715625,"Catholic",-0.48515625,1,1
"8857","No","Male",-0.548,18.314,0.51715625,"Catholic",-1.06515625,1,1
"8857","Yes","Male",0.192,11.485,0.51715625,"Catholic",-0.32515625,1,1
"8857","Yes","Female",-0.158,13.918,0.51715625,"Catholic",-0.67515625,1,0
"8857","Yes","Female",0.262,15.323,0.51715625,"Catholic",-0.25515625,1,0
"8857","Yes","Female",-0.158,16.187,0.51715625,"Catholic",-0.67515625,1,0
"8857","Yes","Female",-0.528,17.642,0.51715625,"Catholic",-1.04515625,1,0
"8857","No","Female",0.512,17.492,0.51715625,"Catholic",-0.00515624999999997,1,0
"8857","Yes","Male",0.722,13.518,0.51715625,"Catholic",0.20484375,1,1
"8857","Yes","Female",1.512,16.408,0.51715625,"Catholic",0.99484375,1,0
"8857","Yes","Male",0.452,13.164,0.51715625,"Catholic",-0.06515625,1,1
"8857","Yes","Male",0.142,7.478,0.51715625,"Catholic",-0.37515625,1,1
"8857","Yes","Female",0.392,19.401,0.51715625,"Catholic",-0.12515625,1,0
"8857","Yes","Female",0.562,14.272,0.51715625,"Catholic",0.0448437500000001,1,0
"8857","No","Male",0.262,12.735,0.51715625,"Catholic",-0.25515625,1,1
"8857","Yes","Male",1.512,19.658,0.51715625,"Catholic",0.99484375,1,1
"8857","Yes","Male",0.722,12.285,0.51715625,"Catholic",0.20484375,1,1
"8857","Yes","Female",0.462,20.688,0.51715625,"Catholic",-0.05515625,1,0
"8857","Yes","Female",0.542,22.889,0.51715625,"Catholic",0.0248437500000001,1,0
"8857","Yes","Female",0.112,8.915,0.51715625,"Catholic",-0.40515625,1,0
"8857","Yes","Male",-0.768,18.904,0.51715625,"Catholic",-1.28515625,1,1
"8857","No","Female",0.892,17.413,0.51715625,"Catholic",0.37484375,1,0
"8857","Yes","Female",0.952,20.809,0.51715625,"Catholic",0.43484375,1,0
"8857","No","Female",1.022,18.757,0.51715625,"Catholic",0.50484375,1,0
"8857","Yes","Female",0.422,18.866,0.51715625,"Catholic",-0.09515625,1,0
"8857","No","Female",0.792,20.185,0.51715625,"Catholic",0.27484375,1,0
"8857","No","Female",1.362,13.342,0.51715625,"Catholic",0.84484375,1,0
"8857","No","Male",-0.208,21.498,0.51715625,"Catholic",-0.72515625,1,1
"8857","No","Female",0.642,14.082,0.51715625,"Catholic",0.12484375,1,0
"8857","Yes","Male",1.102,12.468,0.51715625,"Catholic",0.58484375,1,1
"8857","Yes","Male",-0.488,6.865,0.51715625,"Catholic",-1.00515625,1,1
"8857","No","Female",1.512,23.652,0.51715625,"Catholic",0.99484375,1,0
"8857","No","Female",0.512,18.621,0.51715625,"Catholic",-0.00515624999999997,1,0
"8857","Yes","Female",0.732,19.334,0.51715625,"Catholic",0.21484375,1,0
"8857","Yes","Female",0.292,-0.217,0.51715625,"Catholic",-0.22515625,1,0
"8857","No","Female",0.542,17.683,0.51715625,"Catholic",0.0248437500000001,1,0
"8857","Yes","Female",0.782,19.392,0.51715625,"Catholic",0.26484375,1,0
"8857","Yes","Female",1.222,12.69,0.51715625,"Catholic",0.70484375,1,0
"8857","Yes","Female",1.182,16.06,0.51715625,"Catholic",0.66484375,1,0
"8857","Yes","Male",0.512,-1.409,0.51715625,"Catholic",-0.00515624999999997,1,1
"8857","No","Female",0.312,16.735,0.51715625,"Catholic",-0.20515625,1,0
"8857","Yes","Female",0.302,10.87,0.51715625,"Catholic",-0.21515625,1,0
"8857","Yes","Male",0.192,17.414,0.51715625,"Catholic",-0.32515625,1,1
"8857","No","Female",1.042,-0.14,0.51715625,"Catholic",0.52484375,1,0
"8857","Yes","Female",0.782,19.355,0.51715625,"Catholic",0.26484375,1,0
"8857","No","Male",0.632,19.919,0.51715625,"Catholic",0.11484375,1,1
"8857","Yes","Female",0.852,17.711,0.51715625,"Catholic",0.33484375,1,0
"8857","Yes","Female",0.952,16.748,0.51715625,"Catholic",0.43484375,1,0
"8857","Yes","Male",1.512,17.281,0.51715625,"Catholic",0.99484375,1,1
"8857","Yes","Female",-0.178,7.126,0.51715625,"Catholic",-0.69515625,1,0
"8857","Yes","Female",1.052,14.412,0.51715625,"Catholic",0.53484375,1,0
"8857","Yes","Female",0.212,17.711,0.51715625,"Catholic",-0.30515625,1,0
"8857","Yes","Male",0.592,15.016,0.51715625,"Catholic",0.07484375,1,1
"8857","Yes","Female",0.582,21.696,0.51715625,"Catholic",0.06484375,1,0
"8857","Yes","Male",0.502,22.88,0.51715625,"Catholic",-0.01515625,1,1
"8857","Yes","Male",1.172,7.91,0.51715625,"Catholic",0.65484375,1,1
"8857","No","Male",1.192,12.502,0.51715625,"Catholic",0.67484375,1,1
"8857","Yes","Female",0.062,21.384,0.51715625,"Catholic",-0.45515625,1,0
"8857","Yes","Female",-0.138,10.181,0.51715625,"Catholic",-0.65515625,1,0
"8857","Yes","Female",-0.058,17.408,0.51715625,"Catholic",-0.57515625,1,0
"8857","Yes","Male",0.582,12.123,0.51715625,"Catholic",0.06484375,1,1
"8857","Yes","Female",0.352,17.918,0.51715625,"Catholic",-0.16515625,1,0
"8874","Yes","Male",-0.108,2.362,-0.340777777777778,"Public",0.232777777777778,1,1
"8874","No","Female",0.102,20.746,-0.340777777777778,"Public",0.442777777777778,1,0
"8874","No","Female",0.972,19.311,-0.340777777777778,"Public",1.31277777777778,1,0
"8874","No","Male",0.132,8.902,-0.340777777777778,"Public",0.472777777777778,1,1
"8874","Yes","Male",-1.788,4.573,-0.340777777777778,"Public",-1.44722222222222,1,1
"8874","No","Female",-0.358,20.171,-0.340777777777778,"Public",-0.0172222222222222,1,0
"8874","No","Female",-0.928,3.16,-0.340777777777778,"Public",-0.587222222222222,1,0
"8874","Yes","Female",-0.838,1.711,-0.340777777777778,"Public",-0.497222222222222,1,0
"8874","No","Female",-0.808,8.11,-0.340777777777778,"Public",-0.467222222222222,1,0
"8874","Yes","Female",0.652,15.577,-0.340777777777778,"Public",0.992777777777778,1,0
"8874","No","Female",-0.008,23.286,-0.340777777777778,"Public",0.332777777777778,1,0
"8874","Yes","Male",-2.498,2.883,-0.340777777777778,"Public",-2.15722222222222,1,1
"8874","Yes","Female",-0.268,2.272,-0.340777777777778,"Public",0.0727777777777778,1,0
"8874","Yes","Female",0.032,3.519,-0.340777777777778,"Public",0.372777777777778,1,0
"8874","Yes","Female",0.012,5.27,-0.340777777777778,"Public",0.352777777777778,1,0
"8874","Yes","Male",-0.238,15.009,-0.340777777777778,"Public",0.102777777777778,1,1
"8874","No","Male",-0.178,20.679,-0.340777777777778,"Public",0.162777777777778,1,1
"8874","No","Male",-0.118,10.637,-0.340777777777778,"Public",0.222777777777778,1,1
"8874","No","Female",-0.568,7.779,-0.340777777777778,"Public",-0.227222222222222,1,0
"8874","No","Female",-1.058,7.957,-0.340777777777778,"Public",-0.717222222222222,1,0
"8874","No","Female",0.612,15.863,-0.340777777777778,"Public",0.952777777777778,1,0
"8874","No","Male",-0.258,14.204,-0.340777777777778,"Public",0.0827777777777778,1,1
"8874","Yes","Male",0.732,20.879,-0.340777777777778,"Public",1.07277777777778,1,1
"8874","No","Female",-0.698,19.71,-0.340777777777778,"Public",-0.357222222222222,1,0
"8874","Yes","Male",-0.738,13.474,-0.340777777777778,"Public",-0.397222222222222,1,1
"8874","Yes","Female",-0.878,11.694,-0.340777777777778,"Public",-0.537222222222222,1,0
"8874","No","Male",-0.668,10.731,-0.340777777777778,"Public",-0.327222222222222,1,1
"8874","No","Female",0.822,7.606,-0.340777777777778,"Public",1.16277777777778,1,0
"8874","No","Male",-0.768,21.448,-0.340777777777778,"Public",-0.427222222222222,1,1
"8874","No","Male",-0.648,17.453,-0.340777777777778,"Public",-0.307222222222222,1,1
"8874","No","Male",0.652,24.479,-0.340777777777778,"Public",0.992777777777778,1,1
"8874","No","Female",-0.258,8.668,-0.340777777777778,"Public",0.0827777777777778,1,0
"8874","No","Male",-0.478,11.83,-0.340777777777778,"Public",-0.137222222222222,1,1
"8874","No","Female",-0.318,18.384,-0.340777777777778,"Public",0.0227777777777778,1,0
"8874","Yes","Female",-1.158,9.17,-0.340777777777778,"Public",-0.817222222222222,1,0
"8874","No","Female",-0.358,4.474,-0.340777777777778,"Public",-0.0172222222222222,1,0
"8946","No","Male",-1.488,19.173,-0.351448275862069,"Public",-1.13655172413793,1,1
"8946","No","Male",-0.878,-2.832,-0.351448275862069,"Public",-0.526551724137931,1,1
"8946","No","Male",-0.148,24.172,-0.351448275862069,"Public",0.203448275862069,1,1
"8946","No","Male",1.032,21.453,-0.351448275862069,"Public",1.38344827586207,1,1
"8946","No","Male",-0.238,21.795,-0.351448275862069,"Public",0.113448275862069,1,1
"8946","No","Male",0.902,13.671,-0.351448275862069,"Public",1.25344827586207,1,1
"8946","No","Male",-0.438,6.594,-0.351448275862069,"Public",-0.086551724137931,1,1
"8946","Yes","Male",-1.128,3.92,-0.351448275862069,"Public",-0.776551724137931,1,1
"8946","No","Male",-0.258,20.008,-0.351448275862069,"Public",0.0934482758620689,1,1
"8946","No","Male",0.572,14.082,-0.351448275862069,"Public",0.923448275862069,1,1
"8946","No","Male",-0.508,11.248,-0.351448275862069,"Public",-0.156551724137931,1,1
"8946","No","Female",-1.008,14.962,-0.351448275862069,"Public",-0.656551724137931,1,0
"8946","No","Female",0.242,13.352,-0.351448275862069,"Public",0.593448275862069,1,0
"8946","No","Female",-0.258,10.124,-0.351448275862069,"Public",0.0934482758620689,1,0
"8946","No","Female",-0.478,8.391,-0.351448275862069,"Public",-0.126551724137931,1,0
"8946","No","Female",0.622,18.457,-0.351448275862069,"Public",0.973448275862069,1,0
"8946","Yes","Female",-0.598,6.839,-0.351448275862069,"Public",-0.246551724137931,1,0
"8946","No","Female",0.312,12.346,-0.351448275862069,"Public",0.663448275862069,1,0
"8946","No","Female",-0.718,3.47,-0.351448275862069,"Public",-0.366551724137931,1,0
"8946","No","Female",-0.078,15.283,-0.351448275862069,"Public",0.273448275862069,1,0
"8946","No","Female",0.552,17.316,-0.351448275862069,"Public",0.903448275862069,1,0
"8946","No","Female",-0.638,7.328,-0.351448275862069,"Public",-0.286551724137931,1,0
"8946","No","Female",-0.078,17.221,-0.351448275862069,"Public",0.273448275862069,1,0
"8946","No","Female",-1.258,7.328,-0.351448275862069,"Public",-0.906551724137931,1,0
"8946","No","Female",-1.998,15.81,-0.351448275862069,"Public",-1.64655172413793,1,0
"8946","No","Female",-2.028,4.247,-0.351448275862069,"Public",-1.67655172413793,1,0
"8946","No","Female",-0.308,19.331,-0.351448275862069,"Public",0.043448275862069,1,0
"8946","No","Male",0.542,5.441,-0.351448275862069,"Public",0.893448275862069,1,1
"8946","No","Male",-1.278,9.846,-0.351448275862069,"Public",-0.926551724137931,1,1
"8946","No","Male",-0.448,9.024,-0.351448275862069,"Public",-0.0965517241379311,1,1
"8946","No","Male",-0.058,16.964,-0.351448275862069,"Public",0.293448275862069,1,1
"8946","No","Male",0.322,4.285,-0.351448275862069,"Public",0.673448275862069,1,1
"8946","No","Male",0.182,18.107,-0.351448275862069,"Public",0.533448275862069,1,1
"8946","No","Male",-1.228,2.788,-0.351448275862069,"Public",-0.876551724137931,1,1
"8946","No","Male",0.202,-2.482,-0.351448275862069,"Public",0.553448275862069,1,1
"8946","No","Male",-0.218,17.271,-0.351448275862069,"Public",0.133448275862069,1,1
"8946","No","Male",0.012,12.55,-0.351448275862069,"Public",0.363448275862069,1,1
"8946","No","Male",-1.148,1.764,-0.351448275862069,"Public",-0.796551724137931,1,1
"8946","No","Male",0.922,-0.899,-0.351448275862069,"Public",1.27344827586207,1,1
"8946","No","Male",-0.198,7.491,-0.351448275862069,"Public",0.153448275862069,1,1
"8946","No","Male",-1.398,12.514,-0.351448275862069,"Public",-1.04655172413793,1,1
"8946","No","Male",0.512,-2.072,-0.351448275862069,"Public",0.863448275862069,1,1
"8946","No","Male",0.472,8.723,-0.351448275862069,"Public",0.823448275862069,1,1
"8946","No","Female",-0.868,4.166,-0.351448275862069,"Public",-0.516551724137931,1,0
"8946","No","Female",-0.578,7.813,-0.351448275862069,"Public",-0.226551724137931,1,0
"8946","No","Female",-0.398,6.651,-0.351448275862069,"Public",-0.0465517241379311,1,0
"8946","No","Female",-1.408,8.849,-0.351448275862069,"Public",-1.05655172413793,1,0
"8946","No","Female",-0.538,7.665,-0.351448275862069,"Public",-0.186551724137931,1,0
"8946","No","Female",0.182,3.075,-0.351448275862069,"Public",0.533448275862069,1,0
"8946","No","Female",-1.028,9.051,-0.351448275862069,"Public",-0.676551724137931,1,0
"8946","No","Female",-1.878,6.055,-0.351448275862069,"Public",-1.52655172413793,1,0
"8946","No","Female",0.442,17.409,-0.351448275862069,"Public",0.793448275862069,1,0
"8946","No","Female",0.742,13.963,-0.351448275862069,"Public",1.09344827586207,1,0
"8946","No","Female",0.062,4.218,-0.351448275862069,"Public",0.413448275862069,1,0
"8946","Yes","Female",-0.468,10.722,-0.351448275862069,"Public",-0.116551724137931,1,0
"8946","No","Female",-1.188,6.841,-0.351448275862069,"Public",-0.836551724137931,1,0
"8946","No","Female",-0.118,14.024,-0.351448275862069,"Public",0.233448275862069,1,0
"8946","No","Female",-0.238,14.849,-0.351448275862069,"Public",0.113448275862069,1,0
"8983","No","Female",-0.418,2.723,-0.293882352941176,"Public",-0.124117647058823,1,0
"8983","No","Female",1.352,20.864,-0.293882352941176,"Public",1.64588235294118,1,0
"8983","No","Male",-0.748,10.897,-0.293882352941176,"Public",-0.454117647058824,1,1
"8983","No","Female",0.872,15.817,-0.293882352941176,"Public",1.16588235294118,1,0
"8983","No","Male",0.572,10.611,-0.293882352941176,"Public",0.865882352941176,1,1
"8983","No","Male",-1.258,22.229,-0.293882352941176,"Public",-0.964117647058824,1,1
"8983","No","Female",-0.448,2.104,-0.293882352941176,"Public",-0.154117647058824,1,0
"8983","No","Female",0.002,5.437,-0.293882352941176,"Public",0.295882352941176,1,0
"8983","No","Female",-0.358,5.128,-0.293882352941176,"Public",-0.0641176470588235,1,0
"8983","No","Female",-0.038,17.076,-0.293882352941176,"Public",0.255882352941177,1,0
"8983","Yes","Male",0.282,13.49,-0.293882352941176,"Public",0.575882352941177,1,1
"8983","No","Female",-0.598,4.805,-0.293882352941176,"Public",-0.304117647058823,1,0
"8983","No","Male",-0.708,21.119,-0.293882352941176,"Public",-0.414117647058823,1,1
"8983","No","Male",0.092,14.574,-0.293882352941176,"Public",0.385882352941176,1,1
"8983","No","Male",0.142,16.017,-0.293882352941176,"Public",0.435882352941176,1,1
"8983","No","Female",-0.028,8.092,-0.293882352941176,"Public",0.265882352941176,1,0
"8983","No","Female",-1.268,-0.229,-0.293882352941176,"Public",-0.974117647058824,1,0
"8983","No","Male",-1.098,9.508,-0.293882352941176,"Public",-0.804117647058824,1,1
"8983","No","Male",-0.048,8.95,-0.293882352941176,"Public",0.245882352941176,1,1
"8983","No","Male",-0.338,5.864,-0.293882352941176,"Public",-0.0441176470588235,1,1
"8983","No","Male",0.082,9.841,-0.293882352941176,"Public",0.375882352941177,1,1
"8983","No","Female",-0.918,17.207,-0.293882352941176,"Public",-0.624117647058824,1,0
"8983","No","Male",-0.658,8.759,-0.293882352941176,"Public",-0.364117647058824,1,1
"8983","No","Male",-0.078,3.5,-0.293882352941176,"Public",0.215882352941176,1,1
"8983","No","Male",-1.628,17.259,-0.293882352941176,"Public",-1.33411764705882,1,1
"8983","No","Male",-0.508,13.133,-0.293882352941176,"Public",-0.214117647058824,1,1
"8983","No","Male",0.732,17.772,-0.293882352941176,"Public",1.02588235294118,1,1
"8983","No","Male",-0.108,-1.161,-0.293882352941176,"Public",0.185882352941176,1,1
"8983","No","Male",-0.168,10.112,-0.293882352941176,"Public",0.125882352941176,1,1
"8983","No","Female",-0.138,10.649,-0.293882352941176,"Public",0.155882352941176,1,0
"8983","No","Male",-0.638,22.814,-0.293882352941176,"Public",-0.344117647058824,1,1
"8983","No","Male",-0.158,9.909,-0.293882352941176,"Public",0.135882352941176,1,1
"8983","No","Female",-1.538,0.209,-0.293882352941176,"Public",-1.24411764705882,1,0
"8983","No","Female",-0.508,14.037,-0.293882352941176,"Public",-0.214117647058824,1,0
"8983","No","Male",0.032,17.473,-0.293882352941176,"Public",0.325882352941177,1,1
"8983","No","Male",0.882,16.818,-0.293882352941176,"Public",1.17588235294118,1,1
"8983","No","Male",0.102,5.808,-0.293882352941176,"Public",0.395882352941176,1,1
"8983","No","Male",0.832,5.601,-0.293882352941176,"Public",1.12588235294118,1,1
"8983","No","Female",-0.638,12.138,-0.293882352941176,"Public",-0.344117647058824,1,0
"8983","No","Male",0.202,16.515,-0.293882352941176,"Public",0.495882352941176,1,1
"8983","No","Male",-0.648,20.622,-0.293882352941176,"Public",-0.354117647058824,1,1
"8983","No","Female",0.072,8.025,-0.293882352941176,"Public",0.365882352941176,1,0
"8983","No","Female",-1.158,10.946,-0.293882352941176,"Public",-0.864117647058823,1,0
"8983","No","Female",-1.308,10.981,-0.293882352941176,"Public",-1.01411764705882,1,0
"8983","No","Female",-0.718,1.824,-0.293882352941176,"Public",-0.424117647058823,1,0
"8983","No","Male",-0.708,5.659,-0.293882352941176,"Public",-0.414117647058823,1,1
"8983","No","Male",-0.398,23.362,-0.293882352941176,"Public",-0.104117647058824,1,1
"8983","No","Female",0.202,9.138,-0.293882352941176,"Public",0.495882352941176,1,0
"8983","No","Male",-0.658,12.283,-0.293882352941176,"Public",-0.364117647058824,1,1
"8983","No","Female",-0.598,10.072,-0.293882352941176,"Public",-0.304117647058823,1,0
"8983","No","Female",-0.208,4.211,-0.293882352941176,"Public",0.0858823529411765,1,0
"9021","No","Male",0.402,16.685,0.626642857142857,"Catholic",-0.224642857142857,1,1
"9021","No","Male",-0.138,10.179,0.626642857142857,"Catholic",-0.764642857142857,1,1
"9021","No","Male",0.032,23.032,0.626642857142857,"Catholic",-0.594642857142857,1,1
"9021","No","Male",0.692,19.422,0.626642857142857,"Catholic",0.0653571428571428,1,1
"9021","No","Female",-0.268,10.166,0.626642857142857,"Catholic",-0.894642857142857,1,0
"9021","No","Male",0.222,6.416,0.626642857142857,"Catholic",-0.404642857142857,1,1
"9021","No","Male",1.372,17.511,0.626642857142857,"Catholic",0.745357142857143,1,1
"9021","No","Male",0.822,18.686,0.626642857142857,"Catholic",0.195357142857143,1,1
"9021","Yes","Female",0.712,15.924,0.626642857142857,"Catholic",0.0853571428571428,1,0
"9021","No","Male",1.342,22.345,0.626642857142857,"Catholic",0.715357142857143,1,1
"9021","No","Male",1.512,9.93,0.626642857142857,"Catholic",0.885357142857143,1,1
"9021","No","Female",0.612,13.446,0.626642857142857,"Catholic",-0.0146428571428572,1,0
"9021","No","Female",0.882,18.884,0.626642857142857,"Catholic",0.255357142857143,1,0
"9021","Yes","Female",1.032,13.92,0.626642857142857,"Catholic",0.405357142857143,1,0
"9021","No","Female",0.212,12.508,0.626642857142857,"Catholic",-0.414642857142857,1,0
"9021","No","Female",0.212,14.704,0.626642857142857,"Catholic",-0.414642857142857,1,0
"9021","No","Male",1.192,21.511,0.626642857142857,"Catholic",0.565357142857143,1,1
"9021","No","Female",0.832,15.8,0.626642857142857,"Catholic",0.205357142857143,1,0
"9021","No","Male",0.672,20.986,0.626642857142857,"Catholic",0.0453571428571429,1,1
"9021","No","Male",1.242,14.009,0.626642857142857,"Catholic",0.615357142857143,1,1
"9021","No","Female",0.872,18.408,0.626642857142857,"Catholic",0.245357142857143,1,0
"9021","No","Male",0.112,14.885,0.626642857142857,"Catholic",-0.514642857142857,1,1
"9021","Yes","Male",0.232,8.225,0.626642857142857,"Catholic",-0.394642857142857,1,1
"9021","No","Male",0.932,19.068,0.626642857142857,"Catholic",0.305357142857143,1,1
"9021","No","Female",1.072,12.915,0.626642857142857,"Catholic",0.445357142857143,1,0
"9021","Yes","Female",0.272,4.894,0.626642857142857,"Catholic",-0.354642857142857,1,0
"9021","Yes","Female",0.882,21.904,0.626642857142857,"Catholic",0.255357142857143,1,0
"9021","No","Male",0.482,14.638,0.626642857142857,"Catholic",-0.144642857142857,1,1
"9021","No","Male",-0.018,9.533,0.626642857142857,"Catholic",-0.644642857142857,1,1
"9021","No","Female",1.072,22.768,0.626642857142857,"Catholic",0.445357142857143,1,0
"9021","No","Female",0.462,1.424,0.626642857142857,"Catholic",-0.164642857142857,1,0
"9021","No","Male",1.182,18.309,0.626642857142857,"Catholic",0.555357142857143,1,1
"9021","No","Male",0.402,14.622,0.626642857142857,"Catholic",-0.224642857142857,1,1
"9021","No","Male",1.202,17.824,0.626642857142857,"Catholic",0.575357142857143,1,1
"9021","No","Male",-0.498,6.774,0.626642857142857,"Catholic",-1.12464285714286,1,1
"9021","No","Female",1.222,18.277,0.626642857142857,"Catholic",0.595357142857143,1,0
"9021","No","Female",-0.428,18.099,0.626642857142857,"Catholic",-1.05464285714286,1,0
"9021","No","Female",-0.588,13.149,0.626642857142857,"Catholic",-1.21464285714286,1,0
"9021","No","Female",-0.308,15.624,0.626642857142857,"Catholic",-0.934642857142857,1,0
"9021","No","Female",-0.098,14.191,0.626642857142857,"Catholic",-0.724642857142857,1,0
"9021","No","Female",0.162,10.975,0.626642857142857,"Catholic",-0.464642857142857,1,0
"9021","No","Male",0.632,13.435,0.626642857142857,"Catholic",0.00535714285714284,1,1
"9021","No","Female",1.512,11.363,0.626642857142857,"Catholic",0.885357142857143,1,0
"9021","No","Male",0.632,16.656,0.626642857142857,"Catholic",0.00535714285714284,1,1
"9021","No","Female",-0.378,20.577,0.626642857142857,"Catholic",-1.00464285714286,1,0
"9021","No","Female",0.012,0.369,0.626642857142857,"Catholic",-0.614642857142857,1,0
"9021","No","Female",1.512,18.687,0.626642857142857,"Catholic",0.885357142857143,1,0
"9021","No","Male",1.302,14.291,0.626642857142857,"Catholic",0.675357142857143,1,1
"9021","No","Male",1.222,3.51,0.626642857142857,"Catholic",0.595357142857143,1,1
"9021","No","Male",0.902,19.544,0.626642857142857,"Catholic",0.275357142857143,1,1
"9021","No","Male",0.992,14.86,0.626642857142857,"Catholic",0.365357142857143,1,1
"9021","No","Female",1.052,11.575,0.626642857142857,"Catholic",0.425357142857143,1,0
"9021","Yes","Female",-0.038,15.609,0.626642857142857,"Catholic",-0.664642857142857,1,0
"9021","No","Female",0.972,17.531,0.626642857142857,"Catholic",0.345357142857143,1,0
"9021","No","Female",1.222,13.188,0.626642857142857,"Catholic",0.595357142857143,1,0
"9021","No","Male",1.332,19.248,0.626642857142857,"Catholic",0.705357142857143,1,1
"9104","No","Male",0.512,22.94,0.743454545454545,"Catholic",-0.231454545454545,1,1
"9104","No","Female",0.832,23.118,0.743454545454545,"Catholic",0.0885454545454545,1,0
"9104","No","Female",0.722,8.767,0.743454545454545,"Catholic",-0.0214545454545455,1,0
"9104","No","Female",0.932,15.428,0.743454545454545,"Catholic",0.188545454545455,1,0
"9104","No","Female",1.072,19.775,0.743454545454545,"Catholic",0.328545454545455,1,0
"9104","No","Female",-0.258,18.23,0.743454545454545,"Catholic",-1.00145454545455,1,0
"9104","No","Female",0.692,22.683,0.743454545454545,"Catholic",-0.0514545454545455,1,0
"9104","No","Female",0.832,19.117,0.743454545454545,"Catholic",0.0885454545454545,1,0
"9104","No","Female",1.022,16.976,0.743454545454545,"Catholic",0.278545454545455,1,0
"9104","No","Male",0.032,22.47,0.743454545454545,"Catholic",-0.711454545454545,1,1
"9104","No","Male",1.082,23.124,0.743454545454545,"Catholic",0.338545454545455,1,1
"9104","No","Male",0.562,17.948,0.743454545454545,"Catholic",-0.181454545454545,1,1
"9104","No","Male",0.792,10.011,0.743454545454545,"Catholic",0.0485454545454546,1,1
"9104","No","Female",0.822,15.359,0.743454545454545,"Catholic",0.0785454545454545,1,0
"9104","No","Female",-0.078,19.648,0.743454545454545,"Catholic",-0.821454545454545,1,0
"9104","No","Female",1.352,22.618,0.743454545454545,"Catholic",0.608545454545455,1,0
"9104","No","Female",1.162,22.421,0.743454545454545,"Catholic",0.418545454545454,1,0
"9104","No","Male",0.372,19.761,0.743454545454545,"Catholic",-0.371454545454545,1,1
"9104","No","Female",0.972,9.495,0.743454545454545,"Catholic",0.228545454545454,1,0
"9104","No","Male",0.982,17.706,0.743454545454545,"Catholic",0.238545454545455,1,1
"9104","No","Male",1.172,14.221,0.743454545454545,"Catholic",0.428545454545454,1,1
"9104","No","Male",0.912,24.252,0.743454545454545,"Catholic",0.168545454545455,1,1
"9104","No","Female",1.082,18.671,0.743454545454545,"Catholic",0.338545454545455,1,0
"9104","No","Male",0.192,15.492,0.743454545454545,"Catholic",-0.551454545454545,1,1
"9104","No","Female",0.362,13.232,0.743454545454545,"Catholic",-0.381454545454545,1,0
"9104","No","Female",0.032,23.768,0.743454545454545,"Catholic",-0.711454545454545,1,0
"9104","No","Male",0.992,17.478,0.743454545454545,"Catholic",0.248545454545455,1,1
"9104","No","Female",0.892,17.148,0.743454545454545,"Catholic",0.148545454545455,1,0
"9104","No","Female",1.002,24.292,0.743454545454545,"Catholic",0.258545454545455,1,0
"9104","No","Female",0.772,16.744,0.743454545454545,"Catholic",0.0285454545454545,1,0
"9104","No","Male",0.742,22.153,0.743454545454545,"Catholic",-0.00145454545454549,1,1
"9104","No","Male",0.872,16.173,0.743454545454545,"Catholic",0.128545454545455,1,1
"9104","No","Female",1.422,23.811,0.743454545454545,"Catholic",0.678545454545454,1,0
"9104","No","Female",0.602,9.95,0.743454545454545,"Catholic",-0.141454545454545,1,0
"9104","No","Female",1.512,20.424,0.743454545454545,"Catholic",0.768545454545455,1,0
"9104","No","Female",-0.188,10.35,0.743454545454545,"Catholic",-0.931454545454546,1,0
"9104","No","Male",1.172,20.454,0.743454545454545,"Catholic",0.428545454545454,1,1
"9104","No","Male",1.122,14.995,0.743454545454545,"Catholic",0.378545454545455,1,1
"9104","No","Male",0.572,23.599,0.743454545454545,"Catholic",-0.171454545454546,1,1
"9104","No","Female",1.022,10.009,0.743454545454545,"Catholic",0.278545454545455,1,0
"9104","No","Male",-0.018,9.821,0.743454545454545,"Catholic",-0.761454545454545,1,1
"9104","No","Female",-0.448,10.807,0.743454545454545,"Catholic",-1.19145454545455,1,0
"9104","No","Female",1.262,6.392,0.743454545454545,"Catholic",0.518545454545455,1,0
"9104","No","Female",0.552,16.591,0.743454545454545,"Catholic",-0.191454545454545,1,0
"9104","No","Female",0.532,-0.909,0.743454545454545,"Catholic",-0.211454545454545,1,0
"9104","No","Female",1.172,17.285,0.743454545454545,"Catholic",0.428545454545454,1,0
"9104","No","Female",0.592,19.983,0.743454545454545,"Catholic",-0.151454545454546,1,0
"9104","No","Female",1.212,13.605,0.743454545454545,"Catholic",0.468545454545454,1,0
"9104","No","Female",0.632,8.324,0.743454545454545,"Catholic",-0.111454545454545,1,0
"9104","No","Male",0.502,19.324,0.743454545454545,"Catholic",-0.241454545454545,1,1
"9104","No","Female",0.622,17.342,0.743454545454545,"Catholic",-0.121454545454545,1,0
"9104","No","Female",0.852,7.827,0.743454545454545,"Catholic",0.108545454545455,1,0
"9104","No","Female",0.242,20.866,0.743454545454545,"Catholic",-0.501454545454545,1,0
"9104","No","Male",1.332,20.844,0.743454545454545,"Catholic",0.588545454545455,1,1
"9104","No","Male",1.182,12.853,0.743454545454545,"Catholic",0.438545454545454,1,1
"9158","No","Male",-0.828,7.538,-0.402150943396226,"Public",-0.425849056603774,1,1
"9158","Yes","Male",-1.018,7.044,-0.402150943396226,"Public",-0.615849056603774,1,1
"9158","No","Female",-0.418,4.289,-0.402150943396226,"Public",-0.0158490566037736,1,0
"9158","No","Male",-0.888,11.073,-0.402150943396226,"Public",-0.485849056603774,1,1
"9158","No","Female",-0.538,0.699,-0.402150943396226,"Public",-0.135849056603774,1,0
"9158","No","Female",0.482,13.823,-0.402150943396226,"Public",0.884150943396226,1,0
"9158","Yes","Female",-0.658,0.999,-0.402150943396226,"Public",-0.255849056603774,1,0
"9158","No","Female",-0.338,14.639,-0.402150943396226,"Public",0.0641509433962264,1,0
"9158","Yes","Male",0.862,3.295,-0.402150943396226,"Public",1.26415094339623,1,1
"9158","Yes","Male",-0.528,8.516,-0.402150943396226,"Public",-0.125849056603774,1,1
"9158","No","Female",-0.478,16.541,-0.402150943396226,"Public",-0.0758490566037736,1,0
"9158","Yes","Male",-0.858,1.304,-0.402150943396226,"Public",-0.455849056603774,1,1
"9158","No","Female",-0.778,17.728,-0.402150943396226,"Public",-0.375849056603774,1,0
"9158","No","Male",-1.408,0.127,-0.402150943396226,"Public",-1.00584905660377,1,1
"9158","No","Female",-0.198,15.549,-0.402150943396226,"Public",0.204150943396226,1,0
"9158","No","Male",0.502,16.298,-0.402150943396226,"Public",0.904150943396226,1,1
"9158","No","Male",-0.638,1.704,-0.402150943396226,"Public",-0.235849056603774,1,1
"9158","Yes","Female",-0.818,14.126,-0.402150943396226,"Public",-0.415849056603774,1,0
"9158","No","Female",1.182,12.369,-0.402150943396226,"Public",1.58415094339623,1,0
"9158","No","Female",-0.468,5.308,-0.402150943396226,"Public",-0.0658490566037736,1,0
"9158","No","Female",0.952,14.174,-0.402150943396226,"Public",1.35415094339623,1,0
"9158","No","Female",0.572,16.376,-0.402150943396226,"Public",0.974150943396226,1,0
"9158","Yes","Female",-0.388,7.88,-0.402150943396226,"Public",0.0141509433962264,1,0
"9158","No","Female",-0.638,4.701,-0.402150943396226,"Public",-0.235849056603774,1,0
"9158","Yes","Female",-1.648,3.782,-0.402150943396226,"Public",-1.24584905660377,1,0
"9158","Yes","Male",-0.998,1.334,-0.402150943396226,"Public",-0.595849056603774,1,1
"9158","Yes","Female",-1.808,-2.555,-0.402150943396226,"Public",-1.40584905660377,1,0
"9158","No","Female",0.212,15.053,-0.402150943396226,"Public",0.614150943396226,1,0
"9158","No","Female",-1.358,9.047,-0.402150943396226,"Public",-0.955849056603774,1,0
"9158","No","Female",0.192,6.432,-0.402150943396226,"Public",0.594150943396226,1,0
"9158","No","Male",-0.488,11.587,-0.402150943396226,"Public",-0.0858490566037736,1,1
"9158","Yes","Female",-1.078,5.656,-0.402150943396226,"Public",-0.675849056603774,1,0
"9158","No","Male",-0.708,10.438,-0.402150943396226,"Public",-0.305849056603774,1,1
"9158","Yes","Female",0.542,-2.832,-0.402150943396226,"Public",0.944150943396227,1,0
"9158","No","Male",-0.358,10.663,-0.402150943396226,"Public",0.0441509433962264,1,1
"9158","No","Female",-0.428,17.976,-0.402150943396226,"Public",-0.0258490566037736,1,0
"9158","No","Female",-0.028,9.207,-0.402150943396226,"Public",0.374150943396226,1,0
"9158","No","Female",-0.238,7.032,-0.402150943396226,"Public",0.164150943396226,1,0
"9158","No","Male",0.422,11.235,-0.402150943396226,"Public",0.824150943396226,1,1
"9158","No","Female",-0.468,10.802,-0.402150943396226,"Public",-0.0658490566037736,1,0
"9158","No","Male",-0.208,-1.464,-0.402150943396226,"Public",0.194150943396226,1,1
"9158","No","Female",0.012,15.666,-0.402150943396226,"Public",0.414150943396226,1,0
"9158","Yes","Male",-0.978,15.186,-0.402150943396226,"Public",-0.575849056603774,1,1
"9158","Yes","Female",-1.808,-2.83,-0.402150943396226,"Public",-1.40584905660377,1,0
"9158","Yes","Male",0.512,3.699,-0.402150943396226,"Public",0.914150943396226,1,1
"9158","No","Male",-0.388,3.655,-0.402150943396226,"Public",0.0141509433962264,1,1
"9158","No","Female",-0.228,9.707,-0.402150943396226,"Public",0.174150943396226,1,0
"9158","No","Male",-0.808,10.471,-0.402150943396226,"Public",-0.405849056603774,1,1
"9158","No","Female",-2.248,-0.883,-0.402150943396226,"Public",-1.84584905660377,1,0
"9158","No","Female",-0.168,9.743,-0.402150943396226,"Public",0.234150943396226,1,0
"9158","No","Female",-0.838,11.488,-0.402150943396226,"Public",-0.435849056603774,1,0
"9158","No","Female",0.232,13.352,-0.402150943396226,"Public",0.634150943396226,1,0
"9158","No","Male",1.172,24.147,-0.402150943396226,"Public",1.57415094339623,1,1
"9198","No","Male",0.832,23.077,0.492,"Catholic",0.34,1,1
"9198","No","Male",0.382,24.386,0.492,"Catholic",-0.11,1,1
"9198","No","Male",1.142,22.278,0.492,"Catholic",0.65,1,1
"9198","No","Male",0.982,24.462,0.492,"Catholic",0.49,1,1
"9198","No","Male",0.072,9.998,0.492,"Catholic",-0.42,1,1
"9198","No","Male",0.992,21.837,0.492,"Catholic",0.5,1,1
"9198","No","Male",0.302,24.086,0.492,"Catholic",-0.19,1,1
"9198","No","Male",-0.288,22.368,0.492,"Catholic",-0.78,1,1
"9198","No","Male",1.512,23.466,0.492,"Catholic",1.02,1,1
"9198","No","Male",-0.398,16.69,0.492,"Catholic",-0.89,1,1
"9198","No","Male",0.002,23.101,0.492,"Catholic",-0.49,1,1
"9198","No","Male",-0.248,21.244,0.492,"Catholic",-0.74,1,1
"9198","No","Male",0.582,17.401,0.492,"Catholic",0.0899999999999999,1,1
"9198","No","Male",1.022,21.355,0.492,"Catholic",0.53,1,1
"9198","No","Male",0.332,19.487,0.492,"Catholic",-0.16,1,1
"9198","No","Male",1.392,9.219,0.492,"Catholic",0.9,1,1
"9198","No","Male",0.652,8.413,0.492,"Catholic",0.16,1,1
"9198","No","Male",0.372,24.993,0.492,"Catholic",-0.12,1,1
"9198","No","Male",0.812,18.602,0.492,"Catholic",0.32,1,1
"9198","No","Male",1.362,22.116,0.492,"Catholic",0.87,1,1
"9198","No","Male",-0.338,13.397,0.492,"Catholic",-0.83,1,1
"9198","No","Male",-0.668,14.868,0.492,"Catholic",-1.16,1,1
"9198","No","Male",0.612,19.81,0.492,"Catholic",0.12,1,1
"9198","No","Male",0.702,23.189,0.492,"Catholic",0.21,1,1
"9198","No","Male",0.912,23.773,0.492,"Catholic",0.42,1,1
"9198","No","Male",0.182,15.233,0.492,"Catholic",-0.31,1,1
"9198","No","Male",0.942,22.558,0.492,"Catholic",0.45,1,1
"9198","No","Male",0.672,23.016,0.492,"Catholic",0.18,1,1
"9198","No","Male",-0.648,18.62,0.492,"Catholic",-1.14,1,1
"9198","No","Male",-0.538,2.349,0.492,"Catholic",-1.03,1,1
"9198","No","Male",1.612,16.469,0.492,"Catholic",1.12,1,1
"9225","No","Female",1.042,14.876,0.253388888888889,"Public",0.788611111111111,1,0
"9225","Yes","Female",0.572,12.313,0.253388888888889,"Public",0.318611111111111,1,0
"9225","No","Male",-0.708,4.488,0.253388888888889,"Public",-0.961388888888889,1,1
"9225","No","Female",-0.108,13.668,0.253388888888889,"Public",-0.361388888888889,1,0
"9225","No","Female",0.982,20.47,0.253388888888889,"Public",0.728611111111111,1,0
"9225","No","Male",-0.078,12.809,0.253388888888889,"Public",-0.331388888888889,1,1
"9225","No","Male",1.152,10.361,0.253388888888889,"Public",0.898611111111111,1,1
"9225","No","Female",-0.018,5.882,0.253388888888889,"Public",-0.271388888888889,1,0
"9225","No","Female",-0.568,15.265,0.253388888888889,"Public",-0.821388888888889,1,0
"9225","No","Male",-1.708,1.609,0.253388888888889,"Public",-1.96138888888889,1,1
"9225","No","Male",0.062,8.633,0.253388888888889,"Public",-0.191388888888889,1,1
"9225","No","Female",0.402,19.958,0.253388888888889,"Public",0.148611111111111,1,0
"9225","No","Female",0.162,14.464,0.253388888888889,"Public",-0.0913888888888889,1,0
"9225","No","Female",0.512,22.169,0.253388888888889,"Public",0.258611111111111,1,0
"9225","No","Female",1.072,12.849,0.253388888888889,"Public",0.818611111111111,1,0
"9225","No","Male",0.932,24.18,0.253388888888889,"Public",0.678611111111111,1,1
"9225","No","Female",-0.258,13.214,0.253388888888889,"Public",-0.511388888888889,1,0
"9225","No","Female",-0.958,12.84,0.253388888888889,"Public",-1.21138888888889,1,0
"9225","Yes","Male",0.632,17.804,0.253388888888889,"Public",0.378611111111111,1,1
"9225","No","Male",0.512,16.628,0.253388888888889,"Public",0.258611111111111,1,1
"9225","No","Female",0.682,23.277,0.253388888888889,"Public",0.428611111111111,1,0
"9225","No","Male",-0.328,8.101,0.253388888888889,"Public",-0.581388888888889,1,1
"9225","No","Male",1.092,19.285,0.253388888888889,"Public",0.838611111111111,1,1
"9225","No","Female",1.302,24.479,0.253388888888889,"Public",1.04861111111111,1,0
"9225","No","Female",0.852,22.818,0.253388888888889,"Public",0.598611111111111,1,0
"9225","No","Male",-0.248,21.966,0.253388888888889,"Public",-0.501388888888889,1,1
"9225","No","Female",0.792,5.3,0.253388888888889,"Public",0.538611111111111,1,0
"9225","No","Female",-0.018,14.461,0.253388888888889,"Public",-0.271388888888889,1,0
"9225","No","Female",1.092,-1.429,0.253388888888889,"Public",0.838611111111111,1,0
"9225","No","Male",1.152,20.353,0.253388888888889,"Public",0.898611111111111,1,1
"9225","No","Female",-0.508,15.292,0.253388888888889,"Public",-0.761388888888889,1,0
"9225","Yes","Female",-0.788,9.476,0.253388888888889,"Public",-1.04138888888889,1,0
"9225","No","Female",-0.738,20.489,0.253388888888889,"Public",-0.991388888888889,1,0
"9225","No","Male",0.012,23.689,0.253388888888889,"Public",-0.241388888888889,1,1
"9225","No","Female",0.782,6.708,0.253388888888889,"Public",0.528611111111111,1,0
"9225","No","Male",0.362,19.279,0.253388888888889,"Public",0.108611111111111,1,1
"9292","Yes","Male",-0.538,5.983,-0.594315789473684,"Public",0.0563157894736842,1,1
"9292","Yes","Male",-1.328,2.025,-0.594315789473684,"Public",-0.733684210526316,1,1
"9292","Yes","Male",-0.388,8.175,-0.594315789473684,"Public",0.206315789473684,1,1
"9292","Yes","Male",-0.728,11.313,-0.594315789473684,"Public",-0.133684210526316,1,1
"9292","Yes","Female",-0.258,2.782,-0.594315789473684,"Public",0.336315789473684,1,0
"9292","Yes","Female",-0.798,1.219,-0.594315789473684,"Public",-0.203684210526316,1,0
"9292","Yes","Female",-0.618,6.05,-0.594315789473684,"Public",-0.0236842105263158,1,0
"9292","Yes","Male",-0.978,17.813,-0.594315789473684,"Public",-0.383684210526316,1,1
"9292","Yes","Male",-1.648,7.032,-0.594315789473684,"Public",-1.05368421052632,1,1
"9292","Yes","Male",0.502,3.818,-0.594315789473684,"Public",1.09631578947368,1,1
"9292","Yes","Male",-0.618,3.895,-0.594315789473684,"Public",-0.0236842105263158,1,1
"9292","Yes","Female",-0.628,19.781,-0.594315789473684,"Public",-0.0336842105263158,1,0
"9292","Yes","Male",-1.138,7.495,-0.594315789473684,"Public",-0.543684210526316,1,1
"9292","Yes","Female",-0.868,23.289,-0.594315789473684,"Public",-0.273684210526316,1,0
"9292","Yes","Male",0.072,6.983,-0.594315789473684,"Public",0.666315789473684,1,1
"9292","Yes","Male",-0.148,22.059,-0.594315789473684,"Public",0.446315789473684,1,1
"9292","Yes","Female",-0.418,20.468,-0.594315789473684,"Public",0.176315789473684,1,0
"9292","Yes","Female",-0.888,10.619,-0.594315789473684,"Public",-0.293684210526316,1,0
"9292","Yes","Female",0.122,14.514,-0.594315789473684,"Public",0.716315789473684,1,0
"9340","No","Female",-0.128,20.636,-0.397310344827586,"Public",0.269310344827586,1,0
"9340","No","Male",-0.228,12.903,-0.397310344827586,"Public",0.169310344827586,1,1
"9340","No","Male",-0.838,6.904,-0.397310344827586,"Public",-0.440689655172414,1,1
"9340","No","Female",-1.188,9.618,-0.397310344827586,"Public",-0.790689655172414,1,0
"9340","No","Male",-0.328,12.907,-0.397310344827586,"Public",0.0693103448275862,1,1
"9340","No","Female",-0.118,15.085,-0.397310344827586,"Public",0.279310344827586,1,0
"9340","No","Female",-0.358,22.32,-0.397310344827586,"Public",0.0393103448275862,1,0
"9340","No","Female",-0.858,9.98,-0.397310344827586,"Public",-0.460689655172414,1,0
"9340","No","Male",-0.288,19.404,-0.397310344827586,"Public",0.109310344827586,1,1
"9340","No","Female",-0.418,22.512,-0.397310344827586,"Public",-0.0206896551724138,1,0
"9340","No","Female",-0.278,15.767,-0.397310344827586,"Public",0.119310344827586,1,0
"9340","No","Male",-0.038,1.193,-0.397310344827586,"Public",0.359310344827586,1,1
"9340","No","Male",-0.738,8.265,-0.397310344827586,"Public",-0.340689655172414,1,1
"9340","No","Male",-0.408,21.89,-0.397310344827586,"Public",-0.0106896551724138,1,1
"9340","No","Male",0.642,3.068,-0.397310344827586,"Public",1.03931034482759,1,1
"9340","No","Female",0.652,9.429,-0.397310344827586,"Public",1.04931034482759,1,0
"9340","No","Female",0.002,10.777,-0.397310344827586,"Public",0.399310344827586,1,0
"9340","No","Male",-0.358,8.536,-0.397310344827586,"Public",0.0393103448275862,1,1
"9340","No","Female",0.442,19.624,-0.397310344827586,"Public",0.839310344827586,1,0
"9340","No","Female",-1.528,1.927,-0.397310344827586,"Public",-1.13068965517241,1,0
"9340","No","Male",-0.438,6.138,-0.397310344827586,"Public",-0.0406896551724138,1,1
"9340","No","Male",-0.708,18.185,-0.397310344827586,"Public",-0.310689655172414,1,1
"9340","No","Female",-0.858,-1.864,-0.397310344827586,"Public",-0.460689655172414,1,0
"9340","No","Female",-0.278,9.759,-0.397310344827586,"Public",0.119310344827586,1,0
"9340","No","Female",-1.358,10.346,-0.397310344827586,"Public",-0.960689655172414,1,0
"9340","No","Female",-0.178,10.944,-0.397310344827586,"Public",0.219310344827586,1,0
"9340","No","Female",-0.138,4.009,-0.397310344827586,"Public",0.259310344827586,1,0
"9340","No","Female",0.372,13.19,-0.397310344827586,"Public",0.769310344827586,1,0
"9340","No","Female",-1.578,0.726,-0.397310344827586,"Public",-1.18068965517241,1,0
"9347","No","Female",0.012,21.829,0.211649122807018,"Catholic",-0.199649122807018,1,0
"9347","No","Female",-0.238,21.085,0.211649122807018,"Catholic",-0.449649122807018,1,0
"9347","No","Female",-0.008,16.956,0.211649122807018,"Catholic",-0.219649122807018,1,0
"9347","No","Female",-0.498,6.02,0.211649122807018,"Catholic",-0.709649122807018,1,0
"9347","No","Female",-0.758,12.769,0.211649122807018,"Catholic",-0.969649122807018,1,0
"9347","No","Female",-0.508,8.61,0.211649122807018,"Catholic",-0.719649122807018,1,0
"9347","Yes","Female",0.522,19.477,0.211649122807018,"Catholic",0.310350877192982,1,0
"9347","No","Female",-0.118,14.542,0.211649122807018,"Catholic",-0.329649122807018,1,0
"9347","No","Female",0.502,7.608,0.211649122807018,"Catholic",0.290350877192982,1,0
"9347","No","Female",-1.148,1.011,0.211649122807018,"Catholic",-1.35964912280702,1,0
"9347","No","Female",-0.278,16.734,0.211649122807018,"Catholic",-0.489649122807018,1,0
"9347","No","Female",0.082,5.249,0.211649122807018,"Catholic",-0.129649122807018,1,0
"9347","No","Female",0.132,18.415,0.211649122807018,"Catholic",-0.0796491228070175,1,0
"9347","No","Female",-0.388,1.306,0.211649122807018,"Catholic",-0.599649122807018,1,0
"9347","No","Female",0.482,16.206,0.211649122807018,"Catholic",0.270350877192982,1,0
"9347","No","Female",0.312,17.321,0.211649122807018,"Catholic",0.100350877192982,1,0
"9347","No","Female",-0.178,22.095,0.211649122807018,"Catholic",-0.389649122807018,1,0
"9347","No","Female",-1.238,8.699,0.211649122807018,"Catholic",-1.44964912280702,1,0
"9347","No","Female",0.532,19.703,0.211649122807018,"Catholic",0.320350877192982,1,0
"9347","No","Female",0.522,11.49,0.211649122807018,"Catholic",0.310350877192982,1,0
"9347","No","Female",-0.568,14.605,0.211649122807018,"Catholic",-0.779649122807017,1,0
"9347","No","Female",0.432,19.341,0.211649122807018,"Catholic",0.220350877192982,1,0
"9347","No","Female",1.512,5.399,0.211649122807018,"Catholic",1.30035087719298,1,0
"9347","No","Female",-0.388,15.283,0.211649122807018,"Catholic",-0.599649122807018,1,0
"9347","No","Female",0.702,19.612,0.211649122807018,"Catholic",0.490350877192982,1,0
"9347","Yes","Female",0.982,17.964,0.211649122807018,"Catholic",0.770350877192982,1,0
"9347","No","Female",0.832,18.056,0.211649122807018,"Catholic",0.620350877192982,1,0
"9347","No","Female",-0.058,12.163,0.211649122807018,"Catholic",-0.269649122807018,1,0
"9347","No","Female",-0.418,15.628,0.211649122807018,"Catholic",-0.629649122807018,1,0
"9347","Yes","Female",1.162,11.715,0.211649122807018,"Catholic",0.950350877192982,1,0
"9347","No","Female",-0.018,10.382,0.211649122807018,"Catholic",-0.229649122807018,1,0
"9347","No","Female",-0.898,6.49,0.211649122807018,"Catholic",-1.10964912280702,1,0
"9347","No","Female",0.292,10.573,0.211649122807018,"Catholic",0.0803508771929825,1,0
"9347","No","Female",0.832,10.198,0.211649122807018,"Catholic",0.620350877192982,1,0
"9347","No","Female",1.262,19.461,0.211649122807018,"Catholic",1.05035087719298,1,0
"9347","No","Female",0.192,18.268,0.211649122807018,"Catholic",-0.0196491228070175,1,0
"9347","No","Female",-0.508,4.648,0.211649122807018,"Catholic",-0.719649122807018,1,0
"9347","No","Female",0.202,-0.551,0.211649122807018,"Catholic",-0.00964912280701752,1,0
"9347","No","Female",0.852,14.321,0.211649122807018,"Catholic",0.640350877192982,1,0
"9347","No","Female",-0.408,6.9,0.211649122807018,"Catholic",-0.619649122807018,1,0
"9347","No","Female",-0.658,12.544,0.211649122807018,"Catholic",-0.869649122807018,1,0
"9347","Yes","Female",0.442,17.4,0.211649122807018,"Catholic",0.230350877192982,1,0
"9347","Yes","Female",0.412,20.24,0.211649122807018,"Catholic",0.200350877192982,1,0
"9347","No","Female",1.022,14.285,0.211649122807018,"Catholic",0.810350877192982,1,0
"9347","No","Female",1.122,20.244,0.211649122807018,"Catholic",0.910350877192983,1,0
"9347","No","Female",1.122,17.876,0.211649122807018,"Catholic",0.910350877192983,1,0
"9347","No","Female",0.062,9.901,0.211649122807018,"Catholic",-0.149649122807018,1,0
"9347","No","Female",1.222,21.204,0.211649122807018,"Catholic",1.01035087719298,1,0
"9347","No","Female",1.282,11.955,0.211649122807018,"Catholic",1.07035087719298,1,0
"9347","No","Female",-0.718,23.151,0.211649122807018,"Catholic",-0.929649122807018,1,0
"9347","No","Female",-0.428,10.019,0.211649122807018,"Catholic",-0.639649122807018,1,0
"9347","No","Female",0.902,19.591,0.211649122807018,"Catholic",0.690350877192982,1,0
"9347","No","Female",1.182,10.848,0.211649122807018,"Catholic",0.970350877192982,1,0
"9347","No","Female",-0.008,13.801,0.211649122807018,"Catholic",-0.219649122807018,1,0
"9347","No","Female",0.292,9.858,0.211649122807018,"Catholic",0.0803508771929825,1,0
"9347","No","Female",1.282,14.498,0.211649122807018,"Catholic",1.07035087719298,1,0
"9347","No","Female",-0.198,6.713,0.211649122807018,"Catholic",-0.409649122807018,1,0
"9359","No","Male",0.612,19.797,0.354075471698113,"Catholic",0.257924528301887,1,1
"9359","No","Male",0.522,13.476,0.354075471698113,"Catholic",0.167924528301887,1,1
"9359","No","Male",-0.448,24.232,0.354075471698113,"Catholic",-0.802075471698113,1,1
"9359","No","Male",-1.008,22.714,0.354075471698113,"Catholic",-1.36207547169811,1,1
"9359","No","Male",-0.568,9.332,0.354075471698113,"Catholic",-0.922075471698113,1,1
"9359","No","Male",0.832,13.006,0.354075471698113,"Catholic",0.477924528301887,1,1
"9359","No","Male",-0.228,2.945,0.354075471698113,"Catholic",-0.582075471698113,1,1
"9359","No","Male",0.062,19.566,0.354075471698113,"Catholic",-0.292075471698113,1,1
"9359","No","Male",0.182,4.307,0.354075471698113,"Catholic",-0.172075471698113,1,1
"9359","No","Male",0.032,7.541,0.354075471698113,"Catholic",-0.322075471698113,1,1
"9359","No","Male",0.832,19.644,0.354075471698113,"Catholic",0.477924528301887,1,1
"9359","No","Male",0.512,-1.292,0.354075471698113,"Catholic",0.157924528301887,1,1
"9359","No","Male",0.812,13.946,0.354075471698113,"Catholic",0.457924528301887,1,1
"9359","No","Male",0.262,17.348,0.354075471698113,"Catholic",-0.0920754716981133,1,1
"9359","No","Male",-0.108,21.435,0.354075471698113,"Catholic",-0.462075471698113,1,1
"9359","No","Male",-0.528,14.359,0.354075471698113,"Catholic",-0.882075471698113,1,1
"9359","No","Male",0.412,14.126,0.354075471698113,"Catholic",0.0579245283018867,1,1
"9359","No","Male",1.262,6.606,0.354075471698113,"Catholic",0.907924528301887,1,1
"9359","No","Male",-0.308,24.386,0.354075471698113,"Catholic",-0.662075471698113,1,1
"9359","No","Male",1.122,21.781,0.354075471698113,"Catholic",0.767924528301887,1,1
"9359","Yes","Male",0.362,14.716,0.354075471698113,"Catholic",0.00792452830188672,1,1
"9359","No","Male",0.012,9.751,0.354075471698113,"Catholic",-0.342075471698113,1,1
"9359","No","Male",0.532,3.519,0.354075471698113,"Catholic",0.177924528301887,1,1
"9359","No","Male",1.512,22.106,0.354075471698113,"Catholic",1.15792452830189,1,1
"9359","No","Male",0.732,18.578,0.354075471698113,"Catholic",0.377924528301887,1,1
"9359","No","Male",0.192,19.03,0.354075471698113,"Catholic",-0.162075471698113,1,1
"9359","No","Male",0.012,20.668,0.354075471698113,"Catholic",-0.342075471698113,1,1
"9359","No","Male",0.262,6.112,0.354075471698113,"Catholic",-0.0920754716981133,1,1
"9359","No","Male",0.832,7.647,0.354075471698113,"Catholic",0.477924528301887,1,1
"9359","No","Male",-0.258,23.723,0.354075471698113,"Catholic",-0.612075471698113,1,1
"9359","No","Male",-0.758,18.66,0.354075471698113,"Catholic",-1.11207547169811,1,1
"9359","No","Male",0.342,12.311,0.354075471698113,"Catholic",-0.0120754716981132,1,1
"9359","No","Male",0.322,24.677,0.354075471698113,"Catholic",-0.0320754716981133,1,1
"9359","No","Male",0.442,19.527,0.354075471698113,"Catholic",0.0879245283018867,1,1
"9359","No","Male",0.472,8.954,0.354075471698113,"Catholic",0.117924528301887,1,1
"9359","No","Male",0.662,15.847,0.354075471698113,"Catholic",0.307924528301887,1,1
"9359","No","Male",0.282,10.279,0.354075471698113,"Catholic",-0.0720754716981133,1,1
"9359","No","Male",0.492,16.54,0.354075471698113,"Catholic",0.137924528301887,1,1
"9359","No","Male",0.322,20.939,0.354075471698113,"Catholic",-0.0320754716981133,1,1
"9359","No","Male",0.942,13.11,0.354075471698113,"Catholic",0.587924528301887,1,1
"9359","No","Male",0.072,23.182,0.354075471698113,"Catholic",-0.282075471698113,1,1
"9359","No","Male",0.932,21.546,0.354075471698113,"Catholic",0.577924528301887,1,1
"9359","No","Male",-0.218,-0.501,0.354075471698113,"Catholic",-0.572075471698113,1,1
"9359","No","Male",-0.128,17.62,0.354075471698113,"Catholic",-0.482075471698113,1,1
"9359","No","Male",-0.588,22.632,0.354075471698113,"Catholic",-0.942075471698113,1,1
"9359","No","Male",0.132,23.281,0.354075471698113,"Catholic",-0.222075471698113,1,1
"9359","No","Male",0.672,23.96,0.354075471698113,"Catholic",0.317924528301887,1,1
"9359","No","Male",1.262,22.517,0.354075471698113,"Catholic",0.907924528301887,1,1
"9359","No","Male",0.112,7.462,0.354075471698113,"Catholic",-0.242075471698113,1,1
"9359","No","Male",1.182,11.307,0.354075471698113,"Catholic",0.827924528301887,1,1
"9359","Yes","Male",1.172,11.353,0.354075471698113,"Catholic",0.817924528301887,1,1
"9359","No","Male",0.932,7.546,0.354075471698113,"Catholic",0.577924528301887,1,1
"9359","No","Male",1.262,21.489,0.354075471698113,"Catholic",0.907924528301887,1,1
"9397","No","Male",0.502,5.873,0.134127659574468,"Public",0.367872340425532,1,1
"9397","No","Female",-0.468,19.521,0.134127659574468,"Public",-0.602127659574468,1,0
"9397","No","Female",0.202,13.382,0.134127659574468,"Public",0.0678723404255319,1,0
"9397","No","Male",0.742,22.566,0.134127659574468,"Public",0.607872340425532,1,1
"9397","No","Female",-0.098,12.366,0.134127659574468,"Public",-0.232127659574468,1,0
"9397","No","Male",-0.098,4.851,0.134127659574468,"Public",-0.232127659574468,1,1
"9397","No","Male",1.042,9.262,0.134127659574468,"Public",0.907872340425532,1,1
"9397","No","Female",-0.338,21.362,0.134127659574468,"Public",-0.472127659574468,1,0
"9397","No","Male",0.042,20.453,0.134127659574468,"Public",-0.0921276595744681,1,1
"9397","No","Male",0.052,4.087,0.134127659574468,"Public",-0.0821276595744681,1,1
"9397","No","Female",-0.398,8.853,0.134127659574468,"Public",-0.532127659574468,1,0
"9397","No","Male",0.102,13.553,0.134127659574468,"Public",-0.0321276595744681,1,1
"9397","No","Female",0.102,15.28,0.134127659574468,"Public",-0.0321276595744681,1,0
"9397","No","Male",0.412,11.378,0.134127659574468,"Public",0.277872340425532,1,1
"9397","No","Male",-0.608,5.802,0.134127659574468,"Public",-0.742127659574468,1,1
"9397","Yes","Female",0.032,3.884,0.134127659574468,"Public",-0.102127659574468,1,0
"9397","No","Female",0.272,9.179,0.134127659574468,"Public",0.137872340425532,1,0
"9397","No","Male",-0.148,13.447,0.134127659574468,"Public",-0.282127659574468,1,1
"9397","Yes","Female",-0.518,11.57,0.134127659574468,"Public",-0.652127659574468,1,0
"9397","No","Female",1.362,17.49,0.134127659574468,"Public",1.22787234042553,1,0
"9397","No","Female",-0.448,2.436,0.134127659574468,"Public",-0.582127659574468,1,0
"9397","No","Male",-0.538,5.007,0.134127659574468,"Public",-0.672127659574468,1,1
"9397","No","Female",-0.018,22.082,0.134127659574468,"Public",-0.152127659574468,1,0
"9397","No","Female",0.872,5.915,0.134127659574468,"Public",0.737872340425532,1,0
"9397","No","Female",-0.168,11.493,0.134127659574468,"Public",-0.302127659574468,1,0
"9397","No","Male",-0.078,5.19,0.134127659574468,"Public",-0.212127659574468,1,1
"9397","No","Female",-0.418,2.331,0.134127659574468,"Public",-0.552127659574468,1,0
"9397","No","Male",0.722,12.316,0.134127659574468,"Public",0.587872340425532,1,1
"9397","Yes","Female",-0.418,-2.572,0.134127659574468,"Public",-0.552127659574468,1,0
"9397","Yes","Male",0.272,15.708,0.134127659574468,"Public",0.137872340425532,1,1
"9397","Yes","Male",1.282,12.798,0.134127659574468,"Public",1.14787234042553,1,1
"9397","No","Female",0.022,10.856,0.134127659574468,"Public",-0.112127659574468,1,0
"9397","No","Male",-1.218,14.772,0.134127659574468,"Public",-1.35212765957447,1,1
"9397","No","Female",0.682,23.231,0.134127659574468,"Public",0.547872340425532,1,0
"9397","No","Male",-0.098,2.67,0.134127659574468,"Public",-0.232127659574468,1,1
"9397","No","Male",0.532,11.366,0.134127659574468,"Public",0.397872340425532,1,1
"9397","No","Female",0.732,0.68,0.134127659574468,"Public",0.597872340425532,1,0
"9397","No","Female",-1.288,-2.832,0.134127659574468,"Public",-1.42212765957447,1,0
"9397","No","Male",0.862,12.79,0.134127659574468,"Public",0.727872340425532,1,1
"9397","Yes","Female",0.692,12.296,0.134127659574468,"Public",0.557872340425532,1,0
"9397","No","Female",0.342,9.739,0.134127659574468,"Public",0.207872340425532,1,0
"9397","No","Female",-0.038,1.836,0.134127659574468,"Public",-0.172127659574468,1,0
"9397","No","Female",0.842,3.774,0.134127659574468,"Public",0.707872340425532,1,0
"9397","No","Female",-0.328,16.647,0.134127659574468,"Public",-0.462127659574468,1,0
"9397","No","Male",-0.528,9.961,0.134127659574468,"Public",-0.662127659574468,1,1
"9397","No","Female",0.792,9.139,0.134127659574468,"Public",0.657872340425532,1,0
"9397","No","Female",1.052,12.919,0.134127659574468,"Public",0.917872340425532,1,0
"9508","No","Male",0.242,13.932,-0.138,"Catholic",0.38,1,1
"9508","No","Male",0.752,16.501,-0.138,"Catholic",0.89,1,1
"9508","No","Male",-0.148,11.385,-0.138,"Catholic",-0.00999999999999998,1,1
"9508","Yes","Male",-0.408,23.501,-0.138,"Catholic",-0.27,1,1
"9508","No","Male",-0.508,2.173,-0.138,"Catholic",-0.37,1,1
"9508","No","Male",0.392,19.324,-0.138,"Catholic",0.53,1,1
"9508","No","Male",-1.998,8.032,-0.138,"Catholic",-1.86,1,1
"9508","No","Male",-0.568,21.377,-0.138,"Catholic",-0.43,1,1
"9508","No","Male",-0.628,18.413,-0.138,"Catholic",-0.49,1,1
"9508","No","Male",0.262,19.174,-0.138,"Catholic",0.4,1,1
"9508","No","Male",0.212,5.12,-0.138,"Catholic",0.35,1,1
"9508","No","Male",0.302,20.847,-0.138,"Catholic",0.44,1,1
"9508","Yes","Male",-0.568,5.136,-0.138,"Catholic",-0.43,1,1
"9508","No","Male",-0.338,22.517,-0.138,"Catholic",-0.2,1,1
"9508","No","Male",0.112,23.396,-0.138,"Catholic",0.25,1,1
"9508","Yes","Male",-0.508,0.294,-0.138,"Catholic",-0.37,1,1
"9508","No","Male",-0.808,13.533,-0.138,"Catholic",-0.67,1,1
"9508","No","Male",0.422,18.37,-0.138,"Catholic",0.56,1,1
"9508","Yes","Male",-0.838,8.915,-0.138,"Catholic",-0.7,1,1
"9508","No","Male",0.912,20.761,-0.138,"Catholic",1.05,1,1
"9508","No","Male",0.032,11.33,-0.138,"Catholic",0.17,1,1
"9508","No","Male",0.022,5.628,-0.138,"Catholic",0.16,1,1
"9508","Yes","Male",-0.968,11.721,-0.138,"Catholic",-0.83,1,1
"9508","No","Male",-0.238,5.35,-0.138,"Catholic",-0.1,1,1
"9508","Yes","Male",-0.068,15.471,-0.138,"Catholic",0.07,1,1
"9508","No","Male",-0.218,7.737,-0.138,"Catholic",-0.08,1,1
"9508","No","Male",0.172,5.511,-0.138,"Catholic",0.31,1,1
"9508","No","Male",-0.588,17.334,-0.138,"Catholic",-0.45,1,1
"9508","No","Male",0.412,14.982,-0.138,"Catholic",0.55,1,1
"9508","No","Male",-0.238,11.481,-0.138,"Catholic",-0.1,1,1
"9508","No","Male",0.282,14.147,-0.138,"Catholic",0.42,1,1
"9508","No","Male",0.662,18.534,-0.138,"Catholic",0.8,1,1
"9508","Yes","Male",-0.338,9.815,-0.138,"Catholic",-0.2,1,1
"9508","No","Male",0.322,20.784,-0.138,"Catholic",0.46,1,1
"9508","No","Male",-0.368,12.587,-0.138,"Catholic",-0.23,1,1
"9550","Yes","Male",-0.228,1.766,0.0530344827586207,"Public",-0.281034482758621,1,1
"9550","No","Male",-0.718,12.983,0.0530344827586207,"Public",-0.771034482758621,1,1
"9550","No","Female",-0.688,7.77,0.0530344827586207,"Public",-0.741034482758621,1,0
"9550","No","Female",-0.138,1.239,0.0530344827586207,"Public",-0.191034482758621,1,0
"9550","No","Male",0.172,19.564,0.0530344827586207,"Public",0.118965517241379,1,1
"9550","No","Female",0.752,4.285,0.0530344827586207,"Public",0.698965517241379,1,0
"9550","No","Female",-0.008,20.975,0.0530344827586207,"Public",-0.0610344827586207,1,0
"9550","No","Male",-0.538,5.871,0.0530344827586207,"Public",-0.591034482758621,1,1
"9550","No","Female",0.472,20.149,0.0530344827586207,"Public",0.418965517241379,1,0
"9550","No","Female",1.012,23.818,0.0530344827586207,"Public",0.958965517241379,1,0
"9550","Yes","Female",0.502,6.717,0.0530344827586207,"Public",0.448965517241379,1,0
"9550","No","Male",-0.538,5.282,0.0530344827586207,"Public",-0.591034482758621,1,1
"9550","No","Female",0.312,6.76,0.0530344827586207,"Public",0.258965517241379,1,0
"9550","No","Male",-0.748,12.884,0.0530344827586207,"Public",-0.801034482758621,1,1
"9550","No","Male",-0.188,17.485,0.0530344827586207,"Public",-0.241034482758621,1,1
"9550","No","Male",0.302,22.802,0.0530344827586207,"Public",0.248965517241379,1,1
"9550","No","Female",1.382,6.951,0.0530344827586207,"Public",1.32896551724138,1,0
"9550","Yes","Female",-2.008,2.957,0.0530344827586207,"Public",-2.06103448275862,1,0
"9550","No","Female",1.512,10.676,0.0530344827586207,"Public",1.45896551724138,1,0
"9550","Yes","Female",-0.558,10.999,0.0530344827586207,"Public",-0.611034482758621,1,0
"9550","Yes","Female",-0.508,-1.005,0.0530344827586207,"Public",-0.561034482758621,1,0
"9550","No","Female",0.212,3.266,0.0530344827586207,"Public",0.158965517241379,1,0
"9550","No","Female",-0.378,-2.231,0.0530344827586207,"Public",-0.431034482758621,1,0
"9550","Yes","Male",0.442,10.037,0.0530344827586207,"Public",0.388965517241379,1,1
"9550","No","Male",0.482,21.896,0.0530344827586207,"Public",0.428965517241379,1,1
"9550","No","Female",1.072,21.846,0.0530344827586207,"Public",1.01896551724138,1,0
"9550","No","Female",1.212,19.599,0.0530344827586207,"Public",1.15896551724138,1,0
"9550","No","Female",-0.198,15.995,0.0530344827586207,"Public",-0.251034482758621,1,0
"9550","No","Female",-0.858,10.249,0.0530344827586207,"Public",-0.911034482758621,1,0
"9586","No","Female",0.852,14.076,0.621152542372881,"Catholic",0.230847457627119,1,0
"9586","No","Female",0.762,5.112,0.621152542372881,"Catholic",0.140847457627119,1,0
"9586","No","Female",0.882,23.715,0.621152542372881,"Catholic",0.260847457627119,1,0
"9586","No","Female",0.212,7.974,0.621152542372881,"Catholic",-0.409152542372881,1,0
"9586","No","Female",0.522,23.962,0.621152542372881,"Catholic",-0.0991525423728814,1,0
"9586","No","Female",1.242,22.206,0.621152542372881,"Catholic",0.620847457627119,1,0
"9586","No","Female",-0.308,18.014,0.621152542372881,"Catholic",-0.929152542372881,1,0
"9586","No","Female",0.802,11.294,0.621152542372881,"Catholic",0.180847457627119,1,0
"9586","No","Female",-0.258,11.124,0.621152542372881,"Catholic",-0.879152542372881,1,0
"9586","No","Female",1.212,-2.832,0.621152542372881,"Catholic",0.590847457627119,1,0
"9586","No","Female",1.612,18.172,0.621152542372881,"Catholic",0.990847457627119,1,0
"9586","No","Female",0.332,17.04,0.621152542372881,"Catholic",-0.289152542372881,1,0
"9586","No","Female",1.012,13.478,0.621152542372881,"Catholic",0.390847457627119,1,0
"9586","No","Female",-0.858,7.476,0.621152542372881,"Catholic",-1.47915254237288,1,0
"9586","No","Female",-0.708,20.33,0.621152542372881,"Catholic",-1.32915254237288,1,0
"9586","No","Female",0.402,10.865,0.621152542372881,"Catholic",-0.219152542372881,1,0
"9586","No","Female",0.912,2.521,0.621152542372881,"Catholic",0.290847457627119,1,0
"9586","No","Female",0.032,17.428,0.621152542372881,"Catholic",-0.589152542372881,1,0
"9586","No","Female",1.422,11.437,0.621152542372881,"Catholic",0.800847457627119,1,0
"9586","No","Female",-0.138,17.589,0.621152542372881,"Catholic",-0.759152542372881,1,0
"9586","No","Female",-0.058,14.59,0.621152542372881,"Catholic",-0.679152542372881,1,0
"9586","No","Female",0.552,20.74,0.621152542372881,"Catholic",-0.0691525423728814,1,0
"9586","No","Female",1.152,22.751,0.621152542372881,"Catholic",0.530847457627118,1,0
"9586","No","Female",1.132,10.626,0.621152542372881,"Catholic",0.510847457627118,1,0
"9586","No","Female",0.322,18.871,0.621152542372881,"Catholic",-0.299152542372881,1,0
"9586","No","Female",0.002,7.256,0.621152542372881,"Catholic",-0.619152542372881,1,0
"9586","No","Female",1.512,16.168,0.621152542372881,"Catholic",0.890847457627119,1,0
"9586","No","Female",1.082,14.266,0.621152542372881,"Catholic",0.460847457627119,1,0
"9586","No","Female",-0.598,9.595,0.621152542372881,"Catholic",-1.21915254237288,1,0
"9586","No","Female",0.522,19.664,0.621152542372881,"Catholic",-0.0991525423728814,1,0
"9586","No","Female",0.932,24.479,0.621152542372881,"Catholic",0.310847457627119,1,0
"9586","Yes","Female",0.542,9.071,0.621152542372881,"Catholic",-0.0791525423728814,1,0
"9586","Yes","Female",-0.048,10.208,0.621152542372881,"Catholic",-0.669152542372881,1,0
"9586","No","Female",0.972,21.53,0.621152542372881,"Catholic",0.350847457627119,1,0
"9586","No","Female",0.532,15.021,0.621152542372881,"Catholic",-0.0891525423728814,1,0
"9586","No","Female",0.842,9.67,0.621152542372881,"Catholic",0.220847457627119,1,0
"9586","No","Female",-0.008,10.067,0.621152542372881,"Catholic",-0.629152542372881,1,0
"9586","No","Female",0.762,5.443,0.621152542372881,"Catholic",0.140847457627119,1,0
"9586","No","Female",0.762,14.854,0.621152542372881,"Catholic",0.140847457627119,1,0
"9586","No","Female",1.002,24.292,0.621152542372881,"Catholic",0.380847457627119,1,0
"9586","No","Female",0.502,20.54,0.621152542372881,"Catholic",-0.119152542372881,1,0
"9586","No","Female",-0.068,8.603,0.621152542372881,"Catholic",-0.689152542372881,1,0
"9586","No","Female",0.882,16.553,0.621152542372881,"Catholic",0.260847457627119,1,0
"9586","No","Female",1.282,18.329,0.621152542372881,"Catholic",0.660847457627119,1,0
"9586","No","Female",0.112,24.993,0.621152542372881,"Catholic",-0.509152542372881,1,0
"9586","No","Female",0.952,4.244,0.621152542372881,"Catholic",0.330847457627119,1,0
"9586","No","Female",0.922,7.759,0.621152542372881,"Catholic",0.300847457627119,1,0
"9586","No","Female",0.362,18.487,0.621152542372881,"Catholic",-0.259152542372881,1,0
"9586","No","Female",1.302,18.519,0.621152542372881,"Catholic",0.680847457627119,1,0
"9586","No","Female",0.512,11.949,0.621152542372881,"Catholic",-0.109152542372881,1,0
"9586","No","Female",0.602,4.021,0.621152542372881,"Catholic",-0.0191525423728814,1,0
"9586","No","Female",1.212,15.26,0.621152542372881,"Catholic",0.590847457627119,1,0
"9586","No","Female",1.022,22.78,0.621152542372881,"Catholic",0.400847457627119,1,0
"9586","Yes","Female",1.612,20.967,0.621152542372881,"Catholic",0.990847457627119,1,0
"9586","No","Female",1.512,20.402,0.621152542372881,"Catholic",0.890847457627119,1,0
"9586","No","Female",-0.038,14.794,0.621152542372881,"Catholic",-0.659152542372881,1,0
"9586","No","Female",1.332,19.641,0.621152542372881,"Catholic",0.710847457627119,1,0
"9586","No","Female",-0.008,16.241,0.621152542372881,"Catholic",-0.629152542372881,1,0
"9586","No","Female",0.792,22.733,0.621152542372881,"Catholic",0.170847457627119,1,0
